Source,Target,MappedRelation,Circuit,Weight,Confidence,Score,RawRelations,SourceType,TargetType,Books,Evidence
aden,salt,supplies,Commodity circuits,2.0,0.8,8.2986,supplies,CONCEPT,COMMODITY,Salt_Industry_India,"During recent years the quantities coming to the Calcutta market have been about 17 Lakh maunds per annumf Salt was imported all the year 'round. | About 1935 in Bengal salt was imported only from Germany (Hamburg), Aden and Indian sources."
aden,india,trades_with,Commodity circuits,1.0,0.8,3.9931,trades_with,CONCEPT,LOCATION,Salt_Industry_India,Aden salt was manufactured from sea water by solar evaporation and imported either in Karkutch or fine form; it headed the list of salts imported into Bengal in 1914-15 and in 1917-18 was second on the list both in Bengal and Burma.
agricultural class,salt manufacture,depends_on,Commodity circuits,1.0,0.9,3.9931,depends_on,CONCEPT,COMMODITY,Salt_Industry_India,"The principal vocation of the agricultural class here is salt manufacture and except this area, manufacture of salt in Madras Region is in a large measure subsidiary to agriculture."
amdo tibetans,chinese world of gansu and northern sichuan,trades_with,Commodity circuits,1.0,0.9,3.7931,trades_with,GROUP,LOCATION,Santiago_Lazcano,The Chinese and Muslims of Amdo acted as intermediaries between the Amdowa Tibetans and the Chinese world of Gansu and northern Sichuan.
amdowa tribes,salt,supplies,Commodity circuits,1.0,0.8,7.8431,supplies,GROUP,COMMODITY,Santiago_Lazcano,"In the past many Amdowa tribes had their salt station or tshwa sgo on the shores of Lake Wu yi tshwa mtsho (Lake Tsaka). There they burned bsang and sprinkled water from the lake skyward to venerate the 1,000 female deities believed inhab-"
"assam, manipur and tripura",calcutta,trades_with,Commodity circuits,1.0,0.8,3.6431,trades_with,CONCEPT,CONCEPT,Salt_Industry_India,These States get their supplies mainly from Calcutta.
assistant commissioner of nyoma,agreement between kharnak and rupshu,governs,Political economy,1.0,0.0,1.0931,governs,LOCATION,CONCEPT,Rupshu,
astor,irrigation,depends_on,Commodity circuits,1.0,0.8,3.6931,depends_on,CONCEPT,CONCEPT,J&K_Gazatteer_1909,"Cultivation is carried on to an elevation of 9,000 feet. It depends entirely on irrigation by little channels known as KuL"
baltistan,dried apricots,trades_with,Commodity circuits,1.0,0.0,1.0931,trades_with,LOCATION,COMMODITY,Ladakh,
bathang,tsakalho,governs,Political economy,1.0,0.8,3.6431,governs,LOCATION,LOCATION,Santiago_Lazcano,By the end of the 19th century Tsakalho was included in the territory of the Bathang 'principality'.
begar,europeans,transports_via,Route/place circuits,1.0,0.0,1.1931,transports_via,CONCEPT,GROUP,Becoming_India,
bengal market,salt,supplies,Commodity circuits,1.0,0.8,7.8431,supplies,LOCATION,COMMODITY,Salt_Industry_India,"Salt; is now supplied Bengal market from Saurashtra Ports, such as Jamnaiar, Porl3andar, Navalakhi, Bhavnagar, etcj and Tuticorin."
bethus,rana,trades_with,Commodity circuits,1.0,0.0,1.1431,trades_with,PERSON,GROUP,Becoming_India,
bethus,"10,000 maunds of wood annually",transports_via,Route/place circuits,1.0,0.0,1.1431,transports_via,PERSON,COMMODITY,Becoming_India,
board of revenue,salt department,controls,Political economy,1.0,0.8,3.8931,controls,CONCEPT,COMMODITY,Salt_Industry_India,In the times of the East India Company the Board of Revenue controlled the Salt Department.
bombay,salt,supplies,Commodity circuits,1.0,0.8,7.8431,supplies,CONCEPT,COMMODITY,Salt_Industry_India,"The manufacturers wish to clear their old salt before the new salt comes on the platform as once the new salt comes, there is no demand for the old salt."
bombay salt merchants and shilotries association,salt production,controls,Political economy,1.0,0.8,3.7931,controls,GROUP,COMMODITY,Salt_Industry_India,it is also to a certain extent controlled by the Bombay Salt Merchants and Shilotries Association by fixing the date for the commencement of the season...
bombay sea salt works,calcutta,trades_with,Commodity circuits,1.0,0.8,3.6431,trades_with,COMMODITY,CONCEPT,Salt_Industry_India,Salt used to be transported from Bombay sea salt works to Calcutta towards the end of the fair season in steamers which were late for the cotton trade from Bombay to Liverpool.
bombay state,12 lakh maunds of salt,supplies,Commodity circuits,1.0,0.8,3.4931,supplies,LOCATION,COMMODITY,Salt_Industry_India,According to the 1955 Zonal Scheme Bombay State is expected to receive 12 lakh maunds...
brine,evaporation,depends_on,Commodity circuits,1.0,0.9,4.5931,depends_on,CONCEPT,CONCEPT,Salt_Industry_India,the evaporation of brine.
brine,crystallizing beds,extracts_from,Commodity circuits,1.0,0.8,4.2931,extracts_from,CONCEPT,CONCEPT,Salt_Industry_India,The brine which was admitted into the crystallizing beds was only the amount which was sufficient to cover the ground...
brine,lake bed,extracts_from,Commodity circuits,1.0,0.9,4.5931,extracts_from,CONCEPT,LOCATION,Salt_Industry_India,"When the brine of the lake reached a high specific gravity and began to recede towards the centre, it was enclosed within sections of the lake bed by means of rough retaining walls U- feet to 2 feet in height, built of double lines of stake lined with grass."
brine,calcium sulphate,supplies,Commodity circuits,1.0,0.8,4.2931,supplies,CONCEPT,CONCEPT,Salt_Industry_India,the brine does not get a chance to deposit its calcium sulphate content in the sub-soil before entering the pit.
brine,factories,supplies,Commodity circuits,1.0,0.8,4.2931,supplies,CONCEPT,CONCEPT,Salt_Industry_India,The supply of brine gets depleted in some of the factories...
brine,fresh supplies of brine,supplies,Commodity circuits,1.0,0.8,4.2931,supplies,CONCEPT,CONCEPT,Salt_Industry_India,'Fresh supplies of brine too were admitted.'
british,"village sites or farmlands, local pastures or forests",disputes,Political economy,1.0,0.0,1.2931,disputes,GROUP,LOCATION,Becoming_India,
british,entire border with the sikh territories,governs,Political economy,1.0,0.0,1.2931,governs,GROUP,LOCATION,Becoming_India,
british,cumbersome system of administration,negotiates_with,Political economy,1.0,0.0,1.2931,negotiates_with,GROUP,CONCEPT,Becoming_India,
british,popular refusals to accept rules,trades_with,Commodity circuits,1.0,0.0,1.2931,trades_with,GROUP,CONCEPT,Becoming_India,
british capital,raw material and captive markets for emergent industries,trades_with,Commodity circuits,1.0,0.0,1.0931,trades_with,COMMODITY,LOCATION,Becoming_India,
british government,salt works of jhajjar and faitukh-iiagar,controls,Political economy,1.0,0.9,4.1431,controls,GROUP,COMMODITY,Salt_Industry_India,"After the Mutiny in 1857, when the British Government annexed the lands of Jhajjar and Faithulk-iigar, the salt works which belonged to the Nawab came under their control."
british government,india,governs,Political economy,1.0,0.85,4.4431,governs,GROUP,LOCATION,Salt_Industry_India,The British Government issued orders in 1884 reducing the duty from 10 to 6 annas a maund.
british government,jodhpur government,governs,Political economy,1.0,0.9,4.1931,governs,GROUP,GROUP,Salt_Industry_India,The British Govern-ment shall give notice to the Government of Jodhpur...
british government,manufacture of salt,governs,Political economy,1.0,0.9,4.1431,governs,GROUP,COMMODITY,Salt_Industry_India,"...Government shall actually assume ..charge, of' the, manufacture.'of 'Salt,'..."
british government,trade,governs,Political economy,1.0,0.6,3.2931,governs,GROUP,GROUP,Memo_Relations_with_Tibet,All British subjects were to be allowed to go there to trade and the British Government were to be free to send officers to reside at Yatun to watch the condition of British trade there.
british government,salt to the north western provinces,supplies,Commodity circuits,1.0,0.8,3.8431,supplies,GROUP,COMMODITY,Salt_Industry_India,For many years this was one of the principal sources which supplied salt to the North Western Provinces.
british government,one lakh 'company' rupees every year,taxes,Political economy,1.0,0.0,1.4431,taxes,GROUP,CONCEPT,Becoming_India,
british government,salt,taxes,Political economy,1.0,0.8,8.1931,taxes,GROUP,COMMODITY,Salt_Industry_India,"By the terms of the agreement, salt on which duty had been levied by the British Government was the only salt which might be consumed in the State."
british india steani navigation company's coastal vessels,salt,transports_via,Route/place circuits,1.0,0.8,7.8431,transports_via,COMMODITY,COMMODITY,Salt_Industry_India,"Part cargoes from Indian ports were carried by the British India Steani Navigation Company’s coastal vessels, while tramp steamers called in at Aden and the Western India Ports."
british officers,the west himalayas,transports_via,Route/place circuits,1.0,0.0,1.0931,transports_via,GROUP,LOCATION,Becoming_India,
british official,state,licenses,Political economy,1.0,0.85,3.8931,licenses,PERSON,LOCATION,J&K_Gazatteer_1909,"A redistribution of the old assessments on a more equi-table principle, and a summary revision where the assessments were obviously too high or unnecessarily light, have recently been carried out by a British official lent to the State."
british rule,with the emergent indian nation,supplies,Commodity circuits,1.0,0.0,1.0931,supplies,CONCEPT,LOCATION,Becoming_India,
british system,salt,taxes,Political economy,1.0,0.8,7.8431,taxes,CONCEPT,COMMODITY,Salt_Industry_India,"even the salt he must use to live is so taxed as to make the burden fall heaviest on him, if only because of the heartless impartiality of its incidence."
british traders,tibetans,trades_with,Commodity circuits,1.0,0.8,4.4431,trades_with,GROUP,GROUP,Memo_Relations_with_Tibet,By this we give the Tibetans a chance of exchanging their surplus raw produce for manufactured goods of which they stand in need.
buddhist devotees,tsakalho,trades_with,Commodity circuits,1.0,0.8,3.5931,trades_with,GROUP,LOCATION,Santiago_Lazcano,"As we have seen in other cases also here the trade benefited from the passage of pilgrims who came to the area. Buddhist devotees arrived from all over Tibet ready to perform the kora or ritual circumambulation of the sacred Kawa Karpo Mountain, and would take the opportunity to acquire the renowned Tsakalho salt."
calcutta,"assam, north bihar, south bihar, west bengal, manipur, tripura, nepal and bhuttan",supplies,Commodity circuits,1.0,0.8,3.6431,supplies,CONCEPT,LOCATION,Salt_Industry_India,"Calcutta supplies several areas, such as, Assam, North Bihar, South Bihar, West Bengal, Manipur, Tripura, Nepal and Bhuttan."
cattle,salt,depends_on,Commodity circuits,1.0,0.8,7.8931,depends_on,CONCEPT,COMMODITY,Salt_Industry_India,A liberal use of salt for cattle saves them from disease and improves their constitution.
central government,"indian railways act, 1890",governs,Political economy,1.0,0.9,3.8431,governs,GROUP,LOCATION,Salt_Industry_India,"the Government had to amend the Indian Railways Act, 1890 suitably..."
central government,salt,supplies,Commodity circuits,1.0,0.8,7.8931,supplies,GROUP,COMMODITY,Salt_Industry_India,"The Central Government took over the responsibility of manufacture, supply and distribution of salt and gave an undertaking to the State Government that they would not interfere with the arrangements the State Government had made with the licensees as regards payment of rent and royalty in cash or in kind."
central store,salt,depends_on,Commodity circuits,1.0,0.9,8.1431,depends_on,CONCEPT,COMMODITY,Salt_Industry_India,"The storage allows salt slopes of 1 to 1 storage up to ten feet from, the edge of the platform..."
chamdo,china,trades_with,Commodity circuits,1.0,0.8,3.9431,trades_with,LOCATION,LOCATION,Report_On_Tibet_1903,At Chamdo there are several Chinese merchants and all the Chinese officials trade freely on their own account.
champas,the salt from this place,extracts_from,Commodity circuits,1.0,0.0,1.0931,extracts_from,GROUP,COMMODITY,Rupshu,
chang-luk sheep,coarse wool,supplies,Commodity circuits,1.0,0.0,1.1431,supplies,COMMODITY,COMMODITY,Ladakh,
chang-luk sheep,meat,supplies,Commodity circuits,1.0,0.0,1.1931,supplies,COMMODITY,COMMODITY,Ladakh,
chang-pa,salt,extracts_from,Commodity circuits,1.0,0.0,5.4931,extracts_from,GROUP,COMMODITY,Ladakh,
chang-pa,thousands and thousands of sheep,transports_via,Route/place circuits,1.0,0.0,1.1431,transports_via,GROUP,COMMODITY,Ladakh,
chang-pa goats,"pashm, or 'cashmere",supplies,Commodity circuits,1.0,0.0,1.0931,supplies,COMMODITY,COMMODITY,Ladakh,
chasralu,mahasu,disputes,Political economy,1.0,0.0,1.1431,disputes,LOCATION,LOCATION,Becoming_India,
chiefs of patdi and jhinjuvada,salt,supplies,Commodity circuits,1.0,0.9,8.1431,supplies,CONCEPT,COMMODITY,Salt_Industry_India,"Salt was issued free of duty in limited quantities for domestic consumption to the States of Radhanpur, Patdi and Jhinjuvada..."
china,kam,controls,Political economy,1.0,0.8,3.9431,controls,LOCATION,CONCEPT,Report_On_Tibet_1903,during the last two centuries China has been continually encroaching upon this region and ever since she succeeded in establishing a paramount influence at Lhasa has been gradually absorbing as much as possible of the border country.
china,chamdo,governs,Political economy,1.0,0.95,4.3931,governs,LOCATION,LOCATION,Report_On_Tibet_1903,Chamdo lower down the stream is a large district described as an ecclesiastical fief under the rule of a high dignitary of the Ovrlukpa sect of Buddhism who is termed the Fa-pa-lha. ('Chamdo appears to be a recognised dependency of China rather than of Lhasa.
china,lhasa,governs,Political economy,1.0,0.9,4.3431,governs,LOCATION,LOCATION,Memo_Relations_with_Tibet,the Chinese Amban rebuked the Regent at Lhasa for admitting him into the country...
china,tea,trades_with,Commodity circuits,1.0,0.0,1.6431,trades_with,LOCATION,COMMODITY,Ladakh,
chinese,tibetans,controls,Political economy,1.0,0.8,4.4931,controls,CONCEPT,GROUP,Memo_Relations_with_Tibet,The truth seems to be that both the Chinese and the Tibetans only make use of each other when they have need the one of the other.
chinese,tibetan delegates,negotiates_with,Political economy,1.0,0.8,3.5431,negotiates_with,CONCEPT,LOCATION,Memo_Relations_with_Tibet,The Chinese delegate here now is most anxious to commence negotiations at Khamba Jon& but the Tibetan delegates obstinately assert that they will negotiate nowhere but at Cagong.
chinese authorities,salt,licenses,Political economy,1.0,0.0,5.4431,licenses,GROUP,COMMODITY,Salt_routes_and_barter_caravans_in_the_H,
chinese emperor,dalai lama,negotiates_with,Political economy,1.0,0.9,3.9931,negotiates_with,CONCEPT,PERSON,Memo_Relations_with_Tibet,he immediately opened negotiations with the Dali Lama at Lhasa and succeeded in inducing him to use all his influence...
chinese government,salt from the lakes in trucks,transports_via,Route/place circuits,1.0,0.0,1.0931,transports_via,GROUP,COMMODITY,Rupshu,
civilisational centres,"marginal, oppressed people",governs,Political economy,1.0,0.0,1.0931,governs,LOCATION,GROUP,Becoming_India,
"collector of central excise, delhi",sambhar registered traders,governs,Political economy,1.0,0.8,3.5431,governs,CONCEPT,GROUP,Salt_Industry_India,"In January 1946, the Collector of Central Excise, Delhi, decided in concurrence with the United Provinces Government to allow the four companies of registered traders at Sambhar, to place indents on requisitions received from the nominees by the 15th day of the month preceding the one to which the nominees' quota related."
colonial state,of this historical stage,governs,Political economy,1.0,0.0,1.0931,governs,LOCATION,CONCEPT,Becoming_India,
concessionaire firms,salt,supplies,Commodity circuits,1.0,0.8,7.8431,supplies,CONCEPT,COMMODITY,Salt_Industry_India,Salt was also issued at concession rate to the refinery at Lahore (now in Pakistan).
concessionaires,salt,controls,Political economy,1.0,0.9,8.1431,controls,CONCEPT,COMMODITY,Salt_Industry_India,The concessionaires were required to keep the salt in a securely constructed store room fitted with a strong door capable of being locked...
condenser,brine,controls,Political economy,1.0,0.9,4.5931,controls,CONCEPT,CONCEPT,Salt_Industry_India,The supply of brine to the condensing areas is controlled by sluices in many instances...
consumers,grain for salt,trades_with,Commodity circuits,1.0,0.0,1.0931,trades_with,GROUP,COMMODITY,HUMLA_NEPAL,
dal lake,cultivator,supplies,Commodity circuits,1.0,0.8,3.4931,supplies,LOCATION,COMMODITY,J&K_Gazatteer_1909,"Around the demlb plot run little water-channels from the lake, so that moisture is always present ; and on the demb a great variety of crops is raised."
dalai lama,tibetan government,governs,Political economy,1.0,0.8,3.7431,governs,PERSON,GROUP,Memo_Relations_with_Tibet,The Dalai Lama has conceded to the Russian Government the right to have a Consular Officer in Tibet...
dalai lama,tibetans,governs,Political economy,1.0,0.8,4.6431,governs,PERSON,GROUP,Memo_Relations_with_Tibet,"and that they have been able to keep themselves together in a compact nation, acting in unfaltering obedience to the Dalai Lama..."
dalai lama,russia,trades_with,Commodity circuits,1.0,0.8,3.8931,trades_with,PERSON,CONCEPT,Memo_Relations_with_Tibet,"The offices and attributes of a Dalai Lama were more or less of a Buddhist pontiff, who was understood, even revered by the Buddhists, ol whom there was a very large number in the Russian Empire."
deities,political arrangements within the clan or devotional community,governs,Political economy,1.0,0.0,1.1431,governs,CONCEPT,GROUP,Becoming_India,
deities,relations between the state and its subjects,negotiates_with,Political economy,1.0,0.0,1.1431,negotiates_with,CONCEPT,LOCATION,Becoming_India,
deldan,aurangzeb,negotiates_with,Political economy,1.0,0.0,1.1431,negotiates_with,PERSON,PERSON,Ladakh,
deldan,tibetan authorities,negotiates_with,Political economy,1.0,0.0,1.1931,negotiates_with,PERSON,GROUP,Ladakh,
derge,china,trades_with,Commodity circuits,1.0,0.8,3.8931,trades_with,CONCEPT,LOCATION,Report_On_Tibet_1903,Derge is the capital of one of the richest agricultural and manufacturing regions of Tibet and does a brisk trade with China.
dhrangadhra chemical works,government,supplies,Commodity circuits,1.0,0.8,4.8931,supplies,CONCEPT,GROUP,Salt_Industry_India,Out of this production the Dhrangadhra Chemical Works consumed about 7 lakh maunds and a quantity ranging from 3 to 6*5 lakli maunds was purchased by Government.
dhrangadhra salt merchants' association,salt,supplies,Commodity circuits,1.0,0.8,7.8431,supplies,GROUP,COMMODITY,Salt_Industry_India,"The Saurashtra Government was to sell salt surplus to their own requirements of the Chemical Works to certain merchants, of Dhrangadhra who had formed themselves into 'The : Dhrangadhra Salt Merchants' Association'"
dhrangadhra zone,salt,supplies,Commodity circuits,1.0,0.9,8.1431,supplies,CONCEPT,COMMODITY,Salt_Industry_India,"The Dhrangadhra zone under the Zonal scheme consists of Kuda, Jesda, Maliya, Vanasar, Haivad and other inland licensed salt works in Saurashtra."
didwana,sub-standard salt,supplies,Commodity circuits,1.0,0.8,3.5431,supplies,CONCEPT,COMMODITY,Salt_Industry_India,"All hide and skin industries and approved agents who supply salt to soap, hide arid skin and other small industries should be allotted quota of sub- standard salt only from Didwana."
didwana salt,glass manufacture,supplies,Commodity circuits,1.0,0.8,3.5931,supplies,COMMODITY,CONCEPT,Salt_Industry_India,Sodium sulphate is used in large quantities in the manufacture of glass and kraft paper.
didwana salt,paper mills,supplies,Commodity circuits,1.0,0.8,3.5931,supplies,COMMODITY,CONCEPT,Salt_Industry_India,"During the last 30 years about 30 lakh maunds of sodium sulphate have been excavated and supplied to paper mills, etc."
didwana salt,textile industry,supplies,Commodity circuits,1.0,0.8,3.6431,supplies,COMMODITY,CONCEPT,Salt_Industry_India,Sodium sulphate is also used for making water-glass and in the dyeing and the textile industry.
dolpo,china and tibet,trades_with,Commodity circuits,1.0,0.0,1.1431,trades_with,LOCATION,LOCATION,Salt_routes_and_barter_caravans_in_the_H,
dolpo,grain,trades_with,Commodity circuits,1.0,0.0,1.1431,trades_with,LOCATION,COMMODITY,Salt_routes_and_barter_caravans_in_the_H,
dominant village community,servile groups,governs,Political economy,1.0,0.0,1.1931,governs,GROUP,GROUP,Becoming_India,
drogpa,tea,transports_via,Route/place circuits,1.0,0.0,1.2431,transports_via,GROUP,COMMODITY,Salt_routes_and_barter_caravans_in_the_H,
drokpas,bhotias,trades_with,Commodity circuits,1.0,0.85,3.6431,trades_with,GROUP,GROUP,Santiago_Lazcano,"Once they arrived in the last villages before the border, the Drokpas exchanged their merchandise with people who arrived from the other side of the pass bringing the desired products from the south: vegetables, sugar, and especially barley, corn and wheat."
east india company,salt manufacturing on coromandel coast,controls,Political economy,1.0,0.8,3.5431,controls,LOCATION,COMMODITY,Salt_Industry_India,"In 1802, the East India Company reserved to itself the exclusive right of manufacturing salt on the Coromandel Coast..."
east india company,saltpetre trade,monopolizes,Political economy,1.0,0.9,3.8431,monopolizes,LOCATION,COMMODITY,Salt_Industry_India,For long the trade was carried on as a monopoly by the East India Company
europe,manufactured goods,trades_with,Commodity circuits,1.0,0.0,1.1431,trades_with,LOCATION,COMMODITY,Ladakh,
every villager,salt,depends_on,Commodity circuits,1.0,0.8,7.8431,depends_on,LOCATION,COMMODITY,Salt_Industry_India,Every villager who went to the mines to purchase salt was called upon to work there for a day.
farmers from lower ladakh (or sham),"apricots, grain, walnuts, and white radish to trade for salt",transports_via,Route/place circuits,1.0,0.0,1.0931,transports_via,LOCATION,COMMODITY,Rupshu,
farodi,salt,supplies,Commodity circuits,1.0,0.85,8.0431,supplies,CONCEPT,COMMODITY,Salt_Industry_India,"The Farodi when he has provided himself with a register in which he is required to enter his daily sales, has his salt weighed for removal to the place where it may be stored and retailed by him."
fish merchants,salt department,negotiates_with,Political economy,1.0,0.8,3.8931,negotiates_with,GROUP,COMMODITY,Salt_Industry_India,"Some fish merchants in the Thana and Surat districts were, however, granted the concession, on certain conditions, of using duty-free salt for curing catches of fish at sea made on the Kathiawar and Kutch Coasts."
forest settlements,and gave responsibility for their management to the forest department,governs,Political economy,1.0,0.0,1.0931,governs,LOCATION,LOCATION,Becoming_India,
fragile mountain ecologies,on some of the popular trekking trails,transports_via,Route/place circuits,1.0,0.0,1.0931,transports_via,LOCATION,LOCATION,Ladakh,
frederic drew,ladakh,governs,Political economy,1.0,0.0,1.4931,governs,PERSON,LOCATION,Ladakh,
garu,tibetan countries in its neighbourhood,taxes,Political economy,1.0,0.0,1.1431,taxes,LOCATION,LOCATION,Gutenberg_EBook,
general manager,farodi,licenses,Political economy,1.0,0.9,3.8431,licenses,CONCEPT,CONCEPT,Salt_Industry_India,Having got a licence he deposits into an authorised treasury or sub-treasury the charges on the quantity of salt he requires...
germany,salt,supplies,Commodity circuits,1.0,0.8,7.8431,supplies,CONCEPT,COMMODITY,Salt_Industry_India,"About 1935 in Bengal salt was imported only from Germany (Hamburg), Aden and Indian sources."
gg,salt,trades_with,Commodity circuits,1.0,0.8,7.8431,trades_with,CONCEPT,COMMODITY,J&K_Gazatteer_1909,"Salt, increasing importation of, Gg, 71..."
golahs,storage and handling of salt,governs,Political economy,1.0,0.9,3.8431,governs,CONCEPT,COMMODITY,Salt_Industry_India,"All charges are recovered direct from bonders and merchants and the department is saved all the work, worry and accounting that would otherwise result."
golahs,salt,supplies,Commodity circuits,2.0,0.85,8.4486,supplies,CONCEPT,COMMODITY,Salt_Industry_India,"The facilities are: — A foreshore of 1057 feet along which are 8 pontoons and 18 gangways for the landing and delivery of salt coming into bond and being despatched to reverain stations. | The salt was taken up from the hold stored on deck, and shovelled into 2 maund tubs and weighed."
goloks,kyaring tso and ngoring tso,extracts_from,Commodity circuits,1.0,0.8,3.6931,extracts_from,CONCEPT,CONCEPT,Santiago_Lazcano,"The Kyaring tso and Ngoring tso, from which the Goloks obtained salt, are not strictly saltwater lakes, but salt is found along their banks. This is enough to be considered by Tibetans as tsaka."
goloks,tsam tso lake,extracts_from,Commodity circuits,1.0,0.9,3.9931,extracts_from,CONCEPT,LOCATION,Santiago_Lazcano,"These hardy nomads also extracted salt from Tsam tso Lake (now in the process of disappearing) and traded it for wood, sap and pine resin with traders from northwestern Sichuan."
goloks,salt,monopolizes,Political economy,1.0,0.0,5.6431,monopolizes,CONCEPT,COMMODITY,Santiago_Lazcano,"According to Grenard, the Goloks also collected salt from the twin lakes Kyaring tso and Ngoring tso and exercised 'a lucrative trade, for they make sure of a monopoly in it through the terror with which they inspire their neighbours'."
goloks,merchants of kan-su and se-chuan,trades_with,Commodity circuits,1.0,0.8,3.6931,trades_with,CONCEPT,GROUP,Report_On_Tibet_1903,"They are also carriers, and as such intermediaries between the merchants of Kan-su and Se-chuan and of eastern Tibet."
goloks,traders from northwestern sichuan,trades_with,Commodity circuits,1.0,0.9,3.9931,trades_with,CONCEPT,GROUP,Santiago_Lazcano,"These hardy nomads also extracted salt from Tsam tso Lake (now in the process of disappearing) and traded it for wood, sap and pine resin with traders from northwestern Sichuan."
gorkhas,tibet,disputes,Political economy,1.0,0.8,4.5431,disputes,CONCEPT,LOCATION,Santiago_Lazcano,The poor quality of the imported salt (being mixed with sand) was even one of the excuses of the Gorkhas to declare war on Tibet in the late 18th century.
government,imports of salt into bengal,controls,Political economy,1.0,0.9,5.1931,controls,GROUP,COMMODITY,Salt_Industry_India,"The immediate assumption of the control of the imports of salt into Bengal by the Government, which was to buy all the salt and sell it at standard rates."
government,madras salt depot,controls,Political economy,1.0,0.8,4.8931,controls,GROUP,COMMODITY,Salt_Industry_India,The Madras Salt Depot situated on the Buckingham Canal in the northern part of the city at Tondiarpet which was the storage ground for all salt of the Ennore factories was closed in 1936.
government,salt pans,controls,Political economy,1.0,0.9,5.2431,controls,GROUP,COMMODITY,Salt_Industry_India,"The pans of such of the licensees, who do not work their pans for two consecutive seasons will be resumed by Government and the right to manufacture salt is either to be conferred on the adjacent pan-holders or put up to auction."
government,model salt farm,governs,Political economy,1.0,1.0,5.4931,governs,GROUP,COMMODITY,Salt_Industry_India,In Bombay a Model Salt Farm is being worked by Government since 1950 to demonstrate the correct methods of manufacturing salt to private manufacturers.
government,salt,governs,Political economy,1.0,0.9,9.5431,governs,GROUP,COMMODITY,Salt_Industry_India,The fact that the Government is precluded from deriving profit from the purchase and sale of salt...
government,salt excise,governs,Political economy,1.0,0.8,4.8931,governs,GROUP,COMMODITY,Salt_Industry_India,"Rao Bahadur Maneklal Lallubhai, OBE., the then Collector of Salt Excise, Bombay, that the bitterns from the salt pans at Kliaraghoda, so rich in magnesium salts, would be a fruitful source of meeting the deficiency of the vital chemical required for cloth sizing by textile mills."
government,salt labour,governs,Political economy,1.0,0.8,4.8931,governs,GROUP,COMMODITY,Salt_Industry_India,"It was considered that steps in this direction should be taken, side by side with the steps for improvement of the quality of salt."
government,salt manufacturing,governs,Political economy,1.0,0.8,4.9931,governs,GROUP,COMMODITY,Salt_Industry_India,The allottee is issued a license to manufacture salt under the Modified Excise System and the lease concluded.
government,salt production,governs,Political economy,1.0,0.8,5.1931,governs,GROUP,COMMODITY,Salt_Industry_India,"The regular and seasonal workers are employed generally in the workshop, power house and at pumps etc."
government,salt works in gujerat,governs,Political economy,1.0,0.9,5.1931,governs,GROUP,COMMODITY,Salt_Industry_India,"Throughout Gujerat, there therefore, the salt works and the salt itself when manufactured belonged to Government."
government,the mandi salt mines,governs,Political economy,1.0,0.9,5.1931,governs,GROUP,COMMODITY,Salt_Industry_India,The Government have also sanctioned appropriate establishment for the running and maintenance of these machines.
government,vedaranyam,governs,Political economy,1.0,0.8,4.8931,governs,GROUP,CONCEPT,Salt_Industry_India,if it was considered by the Government to develop this swamp under its auspices.
government,co-operative society of villagers,licenses,Political economy,1.0,0.9,5.1931,licenses,GROUP,GROUP,Salt_Industry_India,A Co-operative Society of villagers has also been licensed for purposes of sale of the spontaneous salt at the Dandi Sea Ford...
government,dhrangadhra salt,licenses,Political economy,1.0,0.9,5.1931,licenses,GROUP,COMMODITY,Salt_Industry_India,"That Government agreed to Dhrangadhra, increasing the output of salt..."
government,import salt,licenses,Political economy,1.0,0.8,4.8931,licenses,GROUP,COMMODITY,Salt_Industry_India,Licences to import salt should be issued freely and the quantity should be shipped as early as possible;
government,messrs manickom naidu company of madras,licenses,Political economy,1.0,0.8,4.8931,licenses,GROUP,LOCATION,Salt_Industry_India,A licence was also granted this year for the manufacture of salt to Messrs Manickom Naidu Company of Madras and they began operations at Rajakkamangalam.
government,private individuals,licenses,Political economy,1.0,0.8,4.8931,licenses,GROUP,CONCEPT,Salt_Industry_India,"About this time, Government transferred its right of share in the Govern-ment salt pans by sale in favour of private individuals."
government,salt manufacturers,licenses,Political economy,1.0,0.8,4.9931,licenses,GROUP,COMMODITY,Salt_Industry_India,Payment made by Govt. to salt manufacturers under the Monopoly system in the Madras Region.
government,the pioneer magnesia works,licenses,Political economy,1.0,0.8,4.8931,licenses,GROUP,CONCEPT,Salt_Industry_India,"after inviting tenders entrusted the work on a royalty basis to a new company The Pioneer Magnesia Works, of which the late Sir Rustom J."
government,traders,licenses,Political economy,1.0,0.8,5.0931,licenses,GROUP,GROUP,Salt_Industry_India,"Trade was thrown open to all persons who chose to indent for salt on payment of duty, cost price etc. in any Government Treasury."
government,salt manufacture,monopolizes,Political economy,1.0,0.85,5.2431,monopolizes,GROUP,COMMODITY,Salt_Industry_India,Warren Hastings was driven to tighten up the reins of salt administration and adopt the monopoly of manufacture.
government,contractors,supplies,Commodity circuits,1.0,0.8,4.8931,supplies,GROUP,CONCEPT,Salt_Industry_India,the pots required being supplied to the contractors by Government.
government,electricity,supplies,Commodity circuits,1.0,0.9,5.1931,supplies,GROUP,LOCATION,Salt_Industry_India,Electricity is supplied free of charge by the Government.
government,salt,supplies,Commodity circuits,1.0,0.85,9.3931,supplies,GROUP,COMMODITY,Salt_Industry_India,"Supplies from Government salt works at Sambhar, Pachbadra, Didwana and Kharaghoda continued to be made by the Registered dealers appointed by the Government for the purpose through the State Government nominees either appointed under their respective Control Orders or executive orders issued by them."
government,salt duty-free,supplies,Commodity circuits,1.0,0.8,4.8931,supplies,GROUP,COMMODITY,Salt_Industry_India,it was decided in 1875-76 to supply salt duty-free at a little over cost price for curing fish
government,salt manufacturers,supplies,Commodity circuits,1.0,0.7,4.6931,supplies,GROUP,COMMODITY,Salt_Industry_India,"Under this system, called the Modified Excise System, Government incurred no expenditure except on preventive staff."
government,salt,taxes,Political economy,2.0,0.85,9.7986,taxes,GROUP,COMMODITY,Salt_Industry_India,"In 1835-36 private individuals manufactured salt in Bihar, but the salt had to be sold to Government. | A duty was levied on the produce of some private salt works..."
government (of madras),salt,monopolizes,Political economy,1.0,0.8,7.8431,monopolizes,GROUP,COMMODITY,Salt_Industry_India,This -salt was consumed by the poorer classes. The Government salt monopoly was created in 1805.
government (united states of saurashtra),works (maliya salt works),licenses,Political economy,1.0,0.8,3.5931,licenses,GROUP,COMMODITY,Salt_Industry_India,...the administration of salt came under their control...
government agencies,salt,trades_with,Commodity circuits,1.0,0.8,7.8431,trades_with,GROUP,COMMODITY,Salt_Industry_India,The supply of the salt required for consumption in the State was obtained partly from factories and partly by import and sold through Government agencies excepting at Munambam salt depot where a contractor was engaged for transport and supply of salt.
government of bombay,salt exports,taxes,Political economy,1.0,0.7,3.1931,taxes,GROUP,COMMODITY,Salt_Industry_India,The underlying spirit of the concession was to benefit the poorer classes and not persons carrying on organised manufacture of or regular trade in salt.
government of india,quality of salt manufactured by small scale concessionaires,controls,Political economy,1.0,0.95,4.7931,controls,GROUP,COMMODITY,Salt_Industry_India,The Government of India have recently announced their decision of exercising similar control on the quality of salt manufactured even by small scale concessionaires operating in areas less than 10 acres each.
government of india,salt mines,controls,Political economy,1.0,0.9,4.7931,controls,GROUP,COMMODITY,Salt_Industry_India,The Salt Mines were transferred to the Government of India on 1st April 1950.
government of india,commission,governs,Political economy,1.0,0.85,4.4931,governs,GROUP,CONCEPT,Memo_Relations_with_Tibet,the representation of the Tibetan Government on the Commission
government of india,salt administration in rajputana salt sources,governs,Political economy,1.0,0.9,4.6431,governs,GROUP,COMMODITY,Salt_Industry_India,"As regards salt administration in Rajputana Salt Sources, there was no change as the old system of control of these salt sources continued."
government of india,salt administration in the country,governs,Political economy,1.0,0.9,4.6431,governs,GROUP,COMMODITY,Salt_Industry_India,"The Government of India appointed a Salt Committee under their Resolution No. dated 11th August, 1903 (Finance and Commerce Department) to enquire into the question of salt administration in the country besides other aspects of the Salt Industry."
government of india,salt department,governs,Political economy,1.0,0.9,5.0431,governs,GROUP,COMMODITY,Salt_Industry_India,"The establishment charges of the Salt Department, including the cost of Watch and Ward staff posted by the Department for guarding salt works."
government of india,system of registration of dealers at sambhar and kharaghoda,governs,Political economy,1.0,0.9,4.6431,governs,GROUP,CONCEPT,Salt_Industry_India,"The Govern-ment, of - India accepted the recommendation of the Salt Advisory Committee and ordered that with effect from 28-4A950 the system of registration of dealers at Sambhar and Kharaghoda by Government for the purpose of allotment of quota of wagons should be abolished..."
government of india,tibet,governs,Political economy,1.0,0.8,5.3931,governs,GROUP,LOCATION,Memo_Relations_with_Tibet,of securing the establishment of a properly regulated trade mart in Tibet; and of placing our trade relations with the Tibetans upon a sound and satisfactory footing.
government of india,union and non-union agencies,governs,Political economy,1.0,0.8,4.3431,governs,GROUP,CONCEPT,Salt_Industry_India,in regard to the manufacture and distribution of salt by Union and non-Union agencies
government of india,co-operative societies,licenses,Political economy,1.0,0.8,4.3431,licenses,GROUP,CONCEPT,Salt_Industry_India,Government also extended this concession to Co-operative societies with a view to foster co-operative movement amongst the salt manufacturers.
government of india,local residents in villages,licenses,Political economy,1.0,0.8,4.3431,licenses,GROUP,LOCATION,Salt_Industry_India,"they are prepared to extend their administrative provisions on lines already prevailing in certain places, in order to permit local residents in villages, immediately adjoining areas where salt can be collected or made,, to collect or make salt for domestic consumption or sale within such villages"
government of india,refiners,licenses,Political economy,1.0,0.8,4.3431,licenses,GROUP,CONCEPT,Salt_Industry_India,The Government of India decided in 1944 to issue the licences without charging any fee in Madras.
government of india,salt used for industrial purposes,licenses,Political economy,1.0,0.9,4.6431,licenses,GROUP,COMMODITY,Salt_Industry_India,In 1883-84 the Government of India first framed rules to grant concessions in respect of salt used for industrial purposes.
government of india,small licensed manufacturers,licenses,Political economy,1.0,0.85,4.4931,licenses,GROUP,CONCEPT,Salt_Industry_India,"The matter, however, was given further consideration and the Government of India decided that as a matter of general policy, it would not be right to reduce the area since most of the ten-acre concessionaires were like cottage industry workers."
government of india,this site,licenses,Political economy,1.0,0.8,4.3431,licenses,GROUP,CONCEPT,Salt_Industry_India,After the Government of India had promised to license this site...
government of india,representatives of the chinese and tibetan,negotiates_with,Political economy,1.0,0.9,4.6431,negotiates_with,GROUP,LOCATION,Memo_Relations_with_Tibet,to negotiate with representatives of the Chinese and Tibetan ~
government of india,salt,taxes,Political economy,1.0,0.7,8.3931,taxes,GROUP,COMMODITY,Salt_Industry_India,"The following statement by the Governor-General's Council is published for general information: — Consequent on the conversations that have taken place between His Excellency the Viceroy and Mr. Gandhi, it has been arranged that the civil disobedience movement be discontinued, and that, with the approval of His Majesty’s Government, certain action be taken by the Government of India and Local Governments."
government of india,sub-standard salt,taxes,Political economy,1.0,0.8,4.3931,taxes,GROUP,COMMODITY,Salt_Industry_India,"All hide and skin industries and approved agents who supply salt to soap, hide arid skin and other small industries should be allotted quota of sub- standard salt only from Didwana."
grains,tibetan rock salt,trades_with,Commodity circuits,1.0,0.0,1.0931,trades_with,COMMODITY,COMMODITY,HUMLA_NEPAL,
gudha kyar,brine,depends_on,Commodity circuits,1.0,0.9,4.5931,depends_on,CONCEPT,CONCEPT,Salt_Industry_India,"The day silt of the lake bed thoroughly lubricated with brine proved an impossible material to construct the dam with, except close in shore on both sides..."
gulab singh,dogra country,controls,Political economy,1.0,0.85,3.6931,controls,PERSON,LOCATION,J&K_Gazatteer_1909,"Rapidly absorbing the power and possessions of the feudal chiefs around him, after ten years of laborious and consistent effort, he and his two brothers became masters of nearly all the country between Kashmir and the Punjah, save Rsjaori."
gulab singh,jammu state,governs,Political economy,1.0,0.85,3.6931,governs,PERSON,LOCATION,J&K_Gazatteer_1909,"It is interesting to notice that the Dogras did not pillage the rich monastery of Himis, which saved itself by allowing the army in ignorance of its locality to pass the gorge leading to the Hitnis valley, and by then sending a deputation with an order of free rations while in Ladakh territory."
gurkhas,the british east india company,disputes,Political economy,1.0,0.0,1.0931,disputes,GROUP,LOCATION,Becoming_India,
gurkhas of nepal,mountainous areas,governs,Political economy,1.0,0.0,1.0931,governs,LOCATION,LOCATION,Becoming_India,
gye-kun-do,china,trades_with,Commodity circuits,1.0,0.8,3.8931,trades_with,CONCEPT,LOCATION,Report_On_Tibet_1903,"Gye-kun-do, which is centrally situated at the junction of roads from Lhaea, Tsaidam, Ta-tsien-lu, Derge, and Sung-pan, does a thriving trade."
"halar salt and chemical works, jamnagar",salt production,monopolizes,Political economy,1.0,0.8,3.7931,monopolizes,COMMODITY,COMMODITY,Salt_Industry_India,"The monopoly Agreement with the Digvijaysinhji Salt Works Ltd., Jamnagar having been rescinded by the Jam Saheb of Nawanagar in the year 1947..."
hill states,relatives of the ruler and other state officials,governs,Political economy,1.0,0.0,1.0931,governs,LOCATION,GROUP,Becoming_India,
himalayan communities,subsistence goods,trades_with,Commodity circuits,1.0,0.0,1.0931,trades_with,GROUP,COMMODITY,Ladakh,
himalayan hill states’ regional council,praja mandals not part of simla hill states sub-regional council,trades_with,Commodity circuits,1.0,0.0,1.0931,trades_with,LOCATION,LOCATION,Becoming_India,
himalayan peoples,traditional tibetan society,depends_on,Commodity circuits,1.0,0.8,3.4931,depends_on,GROUP,GROUP,Santiago_Lazcano,"However, if the old caravan trade reinforced the links of the Himalayan peoples with traditional Tibetan society, today on the contrary..."
himalayan population,mahasu,disputes,Political economy,1.0,0.0,1.1431,disputes,LOCATION,LOCATION,Becoming_India,
himalayas,her majesty's public works department in india,supplies,Commodity circuits,1.0,0.0,1.0931,supplies,LOCATION,LOCATION,Becoming_India,
hindustan-tibet road,the western himalayas,licenses,Political economy,1.0,0.0,1.0931,licenses,LOCATION,LOCATION,Becoming_India,
humlis,at present,trades_with,Commodity circuits,1.0,0.0,1.1431,trades_with,PERSON,CONCEPT,HUMLA_NEPAL,
humlis,salt,trades_with,Commodity circuits,1.0,0.0,5.4931,trades_with,PERSON,COMMODITY,HUMLA_NEPAL,
india,salt industry,depends_on,Commodity circuits,1.0,0.8,3.9431,depends_on,LOCATION,COMMODITY,Salt_Industry_India,The Indian Taxation Enquiry Committee had stressed the extreme importance of a well developed salt industry in India for her economic advance...
india,rool and live-stock,supplies,Commodity circuits,1.0,0.85,4.0931,supplies,LOCATION,CONCEPT,Memo_Relations_with_Tibet,"for the export of rool and live-stock several roads are required, and therefore while we ourselves press in at one road are should be prepared to entice them out at several others."
india,salt,supplies,Commodity circuits,2.0,0.85,8.8486,supplies,LOCATION,COMMODITY,Salt_Industry_India,"Since the development of big salt works in Saurashtra, imports from foreign countries or Aden have ceased altogether and all salt supplied to Calcutta is of Indian origin. | 70—75% of the salt producing centres are on the sea coast."
india,salt,taxes,Political economy,1.0,0.8,8.2931,taxes,LOCATION,COMMODITY,Salt_Industry_India,Many civilised States derive a handsome income from duty on salt.
india,chinese turkistan and tibet,trades_with,Commodity circuits,1.0,0.8,3.9431,trades_with,LOCATION,LOCATION,J&K_Gazatteer_1909,the trade of India with Chinese Turkistan and Tibet via Leh through Kashmir
indian salt industry,"rock salt mines, salt lakes, salt efflorescence, ferine springs and sea brine",depends_on,Commodity circuits,1.0,0.8,3.4931,depends_on,COMMODITY,COMMODITY,Salt_Industry_India,"India has enormous quantities of salt, in the form of rock salt mines, salt lakes, salt efflorescence, ferine springs and sea brine."
indian salt manufacturers' association,calcutta,supplies,Commodity circuits,1.0,0.7,3.3931,supplies,GROUP,CONCEPT,Salt_Industry_India,"The export to Calcutta is mostly done in chartered steamers and the following are the present charter party terms agreed to between the Indian Salt Manufacturers' Association, Bombay, on behalf of the marine salt works, and the Indian Coastal Conference, which consists of about 14 members."
indian salt manufacturers' association,japan,trades_with,Commodity circuits,1.0,0.9,3.8431,trades_with,GROUP,CONCEPT,Salt_Industry_India,Exports to Japan since 1951 are given below: —
indian states,salt,supplies,Commodity circuits,2.0,0.85,8.3986,supplies,LOCATION,COMMODITY,Salt_Industry_India,The production lay almost entirely in Indian States. | The former Indian States were allowed to manufacture salt without any restriction in order to meet the shortage.
indian tea,tibetan officials,trades_with,Commodity circuits,1.0,0.8,3.4931,trades_with,COMMODITY,GROUP,Memo_Relations_with_Tibet,But throughout the negotiations with respect to the Trade regulations the Chinese and Tibetan officials were strongly opposed to permitting trade in Indian tea under any conditions whatsoever.
italy,sea-salt manufacturing,controls,Political economy,1.0,0.8,3.5431,controls,CONCEPT,COMMODITY,Salt_Industry_India,The manufacture and marketing of sea-salt in Italy are controlled by the State on a monopoly basis.
italy,salt,supplies,Commodity circuits,1.0,0.6,7.2931,supplies,CONCEPT,COMMODITY,Salt_Industry_India,Imports of foreign salt into other provinces were negligible.
jammu and kashmir,5 lakh maunds of salt,supplies,Commodity circuits,1.0,0.8,3.5431,supplies,LOCATION,COMMODITY,Salt_Industry_India,"According to the 1955 Zonal Scheme Bombay State is expected to receive 12 lakh maunds, Uttar Pradesh 44 lakh maunds..."
japan monopoly corporation,salt,controls,Political economy,1.0,0.9,8.1431,controls,CONCEPT,COMMODITY,Salt_Industry_India,"The Japan Monopoly Corporation controls salt in all its aspects, namely, indigenous production, imports and consumption."
jhanjah,salt,extracts_from,Commodity circuits,1.0,0.8,7.8431,extracts_from,CONCEPT,COMMODITY,Salt_Industry_India,He was joined by other Kharwals and it was in this manner that the present community of about 200 households of Kharwals came to occupy the town of Pachbadra* Several of these families claim descent from the original founder Jhanjah KharwaL For some time the original settlers collected spontaneous salt from the hollows only. Later on they discovered that brine springs existed not far from the surface and began to dig pits and collected salt from there*
jodhpur government,british indian maund of salt,taxes,Political economy,1.0,0.8,3.5431,taxes,GROUP,COMMODITY,Salt_Industry_India,"The price to be paid to the Jodhpur Government for the remainder of the said stock shall be reckoned at six and a half annas (6|) per British Indian maund, and payment shall be made at this rate by the British Government to the Government of Jodhpur..."
jumla and botechaur,salt,trades_with,Commodity circuits,1.0,0.0,5.4431,trades_with,CONCEPT,COMMODITY,Salt_routes_and_barter_caravans_in_the_H,
kam,western china,trades_with,Commodity circuits,1.0,0.8,3.5431,trades_with,CONCEPT,LOCATION,Report_On_Tibet_1903,"From Kan-su, Se-Chuan, and Yun-nan Chinese commodities are passed into Tibet and the raw materials of Tibet are exported in exchange..."
kashmir,irrigation,depends_on,Commodity circuits,1.0,0.9,4.4431,depends_on,LOCATION,CONCEPT,J&K_Gazatteer_1909,The crop is generally protected by irrigation. The greatest distress is due to the fall of rain or snow while the rice and maize are ready for harvest.
kashmir,nagar and hunza,governs,Political economy,1.0,0.9,4.2931,governs,LOCATION,CONCEPT,J&K_Gazatteer_1909,"The ruler of Nagar, with the assistance of the Kashmir Darbiir, successfully occupied the disputed tract;"
kashmir,walnut oil revenue,governs,Political economy,1.0,0.9,4.2431,governs,LOCATION,COMMODITY,J&K_Gazatteer_1909,In former times the State accepted walnut oil in payment of revenue...
kashmir,population,taxes,Political economy,1.0,0.8,3.9931,taxes,LOCATION,CONCEPT,J&K_Gazatteer_1909,"its population of I 22,618"
kashmir,central asia,trades_with,Commodity circuits,1.0,0.7,3.6431,trades_with,LOCATION,CONCEPT,J&K_Gazatteer_1909,"The trade which passes through Kashmir between India, Chinese Turkistan, and Tibet via Leh is subject to considerable fluctuations owing to great physical difficulties, the keen rivalry of Russia, and the passive obstruction of Tibet."
kashmir,ladakh,trades_with,Commodity circuits,1.0,0.6,3.7431,trades_with,LOCATION,LOCATION,J&K_Gazatteer_1909,"The imports from Central Asia into Ladskh amounted to 17.8 lakhs. Goods to the value of Ir.3 lakhs found their way to the Punjab via Kashmir, others passing via Kulii."
kashmir,shawls and saffron,trades_with,Commodity circuits,1.0,0.0,1.5431,trades_with,LOCATION,CONCEPT,Ladakh,
kashmir state,nagar and hunza,supplies,Commodity circuits,1.0,0.8,3.5431,supplies,LOCATION,CONCEPT,J&K_Gazatteer_1909,"Yearly subsidies were granted to them, besides the amount paid by the Kashmir State."
kashmiri shawl,europe,trades_with,Commodity circuits,1.0,0.8,3.5431,trades_with,LOCATION,LOCATION,J&K_Gazatteer_1909,"The first shawls which reached Europe were brought by Napoleon, at the time of the campaign in Egypt, as a present for the empress Josephine, and from that time shawls became fashionable."
kashmiri shawl industry,ladakhi nomads,supplies,Commodity circuits,1.0,0.9,3.7931,supplies,LOCATION,GROUP,TransformationProcessesInNomadicPastoralism,the Kashmiri shawl industry had to get its raw material elsewhere. Quite naturally they turned to Ladakhi nomads
kashmiris,buffaloes,depends_on,Commodity circuits,1.0,0.95,4.0431,depends_on,LOCATION,CONCEPT,J&K_Gazatteer_1909,"They sacrifice every consideration for their buffaloes, and even in their cultivation, chiefly maize, their first thought is for these animals."
kashmiris,irrigation,depends_on,Commodity circuits,1.0,0.8,3.7931,depends_on,LOCATION,CONCEPT,J&K_Gazatteer_1909,"Agriculture in the valley practically depends on irrigation, Thanks to the formation of the country..."
kashmiris,their home,governs,Political economy,1.0,0.8,3.5931,governs,LOCATION,CONCEPT,J&K_Gazatteer_1909,"The outside world was far, and from all accounts inferior to the pleasant valley, and at each of the gates of the valley were soldiers who demanded fees. So the Kashmiris lived their self-centred life, conceited, clever, and conservative."
kathiawar,salt production,controls,Political economy,1.0,0.9,4.0931,controls,CONCEPT,COMMODITY,Salt_Industry_India,"That the production of salt in his State, as hitherto carried on, will continue..."
khaltse,barley,extracts_from,Commodity circuits,1.0,0.0,1.3431,extracts_from,LOCATION,COMMODITY,Ladakh,
khaltse,"buckwheat, turnips, or other vegetables",extracts_from,Commodity circuits,1.0,0.0,1.1431,extracts_from,LOCATION,CONCEPT,Ladakh,
kharaghoda salt works,about 8 lakh maunds of salt,supplies,Commodity circuits,1.0,0.9,3.7931,supplies,COMMODITY,COMMODITY,Salt_Industry_India,about 8 lakh maunds was supplied by the Kharaghoda salt works
kharnak,ownership of tso kar,disputes,Political economy,1.0,0.0,1.2431,disputes,LOCATION,CONCEPT,Rupshu,
kharnak,rupshu's land from the west,disputes,Political economy,1.0,0.0,1.2431,disputes,LOCATION,LOCATION,Rupshu,
kharnak,rupshu,taxes,Political economy,1.0,0.0,1.4931,taxes,LOCATION,LOCATION,Rupshu,
kharnak territory,nomadic pastoralists,governs,Political economy,1.0,0.8,3.5431,governs,LOCATION,GROUP,TransformationProcessesInNomadicPastoralism,"While spending several days in the same camp, located within Kharnak territory..."
khash-kanet peasants,begar,trades_with,Commodity circuits,1.0,0.0,1.1931,trades_with,GROUP,CONCEPT,Becoming_India,
king of ladakh,tibet,licenses,Political economy,1.0,0.0,2.1431,licenses,PERSON,LOCATION,Ladakh,
kiraiyakashi,kiraiya-kash; way of life of the kiraiyakash,transports_via,Route/place circuits,1.0,0.0,1.0931,transports_via,COMMODITY,COMMODITY,Ladakh,
kitamura,porcelain cups,trades_with,Commodity circuits,1.0,0.0,1.0931,trades_with,PERSON,COMMODITY,Salt_routes_and_barter_caravans_in_the_H,
ladak,tibetan countries in its neighbourhood,taxes,Political economy,1.0,0.0,1.1931,taxes,PERSON,LOCATION,Gutenberg_EBook,
ladak,tibet,trades_with,Commodity circuits,1.0,0.5,3.6931,trades_with,PERSON,LOCATION,Report_On_Tibet_1903,...merchants converge from all parts of the country during the winter months.
ladakh,tibet,depends_on,Commodity circuits,1.0,0.8,4.9431,depends_on,LOCATION,LOCATION,J&K_Gazatteer_1909,"The history of Ladakh, until its conquest by RZjZ Guliib Singh in the first half of the nineteenth century, is intimately connected with Tibet, with which country it still holds commercial and religious relations."
ladakh,kingdom of guge,disputes,Political economy,1.0,0.0,1.4931,disputes,LOCATION,CONCEPT,Ladakh,
ladakh,change,governs,Political economy,1.0,0.0,1.4931,governs,LOCATION,CONCEPT,Ladakh,
ladakh,its subjects,governs,Political economy,1.0,0.9,4.1931,governs,LOCATION,CONCEPT,TransformationProcessesInNomadicPastoralism,"Livestock farming, however, becomes apparent through the taxes in kind levied by Ladakhi kings from their subjects..."
ladakh,reis system,governs,Political economy,1.0,0.8,3.8931,governs,LOCATION,CONCEPT,J&K_Gazatteer_1909,"the reis system of making the several villages responsible for baggage animals and supplies, IOO"
ladakh,tea,trades_with,Commodity circuits,1.0,0.0,1.6431,trades_with,LOCATION,COMMODITY,Ladakh,
ladakhi buddhists,until the re-establishment of the tibetan monasteries in india,controls,Political economy,1.0,0.0,1.0931,controls,LOCATION,GROUP,Ladakh,
ladakhi traders,best-quality pashm,trades_with,Commodity circuits,1.0,0.0,1.1431,trades_with,GROUP,CONCEPT,Ladakh,
ladakhi traders,pashm,trades_with,Commodity circuits,1.0,0.0,1.2931,trades_with,GROUP,COMMODITY,Ladakh,
lease-deed,salt manufacture,licenses,Political economy,1.0,0.9,3.9931,licenses,CONCEPT,COMMODITY,Salt_Industry_India,After the execution of the lease-deed by the present licensee (13-12-1948) twenty acres of land were placed at his disposal for the manufacture of salt in the first stage.
lhaban authorities,tawang district,controls,Political economy,1.0,0.8,3.5431,controls,GROUP,LOCATION,Report_On_Tibet_1903,The Lhaban authorities are said to have asserted their influence and the country is now governed in the recognized manner by Jongpons deputed from Lha~a.
lhasa,"districts of lharigo, shobado, and sho-ta-iho-sum",governs,Political economy,1.0,0.9,3.9431,governs,LOCATION,LOCATION,Report_On_Tibet_1903,These are ruled by Jongpons appointed from the capital.
lhasa,takpo,governs,Political economy,1.0,0.95,4.0931,governs,LOCATION,CONCEPT,Report_On_Tibet_1903,All this country (with the exception of Po-yul) is under Lhasa rule and is governed by Jongpone in the different forts.
licensed manufacturers,salt,supplies,Commodity circuits,1.0,0.8,7.8431,supplies,CONCEPT,COMMODITY,Salt_Industry_India,Salt produced in similar areas under licence has been subjected to rigorous quality control.
licensees,government reserve,depends_on,Commodity circuits,1.0,0.8,3.6431,depends_on,CONCEPT,GROUP,Salt_Industry_India,"Instead of purchasing out-right the quantity reserved by the licensees for sale to the Government, the licensees were required to reserve only a percentage not exceeding 50% of their production for sale to Government..."
limis,marts,supplies,Commodity circuits,1.0,0.0,1.0931,supplies,GROUP,LOCATION,HUMLA_NEPAL,
liverpool salt,bengal,supplies,Commodity circuits,1.0,0.8,3.5431,supplies,COMMODITY,CONCEPT,Salt_Industry_India,"About 75 per cent share of the total imports from 1873 to 1903, Aden about 11 per cent and the rest of the countries about 14 per cent only."
livestock,butter,supplies,Commodity circuits,1.0,0.0,1.1431,supplies,COMMODITY,COMMODITY,Ladakh,
loggers,logs down the big rivers,transports_via,Route/place circuits,1.0,0.0,1.0931,transports_via,GROUP,LOCATION,Becoming_India,
long-distance caravans,tsakalho,trades_with,Commodity circuits,1.0,0.8,3.5931,trades_with,CONCEPT,LOCATION,Santiago_Lazcano,"As we have seen in other cases also here the trade benefited from the passage of pilgrims who came to the area. Buddhist devotees arrived from all over Tibet ready to perform the kora or ritual circumambulation of the sacred Kawa Karpo Mountain, and would take the opportunity to acquire the renowned Tsakalho salt."
lunia,salt manufacturing,licenses,Political economy,1.0,0.9,3.8931,licenses,CONCEPT,COMMODITY,Salt_Industry_India,a Lunia could educate salt and dispose it of as he pleased was also kept as a special feature of the altered scheme.
madhya bharat,"salt import, distribution, and retail prices",controls,Political economy,1.0,0.8,3.5431,controls,CONCEPT,COMMODITY,Salt_Industry_India,"9 Madhya Bharat , Madhya Bharat Salt (Control) Control on import, distribution Order, 1949 (issued on 28-2- and wholesale and retail prices of salt."
madhya bharat,5 lakh maunds of salt,supplies,Commodity circuits,1.0,0.8,3.5931,supplies,CONCEPT,COMMODITY,Salt_Industry_India,"According to the 1955 Zonal Scheme Bombay State is expected to receive 12 lakh maunds, Uttar Pradesh 44 lakh maunds..."
madras,orissa,supplies,Commodity circuits,1.0,0.8,3.6931,supplies,LOCATION,CONCEPT,Salt_Industry_India,The issues to Orissa show a marked increase since 1927-28 and this is due to the enterprise shown by the capitalist licensees at Ganjam and Naupada during the previous years.
madras,salt,supplies,Commodity circuits,1.0,0.8,7.9431,supplies,LOCATION,COMMODITY,Salt_Industry_India,"The State of Travancore got its supplies of salt (a) from a few small local factories, (b) by importation from Bombay by sea and (c) since 1913 by importation from Madras."
madras,tuticorin factory,supplies,Commodity circuits,1.0,0.8,3.5931,supplies,LOCATION,CONCEPT,Salt_Industry_India,"From 1865 Madras also supplied to this State from Tuticorin factory whenever needed at a nominal duty of 3 pies per maund, under the terms of treaty."
madras government,salt production and sale in madras,governs,Political economy,1.0,0.9,3.7931,governs,GROUP,COMMODITY,Salt_Industry_India,The Madras Government by their notification issued in Gazette Extraordinary No.1908 dated 10-12-52 prohibiting the sale of salt by measure with effect from 1-1-53.
madras monopoly system,exports of foreign salt,disputes,Political economy,1.0,0.9,3.7931,disputes,LOCATION,COMMODITY,Salt_Industry_India,"The exporters of the foreign salt, however, raised an agitation against the Madras Monopoly System as they considered this hindered the imports of that salt in Madras Presidency"
madras salt,kurkutch salt,trades_with,Commodity circuits,1.0,0.7,3.1931,trades_with,COMMODITY,COMMODITY,Salt_Industry_India,"The wholesale price of salt in Orissa during the month of December 1924, was, however, Rs."
mahatma gandhi,salt laws,disputes,Political economy,1.0,0.9,3.8431,disputes,CONCEPT,COMMODITY,Salt_Industry_India,Mention has already been made of Mahatma Gandhi's Dandi March and starting of Civil Disobedience Movement by breaking the Salt Laws.
mahatma gandhi,salt,supplies,Commodity circuits,1.0,0.8,7.8931,supplies,CONCEPT,COMMODITY,Salt_Industry_India,"even the salt he must use to live is so taxed as to make the burden fall heaviest on him, if only because of the heartless impartiality of its incidence."
mahzrzjz g u l ~ b singh,kashmir,governs,Political economy,1.0,0.8,3.9431,governs,CONCEPT,LOCATION,J&K_Gazatteer_1909,"Speaking of the whole of his dominions, he might without exaggeration have described them as nothing but mountains."
maigal salt source,salt,extracts_from,Commodity circuits,1.0,0.8,7.8431,extracts_from,COMMODITY,COMMODITY,Salt_Industry_India,"The salt mined from this mine contains about 80% sodium chloride and averages about 40,000 maunds annually."
maliya salt works,salt production,controls,Political economy,1.0,0.9,4.1431,controls,COMMODITY,COMMODITY,Salt_Industry_India,"The Maliya Salt Works, Maliya, came into being in 1943 ... granted a monopoly to the works for a period of five years from November, 1943 to manufacture, collect and sell salt..."
maliya salt works,british india,trades_with,Commodity circuits,1.0,0.85,3.6931,trades_with,COMMODITY,LOCATION,Salt_Industry_India,"Its transport to British India was not allowed till about 1947, when its booking was allowed to Bengal and Bihar."
mandi,salt mines,controls,Political economy,1.0,0.9,3.9931,controls,LOCATION,COMMODITY,Salt_Industry_India,The two Mandi salt mines are situated in the Himalayan State of Mandi...
mandi,the british,taxes,Political economy,1.0,0.0,1.1431,taxes,LOCATION,GROUP,Becoming_India,
mandi rock salt,refined salt,supplies,Commodity circuits,1.0,0.8,3.4931,supplies,COMMODITY,COMMODITY,Salt_Industry_India,The brine is thus fit for direct treatment for manufacture of refined salt.
manufacturers,high grade salt,licenses,Political economy,1.0,0.9,3.7931,licenses,CONCEPT,COMMODITY,Salt_Industry_India,The clause relating to adjustment of weight due to variations of moisture content would be remunerative to manufacturers of high grade salt...
marriage in the western himalayas,social sanction of the community,depends_on,Commodity circuits,1.0,0.0,1.0931,depends_on,LOCATION,GROUP,Becoming_India,
men,salt,extracts_from,Commodity circuits,1.0,0.0,5.4931,extracts_from,GROUP,COMMODITY,Rupshu,
men,long dagger,transports_via,Route/place circuits,1.0,0.0,1.1431,transports_via,GROUP,COMMODITY,Salt_routes_and_barter_caravans_in_the_H,
"merchants from central asia, kashmir and the punjab",in leh,negotiates_with,Political economy,1.0,0.0,1.0931,negotiates_with,GROUP,LOCATION,Ladakh,
messrs. india cement ltd,gypsum,trades_with,Commodity circuits,1.0,0.8,3.4931,trades_with,LOCATION,CONCEPT,Salt_Industry_India,"Messrs. India Cement Ltd. Thalaiyuthu (Tinnevelly) and the Travancore Cements, Kottayam were interested in the use of this gypsum ill their cement factories..."
mettur chemicals ltd,salt works,licenses,Political economy,1.0,0.9,3.9931,licenses,CONCEPT,COMMODITY,Salt_Industry_India,They have taken pains to relay their works on modern lines in order to produce salt of good quality...
molunghees,government,supplies,Commodity circuits,1.0,0.8,4.8931,supplies,CONCEPT,GROUP,Salt_Industry_India,Salt was manufactured by the manufacturers called “Molunghees” under the directions of the agent and was sold to him at a fixed price.
monasteries,"agricultural advances, chiefly seed-grain",supplies,Commodity circuits,1.0,0.8,3.4931,supplies,GROUP,COMMODITY,J&K_Gazatteer_1909,"Agricultural advances, chiefly seed-grain, are made for the most part not by the State, but by the monasteries,"
mongolia,tibet,trades_with,Commodity circuits,1.0,0.8,4.5431,trades_with,CONCEPT,LOCATION,Report_On_Tibet_1903,"This appears to consist entirely of a great caravan which travels yearly from Mongolia through Tmitlan to Lhasa, starting usually in the month of June."
more enterprising men,their salt onward to leh,transports_via,Route/place circuits,1.0,0.0,1.0931,transports_via,GROUP,COMMODITY,Rupshu,
movable stackers,salt,supplies,Commodity circuits,1.0,0.8,7.8431,supplies,CONCEPT,COMMODITY,Salt_Industry_India,These heaps are usually made with the help of movable stackers which I receive salt direct from the tipping wagons.
mysore,madras and bombay,trades_with,Commodity circuits,1.0,0.8,3.4931,trades_with,CONCEPT,LOCATION,Salt_Industry_India,"Besides supplies from the sources direct, large quantities of salt go to the State for consumption from the adjoining districts of Madras and Bombay."
n. salt revenue department,saltpetre refineries of the bhagalpur division of bihar,controls,Political economy,1.0,0.8,3.4931,controls,COMMODITY,COMMODITY,Salt_Industry_India,Hence in 1890 the saltpetre refineries of the Bhagalpur Division of Bihar and those around Calcutta were brought under the N. Salt Revenue Department.
naxi women of lower tsakalho,wells,extracts_from,Commodity circuits,1.0,0.95,4.0431,extracts_from,GROUP,COMMODITY,Santiago_Lazcano,"Using a ladder, they descend to the bottom of the wells (sometimes down to ten meters) to load their buckets with salt water."
naxi women of lower tsakalho,wooden tubes or buckets,transports_via,Route/place circuits,1.0,0.95,3.9931,transports_via,GROUP,COMMODITY,Santiago_Lazcano,"The Naxi women of Lower Tsakalho go down to the wells, and come back up with wooden tubes or buckets loaded with salt water weighing about 15 kg."
nepal,1-5 lakh maunds of salt,supplies,Commodity circuits,1.0,0.8,3.5431,supplies,LOCATION,COMMODITY,Salt_Industry_India,"According to the 1955 Zonal Scheme Bombay State is expected to receive 12 lakh maunds, Uttar Pradesh 44 lakh maunds..."
nepal,tibet,trades_with,Commodity circuits,2.0,0.8,5.2986,trades_with,LOCATION,LOCATION,HUMLA_NEPAL|Report_On_Tibet_1903,A number of tracks lead up the valleys of the Nepal rivers and cross the Himalayan ranges into the Tibetan plateau by more or less difficult passes.
nepalese traders,lhasa,trades_with,Commodity circuits,1.0,0.85,3.7931,trades_with,GROUP,LOCATION,Memo_Relations_with_Tibet,"Nepalese traders do a flourishing trade at present slth Lhasa, and this would be rolned if the Sikkirn route were opened."
nomadic pastoralists,in cash and kind,taxes,Political economy,1.0,0.0,1.1431,taxes,GROUP,COMMODITY,Becoming_India,
nomads,lake,extracts_from,Commodity circuits,1.0,0.9,3.8931,extracts_from,GROUP,LOCATION,Santiago_Lazcano,"Upon reaching the lake, the nomads began to break the salt into small pieces with yak or sheep horns, and accumulated it in conical piles with wooden scrapers."
nomads,salt pans,trades_with,Commodity circuits,1.0,0.7,3.3431,trades_with,GROUP,COMMODITY,Santiago_Lazcano,Although nearby nomads regularly went to the salt pans with their yaks in search of red salt.
nomads,the salt from tso kar,trades_with,Commodity circuits,1.0,0.0,1.1931,trades_with,GROUP,COMMODITY,Rupshu,
nomads of the lake area,salt and livestock products,transports_via,Route/place circuits,1.0,0.8,3.5431,transports_via,GROUP,COMMODITY,Santiago_Lazcano,"Salt from the lakes was transported along with other livestock products loaded on yaks, sheep or camels to the agricultural areas, where it was exchanged for the coveted grain."
north-western railway,kashmir,trades_with,Commodity circuits,1.0,0.7,3.6431,trades_with,CONCEPT,LOCATION,J&K_Gazatteer_1909,"It [the railway] has usually earned a net profit of I to 2 per cent., in addition to the rebate allowed from traffic exchanged with the North-Western Railway."
northern india,saltpetre industry,controls,Political economy,1.0,0.9,3.7931,controls,LOCATION,COMMODITY,Salt_Industry_India,The Northern India system was adopted under which a single licence was issued for the manufacture of both crude and refined saltpetre...
nuh salt works,salt manufacturing,licenses,Political economy,1.0,0.8,3.5931,licenses,COMMODITY,COMMODITY,Salt_Industry_India,The manufacturers were given licences.
orissa,bengal officers,depends_on,Commodity circuits,1.0,0.7,3.2931,depends_on,CONCEPT,CONCEPT,Salt_Industry_India,Pandit Gopabandhu Das observed that the Bengal officers did not like the continuance of the industry in an extreme and by no means attractive corner of the province.
orissa,calcutta salt sources,depends_on,Commodity circuits,1.0,0.8,3.5931,depends_on,CONCEPT,COMMODITY,Salt_Industry_India,"since 1950, supplies from Calcutta under the Zonal scheme had been suspended"
outer hills,foodgrains,trades_with,Commodity circuits,1.0,0.0,1.1931,trades_with,LOCATION,COMMODITY,Ladakh,
pachbadra,salt,supplies,Commodity circuits,1.0,0.9,8.1431,supplies,CONCEPT,COMMODITY,Salt_Industry_India,is now despatched direct on the indents of the nominees or their agents
pachbadra salt,brine,supplies,Commodity circuits,1.0,0.8,4.3431,supplies,COMMODITY,CONCEPT,Salt_Industry_India,"Quality depend also on good supply of brine, which, in turn', depends on rainfall"
pachbadra salt,markets,trades_with,Commodity circuits,1.0,0.85,3.7431,trades_with,COMMODITY,LOCATION,Salt_Industry_India,This placed Pachbadra on an equal footing with Sambhar.
pachbadra salt source,salt,supplies,Commodity circuits,1.0,0.8,7.8431,supplies,COMMODITY,COMMODITY,Salt_Industry_India,Out of the total salt manufactured one-fourth was taken by the State
pack-horses,karakoram,transports_via,Route/place circuits,1.0,0.0,1.0931,transports_via,COMMODITY,LOCATION,Ladakh,
partners,works (maliya salt works),disputes,Political economy,1.0,0.7,3.2931,disputes,GROUP,COMMODITY,Salt_Industry_India,As some dispute arose between the partners of this works...
pastoral groups,lower hills bordering the plains of punjab,transports_via,Route/place circuits,1.0,0.0,1.0931,transports_via,GROUP,LOCATION,Becoming_India,
peasant families,whose produce was not sufficient for their dietary needs,controls,Political economy,1.0,0.0,1.1431,controls,CONCEPT,CONCEPT,Becoming_India,
peasant families,cash crops and pastoral goods,trades_with,Commodity circuits,1.0,0.0,1.1931,trades_with,CONCEPT,COMMODITY,Becoming_India,
peasant family,begar,governs,Political economy,1.0,0.0,1.1931,governs,GROUP,CONCEPT,Becoming_India,
peasant traders,foodgrains,transports_via,Route/place circuits,1.0,0.0,1.1931,transports_via,GROUP,COMMODITY,Ladakh,
peasants,honey and milk products,depends_on,Commodity circuits,1.0,0.0,1.2431,depends_on,GROUP,COMMODITY,Becoming_India,
peasants,state forests,licenses,Political economy,1.0,0.0,1.2431,licenses,GROUP,LOCATION,Becoming_India,
peasants,poorzee,supplies,Commodity circuits,1.0,0.0,1.2431,supplies,GROUP,PERSON,Becoming_India,
people,the salt law,disputes,Political economy,1.0,0.8,3.5431,disputes,GROUP,COMMODITY,Salt_Industry_India,"it being well understood that all such people are committing a breach of the Salt Law and running the risk of prosecution, or even without a prosecution, are to be subjected by the so-called Salt Officers to harassment."
persons,salt,depends_on,Commodity circuits,1.0,0.8,7.8431,depends_on,CONCEPT,COMMODITY,Salt_Industry_India,"Moreover, since persons engaged in manual labour physiologically stand in need of a larger quantity of salt in their diet than others..."
pioneer magnesia works,recovery of carnallite,controls,Political economy,1.0,0.8,3.6931,controls,CONCEPT,CONCEPT,Salt_Industry_India,"Though, in accordance with the terms of the agreement Government could undertake the manufacture of carnallite departmentally, the Salt Experts Committee did not recommend to Government to assume this responsibility at present* The works recovered this by-product on a small scale from a part of the bitterns handled by them."
pioneer magnesia works,brine,extracts_from,Commodity circuits,1.0,0.8,4.4931,extracts_from,CONCEPT,CONCEPT,Salt_Industry_India,These valuable salts are washed away during the monsoon every year and thus lost.
pioneer magnesia works,bromine,supplies,Commodity circuits,1.0,0.7,3.3931,supplies,CONCEPT,CONCEPT,Salt_Industry_India,The Company were producing some bromine every year but this plant is not functioning now as the bromine from India cannot compete in the foreign market and it is difficult to market this chemical from India* The percentage of bromine in Kharaghoda bitterns is so many times more than that in sea water.
pioneer magnesia works,textile industry,supplies,Commodity circuits,1.0,0.8,3.7431,supplies,CONCEPT,CONCEPT,Salt_Industry_India,"The problem of winning of a chemical like magnesium chloride from a complex mixture such as bitterns was far from simple, and constant efforts were necessary to prepare a product acceptable to the textile industry."
pioneer magnesia works,india,trades_with,Commodity circuits,1.0,0.6,3.5431,trades_with,CONCEPT,LOCATION,Salt_Industry_India,The Company were producing some bromine every year but this plant is not functioning now as the bromine from India cannot compete in the foreign market and it is difficult to market this chemical from India* The percentage of bromine in Kharaghoda bitterns is so many times more than that in sea water.
port said,salt,supplies,Commodity circuits,1.0,0.7,7.5431,supplies,CONCEPT,COMMODITY,Salt_Industry_India,Port Said salt was obtained by solar evaporation and imported both in the natural state and crushed form...
pravarasena,kashmir,governs,Political economy,1.0,0.9,4.2431,governs,CONCEPT,LOCATION,J&K_Gazatteer_1909,"in the sixth century, 23, Pravarapnra, his magnificent capital on site of modem Srinagar, 2 3."
preventive office,salt manufacture,controls,Political economy,1.0,0.8,3.6931,controls,CONCEPT,COMMODITY,Salt_Industry_India,"In accordance with this agreement, the preventive office stopped from interfering with the manufacture of salt by villagers in saliferous areas or its sale by them in neighbouring markets or bazaars."
rajasthan government,local doctors,licenses,Political economy,1.0,0.8,3.5931,licenses,GROUP,CONCEPT,Salt_Industry_India,"At Didwana and Nawa, local doctors under the Rajasthan Government are paid an allowance for attending the employees and labourers of the Department."
rajasthan government,salt manufacturers,licenses,Political economy,1.0,0.9,3.9931,licenses,GROUP,COMMODITY,Salt_Industry_India,"The manufacturers who were given licenses in 1949 by the Rajasthan Government, carried on the manufacturing operations for four months only (March to June)."
rajasthan government,royalties,supplies,Commodity circuits,1.0,0.8,3.5931,supplies,GROUP,CONCEPT,Salt_Industry_India,Payments are now made to the Rajasthan Government.
research department,licensees,licenses,Political economy,1.0,0.8,3.6431,licenses,LOCATION,CONCEPT,Salt_Industry_India,The cost of the special staff was recovered from them.
river sutlej,traders and others,supplies,Commodity circuits,1.0,0.0,1.0931,supplies,LOCATION,GROUP,Becoming_India,
road to leh,"northerly direction, down past glacial lakelets",transports_via,Route/place circuits,1.0,0.0,1.0931,transports_via,LOCATION,LOCATION,Ladakh,
ruler of the tract,servile groups,governs,Political economy,1.0,0.0,1.1931,governs,PERSON,GROUP,Becoming_India,
rumanian peoples’ republic,salt mines,controls,Political economy,1.0,0.9,3.9431,controls,GROUP,COMMODITY,Salt_Industry_India,"Since the partition, the mines are, under the control of the Collector of Central Excise, Lahore."
rupshu,salt,extracts_from,Commodity circuits,2.0,0.0,6.0986,extracts_from,LOCATION,COMMODITY,Rupshu,
rupshu,kharnak,supplies,Commodity circuits,1.0,0.0,1.4931,supplies,LOCATION,LOCATION,Rupshu,
rupshu,barley,trades_with,Commodity circuits,1.0,0.0,1.5431,trades_with,LOCATION,COMMODITY,Rupshu,
rupshu,"tea, sugar, spices, rice, and other food products at dozum fair",trades_with,Commodity circuits,1.0,0.0,1.3431,trades_with,LOCATION,CONCEPT,Rupshu,
rupshu,tibet,trades_with,Commodity circuits,1.0,0.0,2.3931,trades_with,LOCATION,LOCATION,Rupshu,
rupshu nomads,"barley, wooden wares and other basic necessities",trades_with,Commodity circuits,1.0,0.8,3.5431,trades_with,GROUP,CONCEPT,TransformationProcessesInNomadicPastoralism,"They brought salt and borax previously collected from the salt lakes of western Tibet, as well as wool to Zanskar, Spiti and Lahaul, where they exchanged them for barley, wooden wares and other basic necessities (Rizvi 1999)."
russia,tibet,governs,Political economy,1.0,0.8,4.7431,governs,CONCEPT,LOCATION,Memo_Relations_with_Tibet,O n  September 8th he saw the Foreign Board nho strongly denied that there was any agreement.
russia,tibetan authorities,negotiates_with,Political economy,1.0,0.8,3.7431,negotiates_with,CONCEPT,GROUP,Memo_Relations_with_Tibet,"Many overtures, they told me, had been made on Lhe part of Russia to extcnd her commerce to the internal parts ol Tibet..."
russia,tibetans,negotiates_with,Political economy,1.0,0.8,4.6431,negotiates_with,CONCEPT,GROUP,Memo_Relations_with_Tibet,"When we have obtained this access to Tibet, and acquired as much influence there as is required for keeping Russian influence at bay..."
russia,dalai lama,supplies,Commodity circuits,1.0,0.6,3.2931,supplies,CONCEPT,PERSON,Memo_Relations_with_Tibet,"has gone to what a Tibetan would think an extreme length in writing autograph letters to the Czar and some of the high officials, and sending env0j.s to His Majesty."
russian emperor,tibetans,governs,Political economy,1.0,0.8,4.4431,governs,CONCEPT,GROUP,Memo_Relations_with_Tibet,They have had Chinese Emperors sending armies to repel their enemies; and they think that the Russian Emperor will do something of the same kind...
russians,tibetans,negotiates_with,Political economy,1.0,0.9,4.8431,negotiates_with,CONCEPT,GROUP,Memo_Relations_with_Tibet,"Apart from all questions of furthering trade facilities, we would be bound by the activity of the Russians in Tibet to demand access to the country."
salt,colour,controls,Political economy,1.0,0.9,8.1431,controls,COMMODITY,CONCEPT,Salt_Industry_India,the colour can be controlled to a large extent by not disturbing the bed of the crystallisers at the time of scraping and by washing the crystals either in the pans or subsequently in a mechanical washery.
salt,crystallising beds,extracts_from,Commodity circuits,1.0,0.9,8.1431,extracts_from,COMMODITY,CONCEPT,Salt_Industry_India,Sometimes salt is also washed in baskets in the crystallising beds to remove impurities from it before it is taken to the drying ground.
salt,chemical industries,supplies,Commodity circuits,1.0,0.8,7.8431,supplies,COMMODITY,CONCEPT,Salt_Industry_India,Salt being the base of so many chemical industries...
salt,consumer,supplies,Commodity circuits,1.0,0.8,7.8431,supplies,COMMODITY,CONCEPT,Salt_Industry_India,Salt can be made available to the consumer at a cheaper rate.
salt,life of man and higher animals,supplies,Commodity circuits,1.0,0.95,8.2931,supplies,COMMODITY,CONCEPT,Salt_Industry_India,-Owing to this property it is an absolute necessity to the life of man and the -higher animals.
salt,medicine,supplies,Commodity circuits,1.0,0.7,7.5431,supplies,COMMODITY,CONCEPT,Salt_Industry_India,Salt finds many important uses in medicine as well
salt,preservatives,supplies,Commodity circuits,1.0,0.8,7.8431,supplies,COMMODITY,CONCEPT,Salt_Industry_India,Salt is used as a preservative for making up deficiency of certain ingredients in human metabolism.
salt,barley,trades_with,Commodity circuits,1.0,0.0,5.6431,trades_with,COMMODITY,COMMODITY,Rupshu,
salt,people,trades_with,Commodity circuits,1.0,0.8,7.8931,trades_with,COMMODITY,GROUP,Salt_Industry_India,Thousands of people — men and women — with bamboo baskets tied to their backs bringing products of their land for sale in the town.
salt,semi-luxuries like tea and rice,trades_with,Commodity circuits,1.0,0.0,5.4431,trades_with,COMMODITY,COMMODITY,Ladakh,
salt administration in travancore,salt factories,controls,Political economy,1.0,0.9,3.7931,controls,COMMODITY,COMMODITY,Salt_Industry_India,"Later on the Salt Administration in Travancore was merged in the Excise department with Excise Commissioner as the Head of Salt Administration and all the salt factories were placed under an Assistant Excise Commissioner, Nagercoil."
salt advisory committee,production of salt,governs,Political economy,1.0,0.8,3.4931,governs,COMMODITY,COMMODITY,Salt_Industry_India,"'Steps should be taken to appoint a Standing Salt Advisory Committee to advise Government on (a) Production, (b) Distribution, (c) Imports, and (d) Exports of salt.'"
salt commissioner,salt production,controls,Political economy,1.0,0.8,3.8431,controls,COMMODITY,COMMODITY,Salt_Industry_India,"Control over salt production is exercised by the Salt Commissioner under the Central Excise and Salt Act, 1944 and the Central Excise Rules, 1944 framed under the above Act."
salt commissioner,reserve stocks of salt,governs,Political economy,1.0,0.9,3.8431,governs,COMMODITY,COMMODITY,Salt_Industry_India,"The Salt Commissioner may, at his discretion, vary from time to time, the percentage of salt to be stored..."
salt controller,salt movements,controls,Political economy,1.0,0.8,3.4931,controls,COMMODITY,COMMODITY,Salt_Industry_India,No hooking of railway wagons was permissible from one zone to another except under special permission of the Salt Controller for reasons to be recorded in writing in each individual case.
salt department,quality control,controls,Political economy,1.0,0.8,3.8931,controls,COMMODITY,CONCEPT,Salt_Industry_India,(i) Quality Control;
salt department,permit system,governs,Political economy,1.0,0.8,3.8931,governs,COMMODITY,CONCEPT,Salt_Industry_India,"The permit system from May, 1941 with the object of stopping over-indenting and minimising the w’-ork in the treasuries and offices of the Salt Department..."
salt department,salt industry in southern parts of the country,governs,Political economy,1.0,0.8,3.8931,governs,COMMODITY,COMMODITY,Salt_Industry_India,The Salt Department in Madras laid great stress on the quality of salt produced at different factories until the year 1929.
salt department,small scale manufacturers,licenses,Political economy,1.0,0.8,3.9431,licenses,COMMODITY,CONCEPT,Salt_Industry_India,The Salt Department in the year 1949 under an executive order began to license some of these small scale manufacturers in places where their aggregate or contiguous area of manufacture exceeded 10 acres.
salt department,drinking water and other welfare measures,supplies,Commodity circuits,1.0,0.8,3.8931,supplies,COMMODITY,CONCEPT,Salt_Industry_India,The Department has arranged for the supply of drinking water and other welfare measures are also under consideration.
salt department,salt,supplies,Commodity circuits,2.0,0.75,8.4986,supplies,COMMODITY,COMMODITY,Salt_Industry_India,"...and various graphs, sketches, maps etc. The background, historical, technical, and general, as given in the original book remains practically the same. | the Salt Department should also examine the possibility of introducing one uniform price for salt all over the country."
salt department officers,salt for local consumption,supplies,Commodity circuits,1.0,0.8,3.4931,supplies,COMMODITY,COMMODITY,Salt_Industry_India,(1) Officers should not interfere with villagers making or collecting salt in areas immediately adjoining their villages for purely local consumption;
salt duty,government factories,taxes,Political economy,1.0,0.8,3.5431,taxes,COMMODITY,GROUP,Salt_Industry_India,"Even after the abolition of salt duty, the selling price of salt in Government factories had all along been fixed on a ‘no profit no loss’ basis."
salt lakes,salt,trades_with,Commodity circuits,1.0,0.0,5.4431,trades_with,LOCATION,COMMODITY,Ladakh,
salt mines,water of salt lakes,extracts_from,Commodity circuits,1.0,0.9,3.9431,extracts_from,COMMODITY,COMMODITY,Report_On_Tibet_1903,"Salt is found in great quantities on the Chang Tang, where it is obtained by the evaporation of the water of the numerous salt lakes of that region."
salt production,tsakhalho: salt production and the preservation of a catholic church,supplies,Commodity circuits,1.0,0.9,4.0931,supplies,COMMODITY,COMMODITY,Santiago_Lazcano,"In 'China's Tibet, 2008.4, Vol.'"
salt sources,government factories,supplies,Commodity circuits,1.0,0.8,3.5431,supplies,COMMODITY,GROUP,Salt_Industry_India,"The cost of production at the different Government sources was so long, calculated in accordance with the procedure fixed by Government in 1935-36 and all relevant items of cost were taken into account."
salt tax,india's people,taxes,Political economy,1.0,0.8,3.4931,taxes,COMMODITY,GROUP,Salt_Industry_India,The salt tax was for him a crying symbol of India's servitude...
salt workers,salt manufacture,supplies,Commodity circuits,1.0,0.8,3.6931,supplies,COMMODITY,COMMODITY,Salt_Industry_India,The salt labourers in the private sector are being encouraged to form co-operative societies so that they may be able to undertake salt manufacture or take up works' for execution on contract
salt works,proper ratio between crystallisers and condensers,depends_on,Commodity circuits,1.0,0.8,3.6931,depends_on,COMMODITY,CONCEPT,Salt_Industry_India,"The ratio of condensing to the crystallising areas in most of the salt works being 1:1 or 2:1, brine of lower density is let into crystallisets with the result that calcium sulphate separates out before salt precipitates."
salt works,brine,supplies,Commodity circuits,1.0,0.8,4.4931,supplies,COMMODITY,CONCEPT,Salt_Industry_India,Leather bag used to lift brine.
sambhar,brine,controls,Political economy,1.0,0.9,4.6931,controls,CONCEPT,CONCEPT,Salt_Industry_India,At these works the recurring difficulty of brine shortage was met by the construction in 1870 of a coffer dam of mud enclosed between grass and stakes to hold up the brine...
sambhar,bihar and small quantities to bengal,supplies,Commodity circuits,1.0,0.8,3.5931,supplies,CONCEPT,CONCEPT,Salt_Industry_India,during the war years the source was called upon to supply unexpectedly large quantities to Bihar and small quantities to Bengal.
sambhar,salt to uttar pradesh,supplies,Commodity circuits,1.0,0.7,3.2931,supplies,CONCEPT,COMMODITY,Salt_Industry_India,"The breakdown of supplies from the Khewra salt mines aggravated the position. Sambhar supplies to Uttar Pradesh too fell into arrears to the tune of 33,000 tons owing to inadequate transport facilities."
sambhar companies,50 per cent of the district quota,supplies,Commodity circuits,1.0,0.9,3.7931,supplies,CONCEPT,LOCATION,Salt_Industry_India,The four Sambhar companies were only permitted to sell salt against the remaining 50 per cent quota...
sambhar kyar salt,bengal,trades_with,Commodity circuits,1.0,0.8,3.5431,trades_with,COMMODITY,CONCEPT,Salt_Industry_India,owing to the fact that its colour is not particularly good.
sambhar lake,rain and drainage of the surrounding country,depends_on,Commodity circuits,1.0,0.8,3.6431,depends_on,LOCATION,LOCATION,Salt_Industry_India,The Sambhar Lake is annually replenished by rain and the drainage of the surrounding country.
sambhar lake,water from the sweet water zone,depends_on,Commodity circuits,1.0,0.8,3.6431,depends_on,LOCATION,CONCEPT,Salt_Industry_India,He also believed that the supply of subterranean brine is dependent on the access of water from the sweet water zone all around the lake.
sambhar lake,brine,supplies,Commodity circuits,1.0,0.9,4.7431,supplies,LOCATION,CONCEPT,Salt_Industry_India,The supply of brine from the lake is supplemented by sub-soil brine tapped from percolation canals situated on the edge of the lake.
sambhar lake,salt,supplies,Commodity circuits,2.0,0.825,8.4736,supplies,LOCATION,COMMODITY,Salt_Industry_India,"(a) System of manufacture (1) Pre-British . (f ) Collection, Storage and Payments | A large quantity of salt is produced in the world by artificial evaporation of brines from different sources, using the heat obtained by the burning of fuel to effect rapid evaporation."
sambhar salt traders association,mofussil traders,supplies,Commodity circuits,1.0,0.9,3.8931,supplies,GROUP,GROUP,Salt_Industry_India,"The Sambhar traders were out of trade until recently, when in 1954 some of the State Governments decided to relax... a proportion of the trade was allotted to the Sambhar Salt Traders Association..."
sambhar salt traders association,mofussil traders,trades_with,Commodity circuits,1.0,0.8,3.5931,trades_with,GROUP,GROUP,Salt_Industry_India,The nominees are now getting salt on indents placed by their District Magistrates in the treasury against the monthly quota fixed for them...
saurashtra government,the company,negotiates_with,Political economy,1.0,0.8,3.5431,negotiates_with,GROUP,CONCEPT,Salt_Industry_India,The company is negotiating with the Saurashtra Government regarding the reduction of the royalty from Re. 1-O-2 per person on sale of salt for human consumption outside Saurashtra.
saurashtra inland salt,cattle,supplies,Commodity circuits,1.0,0.9,3.8431,supplies,COMMODITY,CONCEPT,Salt_Industry_India,This salt is issued for the cattle and is also used by the local and adjoining area populace...
shakambari devi,milk,supplies,Commodity circuits,1.0,0.9,3.8431,supplies,CONCEPT,COMMODITY,Salt_Industry_India,"who about 551 A in return for milk supplied by one of their cows to a religious ascetic, converted a forest into a wist plain of precious metals."
shamma,barley,trades_with,Commodity circuits,1.0,0.0,1.6431,trades_with,PERSON,COMMODITY,Ladakh,
shamma,chang-thang sheep's wool,trades_with,Commodity circuits,1.0,0.0,1.4431,trades_with,PERSON,COMMODITY,Ladakh,
shamma,grain or dried apricots,trades_with,Commodity circuits,1.0,0.0,1.4431,trades_with,PERSON,COMMODITY,Ladakh,
shamma,in srinagar or leh,trades_with,Commodity circuits,1.0,0.0,1.4431,trades_with,PERSON,LOCATION,Ladakh,
shamma,leh area merchants,trades_with,Commodity circuits,1.0,0.0,1.4431,trades_with,PERSON,GROUP,Ladakh,
shamma,pashm,trades_with,Commodity circuits,1.0,0.0,1.5931,trades_with,PERSON,COMMODITY,Ladakh,
shamma,tibet baqals,trades_with,Commodity circuits,1.0,0.0,1.4931,trades_with,PERSON,GROUP,Ladakh,
shamma,salt beyond their own homes,transports_via,Route/place circuits,1.0,0.0,1.4431,transports_via,PERSON,COMMODITY,Ladakh,
si-ning amban,tibetan tribes,controls,Political economy,1.0,0.3,2.0431,controls,CONCEPT,GROUP,Report_On_Tibet_1903,"...under the control of the Si-ning Amban, or in the case of tribes near the borders of Se-chuan, under the Governor General of that province."
sikhs,sutlej valley,governs,Political economy,1.0,0.0,1.0931,governs,GROUP,PERSON,Becoming_India,
simla,position on a part of the mountain range,controls,Political economy,1.0,0.0,1.1431,controls,PERSON,LOCATION,Gutenberg_EBook,
simla,to the borders of tibet,depends_on,Commodity circuits,1.0,0.0,1.1431,depends_on,PERSON,LOCATION,Becoming_India,
small scale manufacturers,salt,supplies,Commodity circuits,1.0,0.9,8.1931,supplies,CONCEPT,COMMODITY,Salt_Industry_India,"Salt produced in units covering not more than 10 acres will not be subject to any restrictions by way of storage, transport and sale."
sociological and historical literature on india under colonialism,the social history of the western himalayas,supplies,Commodity circuits,1.0,0.0,1.0931,supplies,CONCEPT,CONCEPT,Becoming_India,
sodium carbonate,mixed salts at sambhar,extracts_from,Commodity circuits,1.0,0.9,3.7931,extracts_from,CONCEPT,COMMODITY,Salt_Industry_India,investigations for the recovery of sodium sulphate and sodium carbonate from the mixed salts at Sambhar should be undertaken
spain,salt,supplies,Commodity circuits,1.0,0.8,7.8431,supplies,CONCEPT,COMMODITY,Salt_Industry_India,"Spanish Salt was white salt of good appearance, was obtained by solar evaporation of sea brine..."
state,medical department of the state,controls,Political economy,1.0,0.8,3.7431,controls,LOCATION,LOCATION,J&K_Gazatteer_1909,The Medical department of the State is under the control of a Superintending Surgeon.
state,modern installations for the production of salt,controls,Political economy,1.0,0.9,4.0431,controls,LOCATION,COMMODITY,Salt_Industry_India,whether under State control or otherwise...
state,municipal committees in the state,governs,Political economy,1.0,0.7,3.4431,governs,LOCATION,LOCATION,J&K_Gazatteer_1909,"There are two municipal committees in the State, one at Monici- Srinagar, and the other at Jammu, presided over by the Chief palities."
state,salt industry in kathiawar,governs,Political economy,1.0,0.9,4.0431,governs,LOCATION,COMMODITY,Salt_Industry_India,The State was to take all necessary precautions to prevent leakage of salt both from their works and reserve heaps.
state,"village headmen, patwzris, and zaildzrs",taxes,Political economy,1.0,0.8,3.7431,taxes,LOCATION,LOCATION,J&K_Gazatteer_1909,"A considerable income is derived from customs and octroi revenue, for the following objects : payments to lambardirs (village headmen), 5 per cent."
state government,licensees,licenses,Political economy,1.0,0.8,3.6931,licenses,GROUP,CONCEPT,Salt_Industry_India,"To help the licensees, the State Government passed a Rule enabling the licensees to remove their salt under bond from the factory to Government depots at Trivandrum, Quilon and Alleppy."
state government,licensees,taxes,Political economy,1.0,0.8,3.6931,taxes,GROUP,CONCEPT,Salt_Industry_India,"Travancore manufacturers were given protection by the State Government up to 1950 by prohibiting the import of salt into the State, because the manufacturers were to deliver State Government 31- lakh maunds of salt out of an average production of 17-| to 18 lakh of maunds i. l/5th of the salt produced."
state governments,salt distribution,governs,Political economy,1.0,0.9,3.7931,governs,GROUP,COMMODITY,Salt_Industry_India,"The then Ministry of Works, Production and Supply, Government of India in April, 1951 suggested to the State Governments to take over the distribution work direct..."
state officials,of the states,taxes,Political economy,1.0,0.0,1.0931,taxes,GROUP,LOCATION,Becoming_India,
states,salt,taxes,Political economy,1.0,0.8,7.8431,taxes,LOCATION,COMMODITY,Salt_Industry_India,Many civilised States derive a handsome income from duty on salt.
sultanpur salt,markets,trades_with,Commodity circuits,1.0,0.9,3.8431,trades_with,COMMODITY,LOCATION,Salt_Industry_India,"Before the Rajputana and Punjab sources were opened by Railway, this salt produced close to the populous districts of the North-Western Provinces and the Punjab had a great sale."
sultanpur salt works,salt manufacturing process,controls,Political economy,1.0,0.8,3.4931,controls,COMMODITY,COMMODITY,Salt_Industry_India,The work of the staff in those days was mostly preventive; they had very little to do with manufacture.
tata chemicals ltd,salt works,controls,Political economy,2.0,0.85,4.2486,controls,CONCEPT,COMMODITY,Salt_Industry_India,"The activities of the Tata Chemicals Ltd., Mithapur cover a very vast area, but the actual area covered by the salt 'works is about 1,100 acres. | The works are under the control of highly qualified chemists and engineers."
tatar shepherds,"meat from animals which have died of starvation), bone broth and roots",supplies,Commodity circuits,1.0,0.6,2.8931,supplies,GROUP,COMMODITY,TransformationProcessesInNomadicPastoralism,"They eat meat from animals which have died of starvation), bone broth and roots."
"thamarakulam old allom, extension i and ii, and puthallom",brine,supplies,Commodity circuits,1.0,0.8,4.2931,supplies,CONCEPT,CONCEPT,Salt_Industry_India,"so that brine supply scarcity keenly felt in the Thamarakulam Old Allom, Extension I and II and Puthallom can be easily solved."
the british government,the jodhpur government,governs,Political economy,1.0,0.9,3.8931,governs,GROUP,GROUP,Salt_Industry_India,"Under the authority of the Jodhpur Government, the British Government shall constitute a Court..."
the british government,the manufacture and sale of salt at the sambhar lake,licenses,Political economy,1.0,0.95,4.0431,licenses,GROUP,COMMODITY,Salt_Industry_India,...to carry on the manufacture and sale of salt at the Sambhar Lake...
the british government,through palampur and from leh to kashmir,trades_with,Commodity circuits,1.0,0.0,1.1931,trades_with,GROUP,LOCATION,Becoming_India,
the bulgarian peoples' republic,salt exploitation,governs,Political economy,1.0,0.8,3.6431,governs,GROUP,COMMODITY,Salt_Industry_India,"Constitution salt like every other natural resource of the soil and sub-soil, belongs to the peoples' democratic State, the Rumanian Peoples' Republic."
the chamber of sambhar traders ltd,salt,trades_with,Commodity circuits,1.0,0.8,7.8431,trades_with,GROUP,COMMODITY,Salt_Industry_India,"The registered traders of Sambhar, from all the three lists referred to above, grouped themselves into the four under-mentioned limited concerns in January, 1944. Sambhar. The Chamber of Sambhar Traders Ltd."
the chang-pa tribe,traders from northern british india,trades_with,Commodity circuits,1.0,0.8,3.4931,trades_with,GROUP,GROUP,TransformationProcessesInNomadicPastoralism,...where they are met by traders from Northern British India...
the company,roads and railway lines of the salt department at kharaghoda,trades_with,Commodity circuits,1.0,0.5,2.6431,trades_with,CONCEPT,COMMODITY,Salt_Industry_India,"In return, the Company has been allowed to use roads and railway lines of the Salt Department at Kharaghoda for the purpose of manufacture of bye-products and removal of bitterns."
the east india company,salt manufacture in bengal,monopolizes,Political economy,1.0,0.8,3.4931,monopolizes,LOCATION,COMMODITY,Salt_Industry_India,"The East India Company developed a system of monopoly, which survived with modifications till 1862."
the hungarian peoples' republic,salt exploitation,governs,Political economy,1.0,0.8,3.6431,governs,GROUP,COMMODITY,Salt_Industry_India,"Constitution salt like every other natural resource of the soil and sub-soil, belongs to the peoples' democratic State, the Rumanian Peoples' Republic."
the indian government,salt imports and manufacturing,taxes,Political economy,1.0,0.75,3.3431,taxes,GROUP,COMMODITY,Salt_Industry_India,Fixed rate of duty introduced under orders of 1837 was applied to imported as well as to the locally manufactured salt.
the kashmir state,kashmiri subjects,governs,Political economy,1.0,0.9,3.7931,governs,LOCATION,LOCATION,J&K_Gazatteer_1909,conferred on the Kashmiri subjects of the MahBrgjg.
the king,population,governs,Political economy,1.0,0.0,1.1931,governs,PERSON,CONCEPT,Becoming_India,
the king,the political power of the clans and their deities,governs,Political economy,1.0,0.0,1.1431,governs,PERSON,CONCEPT,Becoming_India,
the lake,salt,supplies,Commodity circuits,2.0,0.8,8.2486,supplies,LOCATION,COMMODITY,Salt_Industry_India,"The yield of salt so procured, (and it was thus that, on an average of several years, most of the salt was obtained) | They furnish 40 percent, of the salt output of The , lake."
the rulers of these hill states,the crown,disputes,Political economy,1.0,0.0,1.0931,disputes,LOCATION,GROUP,Becoming_India,
the rumanian peoples' republic,salt exploitation,governs,Political economy,1.0,0.9,3.9431,governs,GROUP,COMMODITY,Salt_Industry_India,"Constitution salt like every other natural resource of the soil and sub-soil, belongs to the peoples' democratic State, the Rumanian Peoples' Republic."
the rupshu people,"their cattle, on their sheep and goats",depends_on,Commodity circuits,1.0,0.8,3.4931,depends_on,GROUP,COMMODITY,TransformationProcessesInNomadicPastoralism,"they depend entirely on their cattle, on their sheep and goats for merchandise that is easily divisible..."
the salt department,tata oil company,negotiates_with,Political economy,1.0,0.8,3.4931,negotiates_with,COMMODITY,COMMODITY,Salt_Industry_India,engaging the attention of the Salt Department.
the salt merchants' association ltd,salt,trades_with,Commodity circuits,1.0,0.8,7.8431,trades_with,GROUP,COMMODITY,Salt_Industry_India,"The Sambhar registered traders, from all the three lists referred to above, grouped themselves into the four under-mentioned limited concerns in January, 1944. Sambhar. The Salt Merchants' Association Ltd."
"the saurashtra salt manufacturing co., porbandar",manufacture salt in porbandar state,monopolizes,Political economy,1.0,0.95,3.9431,monopolizes,COMMODITY,COMMODITY,Salt_Industry_India,The works were granted a monopoly to manufacture salt for 30 years in the State and were made liable to abide by the rules and regulations as affecting the production and distribution of salt as may be framed by the Government of India from time to time.
the shakambar salt traders' association ltd,salt,trades_with,Commodity circuits,1.0,0.8,7.8431,trades_with,GROUP,COMMODITY,Salt_Industry_India,"The registered traders of Sambhar, from all the three lists referred to above, grouped themselves into the four under-mentioned limited concerns in January, 1944. Sambhar. The Shakambar Salt Traders' Association Ltd."
the state,the petty states,governs,Political economy,1.0,0.8,3.4931,governs,LOCATION,LOCATION,J&K_Gazatteer_1909,"At Gilgit a Political Agent exercises some degree of supervision over the Wazir WazBrat, and is directly responsible to the Government of India for the administration of the outlying petty States."
the yugoslav federal peoples' republic,salt exploitation,governs,Political economy,1.0,0.9,3.9431,governs,GROUP,COMMODITY,Salt_Industry_India,Salt exploitation was a State monopoly before the industrial enterprises were nationalized.
thermo-compression method,brine,extracts_from,Commodity circuits,1.0,0.9,4.5931,extracts_from,CONCEPT,CONCEPT,Salt_Industry_India,"...to evaporate the brine into a thick slurry of pure salt which when passed through centrifugal driers, would result in yielding a clean, dry and pure product."
these mountain communities,cash,trades_with,Commodity circuits,1.0,0.0,1.0931,trades_with,GROUP,CONCEPT,Becoming_India,
tibet,mining and minerals,depends_on,Commodity circuits,1.0,0.8,4.5431,depends_on,LOCATION,COMMODITY,Memo_Relations_with_Tibet,"Their mines and minerals are capable of opening to them such inexhaustible sources 01 wealth, a s  to be alone sufficient to purchase everything of which they stand in need."
tibet,supply of water,depends_on,Commodity circuits,1.0,0.0,2.1431,depends_on,LOCATION,CONCEPT,Gutenberg_EBook,
tibet,british,disputes,Political economy,1.0,0.85,4.8931,disputes,LOCATION,GROUP,Memo_Relations_with_Tibet,that the Tibetans had refused to receive a mission which the British had agreed to let us send;
tibet,shafis or tibetan councillors,governs,Political economy,1.0,0.8,4.5431,governs,LOCATION,LOCATION,Memo_Relations_with_Tibet,that the Shafis or Tibetan councillors now in Chumbi are wholly incompetent to affix their signatures.
tibet,tawang district,governs,Political economy,1.0,0.8,4.5931,governs,LOCATION,LOCATION,Report_On_Tibet_1903,The country is now governed in the recognized manner by Jongpons deputed from Lha~a.
tibet,yo-yul,governs,Political economy,1.0,0.8,4.5431,governs,LOCATION,CONCEPT,Report_On_Tibet_1903,"Yo-yul, although practically independent, is nominally subject to Ll~asa and must be included in Tibetau territory."
tibet,china,trades_with,Commodity circuits,1.0,0.6,4.3431,trades_with,LOCATION,LOCATION,Report_On_Tibet_1903,...returns are kept and the trade is registered; but elsewhere no statistics are forthcoming... The inland trade of Tibet is focuesed at the great markets of Lhasa and Shigatse...
tibet,india,trades_with,Commodity circuits,2.0,0.7,5.0986,trades_with,LOCATION,LOCATION,Report_On_Tibet_1903,"...returns are kept and the trade is registered; but elsewhere no statistics are forthcoming... The inland trade of Tibet is focuesed at the great markets of Lhasa and Shigatse... | The annual value of the trade of Tibet with India is some thirty lakhs of rupees (J2,200,000)"
tibet,ladakh,trades_with,Commodity circuits,1.0,0.8,4.9431,trades_with,LOCATION,LOCATION,J&K_Gazatteer_1909,its intimate relations with LadHkh
tibet,neighbouring countries,trades_with,Commodity circuits,1.0,0.6,3.9431,trades_with,LOCATION,CONCEPT,Report_On_Tibet_1903,"...in the case of India, it is true, returns are kept and the trade is registered; but elsewhere no statistics are forthcoming... The inland trade of Tibet is focuesed at the great markets of Lhasa and Shigatse..."
tibet,outside articles of commerce,trades_with,Commodity circuits,1.0,0.7,4.2431,trades_with,LOCATION,CONCEPT,Memo_Relations_with_Tibet,"And if they do not of their own accord open more mines, they will probably within the next few years be driven into it by the [orceo~ outside pressure, from the north at an). 3'"
tibet,pashm,trades_with,Commodity circuits,1.0,0.0,2.2931,trades_with,LOCATION,COMMODITY,Ladakh,
tibet,rampur,trades_with,Commodity circuits,1.0,0.0,2.1431,trades_with,LOCATION,LOCATION,Gutenberg_EBook,
tibet baqals,pashm,trades_with,Commodity circuits,1.0,0.0,1.2931,trades_with,GROUP,COMMODITY,Ladakh,
tibetan changpas,salt,transports_via,Route/place circuits,1.0,0.0,5.4431,transports_via,GROUP,COMMODITY,Rupshu,
tibetan government,rupshu nomads,licenses,Political economy,1.0,0.9,3.8931,licenses,GROUP,GROUP,Santiago_Lazcano,Only in one case were those coming from across the border allowed to collect their own salt: the nomads of the Rupshu (western end of the Changthang Plateau entering Ladakh) had an agreement with the Tibetan government that allowed them to collect on Mimdum and Gyaltse lakes.
tibetan herdspeople,foodgrains,supplies,Commodity circuits,1.0,0.0,1.1931,supplies,GROUP,COMMODITY,Ladakh,
tibetan horses,tea,trades_with,Commodity circuits,1.0,0.0,1.2431,trades_with,COMMODITY,COMMODITY,Salt_routes_and_barter_caravans_in_the_H,
tibetan mountains,kashmiri goat,supplies,Commodity circuits,1.0,0.9,3.7931,supplies,LOCATION,LOCATION,J&K_Gazatteer_1909,"The shawl was made of the finest wool (paskm), obtained from the goats of the Tibetan mountains, the best material coming from the Tian Shan (Celestial Mountains) and Ush Tarfan."
tibetan partners,salt,trades_with,Commodity circuits,1.0,0.0,5.4431,trades_with,GROUP,COMMODITY,Salt_routes_and_barter_caravans_in_the_H,
tibetan travellers,india,trades_with,Commodity circuits,1.0,0.9,4.2431,trades_with,LOCATION,LOCATION,Report_On_Tibet_1903,TIBETAN TRAVELLERS... Trade with India -Trade with Ladak -Trade with China -Trade with Mongolia- Trade with Nepal...
tibetan tribes,china,trades_with,Commodity circuits,1.0,0.9,4.2431,trades_with,GROUP,LOCATION,Report_On_Tibet_1903,They pay tribute to China.
tibetan women,wells,extracts_from,Commodity circuits,1.0,0.9,3.8931,extracts_from,GROUP,COMMODITY,Santiago_Lazcano,"Once both are ready, they open the wells again to start drawing salt water again."
tibetan women,buckets,transports_via,Route/place circuits,1.0,0.9,3.8431,transports_via,GROUP,COMMODITY,Santiago_Lazcano,In Jada the Tibetan women usually carry two buckets of 10kg each.
tibetans,supreme affairs of tibet,controls,Political economy,1.0,0.9,4.7431,controls,GROUP,LOCATION,Memo_Relations_with_Tibet,"the supreme affairs of Tibet, and among them the control of our coming negotiations, are then in the hands of the monks..."
tibetans,chinese and mongols,depends_on,Commodity circuits,1.0,0.8,4.4431,depends_on,GROUP,CONCEPT,Memo_Relations_with_Tibet,the Tibetans depending upon the Chinese and Mongols for temporal support : the latter depending upon the Tibetans in spiritual matters.
tibetans,russian support,depends_on,Commodity circuits,1.0,0.8,4.4431,depends_on,GROUP,CONCEPT,Memo_Relations_with_Tibet,"Again, in connection with these present negotiations, the Tibetan delegates told a certain Englishman that, if the worst came to the worst, they could always rely upon the Russians and Mongols for support..."
tibetans,spiritual concerns,depends_on,Commodity circuits,1.0,0.85,4.5931,depends_on,GROUP,CONCEPT,Memo_Relations_with_Tibet,"the latter, by mutual contract, take charge of all their spiritual concerns ; and the former by their labours enrich and populate the State."
tibetans,british troops,disputes,Political economy,1.0,0.9,4.7431,disputes,GROUP,CONCEPT,Memo_Relations_with_Tibet,"They came right down out of their own country, and over a high range, and deliberately took up a position in a British Feudatory State ; and there against the advice and express orders of their Chinese suzerain attacked British troops."
tibetans,convention,disputes,Political economy,1.0,0.7,4.1431,disputes,GROUP,CONCEPT,Memo_Relations_with_Tibet,From the very first it was evident that the Tibetans had no intention of observing the convention.
tibetans,northern frontier of sikkim,disputes,Political economy,1.0,0.95,4.8931,disputes,GROUP,LOCATION,Report_On_Tibet_1903,"This latter frontier, however, has never been acknowledged by the Tibetans and is still a matter of dispute."
tibetans,the treaty,disputes,Political economy,1.0,0.9,4.7431,disputes,GROUP,CONCEPT,Memo_Relations_with_Tibet,"they had heard of the Treaty, but that it was invalid, as it had not been signed by any Tibetan."
tibetans,treaty,disputes,Political economy,1.0,0.8,4.4431,disputes,GROUP,CONCEPT,Memo_Relations_with_Tibet,"they repudiate the Treaty and assert that it was signed by the British Government and the Chinese, and therefore they had nothing to do with it."
tibetans,russians,negotiates_with,Political economy,1.0,0.85,4.6931,negotiates_with,GROUP,CONCEPT,Memo_Relations_with_Tibet,"the Tibetans may be found in the fact that when Captain Lesurier met the Chinese Ambassador at Yatung in 1899, the latter told him that if the Indian government insisted on the convention boundary, as understood by us, the Tibetans would block off support from the Russians"
tibetans,natural products,supplies,Commodity circuits,1.0,0.0,2.0431,supplies,GROUP,CONCEPT,Becoming_India,
tibetans,goods,taxes,Political economy,1.0,0.5,3.5431,taxes,GROUP,COMMODITY,Memo_Relations_with_Tibet,"The Tibetans, though abiding by the letter of the convention, charged a duty of l o per cent."
tibetans,caterpillar fungus,trades_with,Commodity circuits,1.0,0.0,2.0431,trades_with,GROUP,COMMODITY,Salt_routes_and_barter_caravans_in_the_H,
tibetans,russians,trades_with,Commodity circuits,1.0,0.8,4.5431,trades_with,GROUP,CONCEPT,Memo_Relations_with_Tibet,"...and so obstinate is the attitude they have taken up in these negotiations that lie, the means of knowing whether Russian support can be relied upon, he is convinced they must be assured in their own minds..."
tika ruder sen,state's administration,governs,Political economy,1.0,0.0,1.0931,governs,PERSON,LOCATION,Becoming_India,
trade,pastoral and forest products for goods required by the pastoralists and peasants,trades_with,Commodity circuits,1.0,0.0,1.1431,trades_with,GROUP,GROUP,Becoming_India,
traders,bags of salt,supplies,Commodity circuits,1.0,0.9,3.9931,supplies,GROUP,COMMODITY,Salt_Industry_India,Bags are supplied by the traders or their local agents.
traders,cash crops and pastoral goods,trades_with,Commodity circuits,1.0,0.0,1.3431,trades_with,GROUP,COMMODITY,Becoming_India,
traders,salt and wool,trades_with,Commodity circuits,1.0,0.0,1.2931,trades_with,GROUP,COMMODITY,Ladakh,
traders,salt and livestock products,transports_via,Route/place circuits,1.0,0.8,3.7431,transports_via,GROUP,COMMODITY,Santiago_Lazcano,"Salt from the lakes was transported along with other livestock products loaded on yaks, sheep or camels to the agricultural areas, where it was exchanged for the coveted grain."
traders from the plains,the narrow mountain paths,negotiates_with,Political economy,1.0,0.0,1.0931,negotiates_with,GROUP,LOCATION,Becoming_India,
traders from two villages,indian salt,transports_via,Route/place circuits,1.0,0.0,1.1431,transports_via,GROUP,COMMODITY,HUMLA_NEPAL,
traders from two villages,tibetan salt,transports_via,Route/place circuits,1.0,0.0,1.1431,transports_via,GROUP,COMMODITY,HUMLA_NEPAL,
tramp steamers,salt,transports_via,Route/place circuits,1.0,0.8,7.8431,transports_via,COMMODITY,COMMODITY,Salt_Industry_India,"Part cargoes from Indian ports were carried by the British India Steani Navigation Company’s coastal vessels, while tramp steamers called in at Aden and the Western India Ports."
travancore government,model salt factory at thattarippuodai allom,governs,Political economy,1.0,0.9,3.7931,governs,GROUP,COMMODITY,Salt_Industry_India,The Travancore Government were running the Model Salt Factory at the State expense with the Director of Research as the administrative head.
travancore salt factories,salt,supplies,Commodity circuits,1.0,0.8,7.8431,supplies,COMMODITY,COMMODITY,Salt_Industry_India,"At present, the manufacturers are allowed to scrape as much salt as possible and increase the output."
tube wells,brine,supplies,Commodity circuits,1.0,0.7,3.9931,supplies,COMMODITY,CONCEPT,Salt_Industry_India,Some factories are in favour of using tube well brine and supplementing it by sea brine.
tukuche,village,trades_with,Commodity circuits,1.0,0.0,1.1431,trades_with,LOCATION,LOCATION,Salt_routes_and_barter_caravans_in_the_H,
united provinces government,"collector of central excise, delhi",negotiates_with,Political economy,1.0,0.8,3.5431,negotiates_with,GROUP,CONCEPT,Salt_Industry_India,"In January 1946, the Collector of Central Excise, Delhi, decided in concurrence with the United Provinces Government to allow the four companies of registered traders at Sambhar, to place indents on requisitions received from the nominees by the 15th day of the month preceding the one to which the nominees' quota related."
united salt works and industries ltd,salt works,controls,Political economy,1.0,0.9,4.0431,controls,COMMODITY,COMMODITY,Salt_Industry_India,"Situation— These salt works are situated near Porbandar Port and on the other side of the creek and occupy an area of about 1,400 acres* ... The works have constructed two sets of automatic gates near the Port and take in sufficient brine for their works during high tides*"
united salt works and industries ltd,brine,supplies,Commodity circuits,1.0,0.85,4.4931,supplies,COMMODITY,CONCEPT,Salt_Industry_India,They have constructed two sets of automatic gates near the Port and take in sufficient brine for their works during high tides*
vedaranyam swamp,salt,supplies,Commodity circuits,1.0,0.8,7.8431,supplies,CONCEPT,COMMODITY,Salt_Industry_India,"If properly utilised the Vedaranyam swamp is a promising, source of supply of salt..."
vendor,salt,supplies,Commodity circuits,1.0,0.8,7.8431,supplies,CONCEPT,COMMODITY,Salt_Industry_India,Transfer into the flask about 20 g of salt and spread it so as to form a thin layer at the bottom;
victoria,salt,supplies,Commodity circuits,1.0,0.9,8.1431,supplies,CONCEPT,COMMODITY,Salt_Industry_India,"In Victoria, the bulk of the salt output is procured ordinarily from sea-shore pans at Geelong and Laverton..."
village,labour,supplies,Commodity circuits,1.0,0.9,3.8431,supplies,LOCATION,CONCEPT,J&K_Gazatteer_1909,The mirZb--one of the villagers-whose duty was to see to repairs and to call out labour.
village deity,servile groups,governs,Political economy,1.0,0.0,1.1931,governs,LOCATION,GROUP,Becoming_India,
villages,"ordinary goats, sheep, and cows",controls,Political economy,1.0,0.0,1.0931,controls,LOCATION,COMMODITY,Ladakh,
wazeers,peasants,extracts_from,Commodity circuits,1.0,0.0,1.2431,extracts_from,GROUP,GROUP,Becoming_India,
wheat,irrigation,depends_on,Commodity circuits,1.0,0.8,3.6931,depends_on,COMMODITY,CONCEPT,J&K_Gazatteer_1909,"The land is neither manured nor weeded, and as a rule no irrigation is given."
women,irrigation,depends_on,Commodity circuits,1.0,0.9,4.0431,depends_on,GROUP,CONCEPT,J&K_Gazatteer_1909,Cultivation depends on irrigation ; and where water is plentiful excellent crops are raised.
women,village boundaries,licenses,Political economy,1.0,0.0,1.1431,licenses,GROUP,LOCATION,Becoming_India,
wool of the pastoralists,cash instead of cloth,trades_with,Commodity circuits,1.0,0.0,1.0931,trades_with,GROUP,COMMODITY,Becoming_India,
works,rules and regulations laid down by the government of india,governs,Political economy,1.0,0.9,3.7931,governs,CONCEPT,GROUP,Salt_Industry_India,"They agreed that the construction of the works and the disposal of salt were subject to the rules and regulations, laid down by the Government of India from time to time."
works (maliya salt works),salt,supplies,Commodity circuits,1.0,0.8,7.9431,supplies,COMMODITY,COMMODITY,Salt_Industry_India,The works have since entered into a fresh lease agreement with that Government.
xirab,salt,transports_via,Route/place circuits,1.0,0.8,7.8431,transports_via,CONCEPT,COMMODITY,Santiago_Lazcano,"'Tibet's last caravan with transporting salt III - Salt languague and the caravan', in: China's Tibet, 2006.3 (Vol."
yak,butter,supplies,Commodity circuits,1.0,0.0,1.3431,supplies,COMMODITY,COMMODITY,Ladakh,
yak,hair,supplies,Commodity circuits,1.0,0.0,1.2931,supplies,COMMODITY,COMMODITY,Ladakh,
yak,meat,supplies,Commodity circuits,1.0,0.0,1.3431,supplies,COMMODITY,COMMODITY,Ladakh,
yak,milk,supplies,Commodity circuits,1.0,0.0,1.3431,supplies,COMMODITY,COMMODITY,Ladakh,
yak,barley,transports_via,Route/place circuits,1.0,0.0,1.4931,transports_via,COMMODITY,COMMODITY,Salt_routes_and_barter_caravans_in_the_H,
zanskaris,grain with rupshu chang-pa for salt,trades_with,Commodity circuits,1.0,0.0,1.0931,trades_with,GROUP,COMMODITY,Ladakh,
zhao erfeng,bathang,controls,Political economy,1.0,0.8,3.6431,controls,PERSON,LOCATION,Santiago_Lazcano,In June 1905 Qing officer Zhao Erfeng was sent from Chengdu to Bathang to restore order.
zhao erfeng,salt,taxes,Political economy,1.0,0.8,7.9431,taxes,PERSON,COMMODITY,Santiago_Lazcano,After they returned to the salt pans Zhao was still not satisfied with the taxes obtained...
zhao erfeng,tsakalho salt taxes,taxes,Political economy,1.0,0.8,3.5931,taxes,PERSON,COMMODITY,Santiago_Lazcano,Zhao knew that if he was to achieve his goals he could not pass up such a substantial source of revenue as that provided by the Tsakalho salt taxes.
