edge_id,Source,MappedRelation,Target,Books,PDFs,CitationPages,CitationStatus,ValidationCategory,Evidence
1,abdall,governs,hunters,CentralAsia_Tibet_Vol1,CentralAsia_Tibet_Vol1.pdf,CentralAsia_Tibet_Vol1:429,CentralAsia_Tibet_Vol1:verified,Validated,"As this had never been visited by anybody except the hunters of Abdall, I decided to map it."
2,abdu rehim,controls,the men in the caravan,CentralAsia_Tibet_Vol1,CentralAsia_Tibet_Vol1.pdf,CentralAsia_Tibet_Vol1:401,CentralAsia_Tibet_Vol1:candidate,Probable,"Besides, camel-hunting was Abdu Rehim's calling."
3,abdu rehim,extracts_from,rib muscles of an old he-camel,CentralAsia_Tibet_Vol1,CentralAsia_Tibet_Vol1.pdf,CentralAsia_Tibet_Vol1:390,CentralAsia_Tibet_Vol1:candidate,Validated,Abdu Rehim once found embedded in the rib muscles of an old he-camel a Mongol rifle bullet...
4,abdu rehim,negotiates_with,the men in the caravan,CentralAsia_Tibet_Vol1,CentralAsia_Tibet_Vol1.pdf,CentralAsia_Tibet_Vol1:401,CentralAsia_Tibet_Vol1:verified,Validated,"Bidding us wait where we were, Abdu Rehim made a long detour with the object of getting past a gap in the reeds without being seen."
5,abdu rehim,supplies,water,CentralAsia_Tibet_Vol1,CentralAsia_Tibet_Vol1.pdf,CentralAsia_Tibet_Vol1:385,CentralAsia_Tibet_Vol1:verified,Validated,"When he came back, after an absence of fourteen hours, he said he had found a big he-camel at Tomonki-Yardang-bulak, and had wounded him severely, though the animal crossed the Kurruk-daria, and finally escaped amongst the sand-dunes."
6,aldat,depends_on,camel,CentralAsia_Tibet_Vol1,CentralAsia_Tibet_Vol1.pdf,CentralAsia_Tibet_Vol1:619,CentralAsia_Tibet_Vol1:verified,Validated,"We packed him in between two bags of fuel, putting soft felts underneath him, and wrapped his feet in carpets, and rolled up a fur and put it under his head for a pillow, then lashed the whole fast with ropes on the back of a camel."
7,aldat,depends_on,the bodily warmth of camels,CentralAsia_Tibet_Vol1,CentralAsia_Tibet_Vol1.pdf,CentralAsia_Tibet_Vol1:612,CentralAsia_Tibet_Vol1:verified,Validated,"He also shot a wolf, which was evidently meditating designs upon our last surviving sheep. When we stopped, Aldat begged to be left all night between two camels in the open air; for the Mussulrnans believe that the bodily warmth of these animals will restore health and strength to a sick man whose own vitality is slackening."
8,aldat,extracts_from,four orongo antelopes,CentralAsia_Tibet_Vol1,CentralAsia_Tibet_Vol1.pdf,CentralAsia_Tibet_Vol1:600,CentralAsia_Tibet_Vol1:verified,Validated,"Aldat had shot four orongo antelopes, so that we were well provisioned for two or three weeks to come."
9,aldat,supplies,cartridges,CentralAsia_Tibet_Vol1,CentralAsia_Tibet_Vol1.pdf,CentralAsia_Tibet_Vol1:548,CentralAsia_Tibet_Vol1:verified,Validated,"Unfortunately Cherdon had only brought a small supply of cartridges with him, and had used them up too lavishly at first ; so that for the future we were compelled to rely upon Aldat's gun."
10,aldat,supplies,meat,CentralAsia_Tibet_Vol1,CentralAsia_Tibet_Vol1.pdf,CentralAsia_Tibet_Vol1:548,CentralAsia_Tibet_Vol1:verified,Validated,"Here Aldat managed to bag a big orongo, which put us all in better humour, for this supplied us with meat for several days."
11,aldat,supplies,the expedition (mainly meat),CentralAsia_Tibet_Vol1,CentralAsia_Tibet_Vol1.pdf,CentralAsia_Tibet_Vol1:603,CentralAsia_Tibet_Vol1:verified,Validated,we relied upon Aldat to keep us supplied with meat.
12,aldat,supplies,us with fresh meat,CentralAsia_Tibet_Vol1,CentralAsia_Tibet_Vol1.pdf,CentralAsia_Tibet_Vol1:600,CentralAsia_Tibet_Vol1:verified,Validated,Without Aldat our situation would have been very critical indeed ; he kept us supplied with fresh meat...
13,aldat,supplies,yak,CentralAsia_Tibet_Vol1,CentralAsia_Tibet_Vol1.pdf,CentralAsia_Tibet_Vol1:508,CentralAsia_Tibet_Vol1:verified,Validated,"...he used to spend the whole winter hunting, carrying neither tent nor provisions, but living on the flesh of the yaks he shot..."
14,aldat,trades_with,cherchen,CentralAsia_Tibet_Vol1,CentralAsia_Tibet_Vol1.pdf,CentralAsia_Tibet_Vol1:508,CentralAsia_Tibet_Vol1:candidate,Validated,"He had spent the winter in the mountains shooting yaks, the skins of which he sold in Keriya."
15,aldat and cherdon,controls,wild asses (kulans),CentralAsia_Tibet_Vol1,CentralAsia_Tibet_Vol1.pdf,CentralAsia_Tibet_Vol1:527,CentralAsia_Tibet_Vol1:verified,Validated,"Aldat and Cherdon rode towards a troop of wild asses (kulans), 34 in number, which, however, fled at their approach..."
16,all india states' peoples' conference,governs,himalayan hill states' regional council,Becoming_India,Becoming_India.pdf,,Becoming_India:no_evidence,Probable,
17,almora,supplies,water,Himalayan_Gazatteer,Himalayan_Gazatteer.pdf,Himalayan_Gazatteer:19,Himalayan_Gazatteer:candidate,Validated,The supply of water is of an unusually good quality ; springs abound on either side of the ridge within 300 feet of the crest and most of them within 160 feet of the top.
18,amdo tibetans,trades_with,chinese world of gansu and northern sichuan,Santiago_Lazcano,Santiago_Lazcano.pdf,Santiago_Lazcano:10,Santiago_Lazcano:candidate,Probable,The Chinese and Muslims of Amdo acted as intermediaries between the Amdowa Tibetans and the Chinese world of Gansu and northern Sichuan.
19,amdowa tribes,supplies,salt,Santiago_Lazcano,Santiago_Lazcano.pdf,Santiago_Lazcano:8,Santiago_Lazcano:verified,Validated,"In the past many Amdowa tribes had their salt station or tshwa sgo on the shores of Lake Wu yi tshwa mtsho (Lake Tsaka). There they burned bsang and sprinkled water from the lake skyward to venerate the 1,000 female deities believed inhab-"
20,arka-tagh,controls,glens,CentralAsia_Tibet_Vol1,CentralAsia_Tibet_Vol1.pdf,CentralAsia_Tibet_Vol1:543,CentralAsia_Tibet_Vol1:verified,Validated,"The next day we decided to rest, so as to give Cherdon and Aldat an opportunity to reconnoitre the nearest glens leading over the Arka-tagh."
21,arka-tagh,governs,mountains,CentralAsia_Tibet_Vol1,CentralAsia_Tibet_Vol1.pdf,CentralAsia_Tibet_Vol1:544,CentralAsia_Tibet_Vol1:verified,Validated,"The spurs of the Arka-tagh lay like sphinxes looking towards the north, with their stony paws just hanging in the stream."
22,army,governs,remote borders with tibet and china,Ladakh,Ladakh.pdf,,Ladakh:no_evidence,Validated,
23,assistant commissioner of nyoma,governs,agreement between kharnak and rupshu,Rupshu,Rupshu.pdf,,Rupshu:no_evidence,Probable,
24,astor,depends_on,irrigation,J&K_Gazatteer_1909,J&K_Gazatteer_1909.pdf,J&K_Gazatteer_1909:123,J&K_Gazatteer_1909:verified,Validated,"Cultivation is carried on to an elevation of 9,000 feet. It depends entirely on irrigation by little channels known as KuL"
25,aydna,governs,landholders,Himalayan_Gazatteer,Himalayan_Gazatteer.pdf,Himalayan_Gazatteer:368,Himalayan_Gazatteer:candidate,Validated,"The helid man of the khai or mahdl is the aaydna. Be is to keep the landholders contented, ..."
26,baltistan,trades_with,dried apricots,Ladakh,Ladakh.pdf,,Ladakh:no_evidence,Validated,
27,baragaonlis,negotiates_with,thakalis,Traders_in_Highland_Nepal,Traders_in_Highland_Nepal.pdf,Traders_in_Highland_Nepal:177,Traders_in_Highland_Nepal:verified,Validated,"Many of the people of Baragaon now engage in trade on their own account, and this has enabled them to wipe out most of their debts to Thakalis."
28,baragaonlis,trades_with,thakalis,Traders_in_Highland_Nepal,Traders_in_Highland_Nepal.pdf,Traders_in_Highland_Nepal:177,Traders_in_Highland_Nepal:verified,Validated,"Many of the people of Baragaon now engage in trade on their own account, and this has enabled them to wipe out most of their debts to Thakalis."
29,baragaonlis,trades_with,tukche,Traders_in_Highland_Nepal,Traders_in_Highland_Nepal.pdf,Traders_in_Highland_Nepal:217,Traders_in_Highland_Nepal:verified,Validated,"The contractor would buy the salt brought to Tukche by Baragaonlis at a rate of 32 lbs per rupee and sell the same salt to people of lower regions, who had come to Tukche, at a rate of 10 lbs per rupee."
30,baramiila,governs,kashmir,J&K_Gazatteer_1909,J&K_Gazatteer_1909.pdf,J&K_Gazatteer_1909:19,J&K_Gazatteer_1909:verified,Validated,At Baramiila the road enters the valley of Kashmir...
31,bash-koll,depends_on,river,CentralAsia_Tibet_Vol1,CentralAsia_Tibet_Vol1.pdf,CentralAsia_Tibet_Vol1:276,CentralAsia_Tibet_Vol1:verified,Validated,"As this last was cut off from the river ten years ago, its water was now salt ; we therefore took with us a supply of ice for drinking and cooking."
32,bathang,governs,tsakalho,Santiago_Lazcano,Santiago_Lazcano.pdf,Santiago_Lazcano:17,Santiago_Lazcano:candidate,Validated,By the end of the 19th century Tsakalho was included in the territory of the Bathang 'principality'.
33,bayirs,depends_on,water,CentralAsia_Tibet_Vol1,CentralAsia_Tibet_Vol1.pdf,CentralAsia_Tibet_Vol1:297,CentralAsia_Tibet_Vol1:verified,Validated,"These, however, did not owe their origin to the erosive force of the wind, but to the action of water; in fact they resembled ancient beach-lines, marking the different levels of lake or river."
34,begar,transports_via,europeans,Becoming_India,Becoming_India.pdf,,Becoming_India:no_evidence,Validated,
35,bengin tea-plantation,supplies,people of gangoli,Himalayan_Gazatteer,Himalayan_Gazatteer.pdf,Himalayan_Gazatteer:245,Himalayan_Gazatteer:candidate,Missing,The Benin6g tea-plantation has greatly aided in raising the people out of debt through the constant employment and good wages they receive there.
36,bethus,trades_with,rana,Becoming_India,Becoming_India.pdf,,Becoming_India:no_evidence,Validated,
37,bethus,transports_via,"10,000 maunds of wood annually",Becoming_India,Becoming_India.pdf,,Becoming_India:no_evidence,Validated,
38,bhoti bhotias,trades_with,barley,TransHimalayan_Traders_Fisher,TransHimalayan_Traders_Fisher.pdf,TransHimalayan_Traders_Fisher:247,TransHimalayan_Traders_Fisher:candidate,Probable,"Barley, 55, 124, 125, 210-211 n. 13; for brewing, 57, 63; traded, 88."
39,bhotia population,depends_on,grain,Traders_in_Highland_Nepal,Traders_in_Highland_Nepal.pdf,Traders_in_Highland_Nepal:341,Traders_in_Highland_Nepal:candidate,Validated,"high-altitude dwellers unable to live on the resources of their sparse habitat, such as the people of Dolpo, would be deprived of an essential pillar of their economy."
40,bhotia traders,trades_with,tibetan villagers,TransHimalayan_Traders_Fisher,TransHimalayan_Traders_Fisher.pdf,TransHimalayan_Traders_Fisher:102,TransHimalayan_Traders_Fisher:verified,Validated,"Before the Chinese exerted their full authority, one measure of grain would generally bring three of salt in Tibet."
41,bhotias,controls,behaviour,Traders_in_Highland_Nepal,Traders_in_Highland_Nepal.pdf,Traders_in_Highland_Nepal:313,Traders_in_Highland_Nepal:candidate,Validated,By this criterion Thakuris and Bhotias certainly appear as clearly defined ethnic groups.
42,bhotias,depends_on,tarakot's trade passing through tibrikot,Traders_in_Highland_Nepal,Traders_in_Highland_Nepal.pdf,Traders_in_Highland_Nepal:235,Traders_in_Highland_Nepal:verified,Validated,The Bhotias of the Namgung and Phoksumdo areas of Western Dolpo depend for their supplies of food grains on the trade passing through Tibrikot.
43,bhotias,governs,dietary rules,Traders_in_Highland_Nepal,Traders_in_Highland_Nepal.pdf,Traders_in_Highland_Nepal:314,Traders_in_Highland_Nepal:candidate,Missing,"All those men who have undergone the initiation rite which entitles them to the wearing of the sacred thread (janai) observe strict dietary rules avoiding the eating of beef, pork, chicken and eggs and the drinking of all types of alcoholic beverages, and do not accept cooked food from the hands of anyone of a status other than that of Brahmans and Thakuris."
44,bhotias,supplies,food,TransHimalayan_Traders_Fisher,TransHimalayan_Traders_Fisher.pdf,TransHimalayan_Traders_Fisher:99,TransHimalayan_Traders_Fisher:verified,Validated,For this labor they receive food on the day they work plus six manas (pints) of unprocessed grain for hard work...
45,bhotias,supplies,grazing grounds high above the villages,Traders_in_Highland_Nepal,Traders_in_Highland_Nepal.pdf,Traders_in_Highland_Nepal:190,Traders_in_Highland_Nepal:verified,Validated,Those Bhotias of Baragaon who breed yak keep their herds most of the year on grazing grounds high above the villages...
46,bhotias,supplies,salt,British_Garhwal|TransHimalayan_Traders_Fisher,British_Garhwal.pdf|TransHimalayan_Traders_Fisher.pdf,British_Garhwal:52|TransHimalayan_Traders_Fisher:206,British_Garhwal:verified|TransHimalayan_Traders_Fisher:verified,Validated,"Salt is received in exchange for grain, and is distributed by the traders throughout all upper Garhwal.|This salt is acquired from Bhotias to the north, who have in turn crossed over into Tibet and obtained it from Tibetans, who have brought it from its source."
47,bhotias,trades_with,hindu villages in middle-ranges,Traders_in_Highland_Nepal,Traders_in_Highland_Nepal.pdf,Traders_in_Highland_Nepal:300,Traders_in_Highland_Nepal:candidate,Probable,"‘Then we were treated like kings and asked into all the houses of people anxious to buy our salt. Now people treat us as “dirty Bhotias” and don’t give us hospitality, even if they are still prepared to take some of our salt in exchange for grain.’"
48,bhotias,trades_with,solu,Traders_in_Highland_Nepal,Traders_in_Highland_Nepal.pdf,Traders_in_Highland_Nepal:89,Traders_in_Highland_Nepal:candidate,Validated,"We shall see that similarly Bhotias of Thak Khola used to buy yak cross-breeds in Solu and drive them via Khumbu, Tibet and Mustang to their villages in the vicinity of Muktinath."
49,bhotias,trades_with,sub-montane markets,British_Garhwal,British_Garhwal.pdf,British_Garhwal:71,British_Garhwal:verified,Validated,Their operations have been sufficiently described in an earlier chapter.
50,bhotias,trades_with,tarakot,Traders_in_Highland_Nepal,Traders_in_Highland_Nepal.pdf,Traders_in_Highland_Nepal:238,Traders_in_Highland_Nepal:verified,Validated,In earlier days greater numbers of Taralis went to Dolpo villages to exchange grain for salt but in 1966 it was mainly Bhotias of Dolpo who undertook the journey to Tarakot to sell such salt as they succeeded in obtaining from Tibet.
51,bhotias,trades_with,tarangpurians,TransHimalayan_Traders_Fisher,TransHimalayan_Traders_Fisher.pdf,TransHimalayan_Traders_Fisher:99,TransHimalayan_Traders_Fisher:verified,Validated,"The fact that the Tarangpurians in exodus during the winter are outnumbered by the incoming Bhotias is balanced by the fact that Tarangpurians who leave are all adult, while the Bhotias who replace them include many children... | These relationships are of two kinds: the mit (Nepali, pronounced 'meat'; Kaike, gyampa; Tibetan, robo) relationship, which is a formal, lifelong, blood-brother bond..."
52,bhotias,trades_with,tibet,British_Garhwal|Traders_in_Highland_Nepal,British_Garhwal.pdf|Traders_in_Highland_Nepal.pdf,British_Garhwal:52|Traders_in_Highland_Nepal:154,British_Garhwal:verified|Traders_in_Highland_Nepal:verified,Validated,"The Bhotias settled there live entirely on trade and so far have not acquired any land. But they no longer deal in salt and grain, but concentrate mainly on trade in cloth and other consumer goods.|Though only the Bhotias are allowed to cross the frontier and trade direct with Tibet..."
53,bhotias,trades_with,tibetan trade-centre of taklakot,Traders_in_Highland_Nepal,Traders_in_Highland_Nepal.pdf,Traders_in_Highland_Nepal:327,Traders_in_Highland_Nepal:verified,Validated,"Many Thakuris and Chetris are as deeply involved in the salt/grain-trade as any of their Bhotia neighbours. They spend several months every year travelling with caravans of sheep and goats between the Tibetan trade-centre of Taklakot, the middle-ranges of Nepal and often even the Terai."
54,bhotias,trades_with,tibetans,Traders_in_Highland_Nepal,Traders_in_Highland_Nepal.pdf,Traders_in_Highland_Nepal:145,Traders_in_Highland_Nepal:candidate,Validated,"Hooker spoke of a ‘change in the population [which] accompanies that in the natural features of the country, Tibetans replacing the Limboos and Khass-tribes of Nepal, who inhabit the lower region’"
55,bhotias,transports_via,"salt on the backs of yak, sheep and goats to tarakot",Traders_in_Highland_Nepal,Traders_in_Highland_Nepal.pdf,Traders_in_Highland_Nepal:245,Traders_in_Highland_Nepal:verified,Validated,"The quantity of the salt brought to Tarakot is limited, however, and it is for this reason that Taralis go with their caravans to the highlands of Dolpo. Until about 1958 when the supply of Tibetan salt was plentiful Magars and other villagers from the middle-ranges used to come to Tarakot to buy salt for cash or in exchange for grain..."
56,bhotias of dolpo,supplies,food grains,Traders_in_Highland_Nepal,Traders_in_Highland_Nepal.pdf,Traders_in_Highland_Nepal:235,Traders_in_Highland_Nepal:verified,Validated,The Bhotias of the Namgung and Phoksumdo areas of Western Dolpo depend for their supplies of food grains on the trade passing through Tibrikot.
57,bhotias of dolpo,trades_with,tibetans,Traders_in_Highland_Nepal,Traders_in_Highland_Nepal.pdf,Traders_in_Highland_Nepal:239,Traders_in_Highland_Nepal:candidate,Validated,"Conversely, Bhotias of Dolpo were not permitted to go further south than Tichurong. They are comparable to the rules forbidding Solu Sherpas to trade directly with Tibet, and they may have been framed by Nepalese officials even though in Dolpo only the local headmen could have enforced them."
58,bhotias of humla,depends_on,winter pastures,Traders_in_Highland_Nepal,Traders_in_Highland_Nepal.pdf,Traders_in_Highland_Nepal:298,Traders_in_Highland_Nepal:verified,Validated,Without such winter pastures the Bhotias of Humla as well as Thakuris and Chetris of many high valleys could not maintain their flocks of carrier sheep and goats which are an essential factor in their trading system.
59,bhotias of humla,trades_with,taklakot and market-towns on indo-nepalese border,Traders_in_Highland_Nepal,Traders_in_Highland_Nepal.pdf,Traders_in_Highland_Nepal:300,Traders_in_Highland_Nepal:verified,Validated,"Apart from their deep involvement in the conventional trade which ranges between Taklakot in the north and the market-towns on the Indo-Nepalese border, the Bhotias of Humla have even more far-flung contacts."
60,bhotias of mugu,trades_with,tibetan herdsmen,Traders_in_Highland_Nepal,Traders_in_Highland_Nepal.pdf,Traders_in_Highland_Nepal:260,Traders_in_Highland_Nepal:verified,Validated,"the Mugu people kept large flocks of sheep and every October they drove these to Tibetan pastures and entrusted them into the care of friendly Tibetan herdsmen, paying a seasonal fee of 2 lbs of grain per sheep."
61,bhotias of panchsati and barthapale,transports_via,salt,Traders_in_Highland_Nepal,Traders_in_Highland_Nepal.pdf,Traders_in_Highland_Nepal:296,Traders_in_Highland_Nepal:verified,Validated,"Large numbers of sheep and goats belonging to Bhotias of Panchsati and Barthapale, some carrying salt and others going empty, were on their way to the winter grazing grounds in die middle-ranges."
62,bhotias of the arun and tamur regions,disputes,tibetan-speaking groups,Traders_in_Highland_Nepal,Traders_in_Highland_Nepal.pdf,Traders_in_Highland_Nepal:154,Traders_in_Highland_Nepal:verified,Validated,...have been adversely affected by political events in Tibet and the subsequent restrictions on trade.
63,bhotias of walongchung,trades_with,tibet,Traders_in_Highland_Nepal,Traders_in_Highland_Nepal.pdf,Traders_in_Highland_Nepal:153,Traders_in_Highland_Nepal:verified,Validated,Not only did they trade extensively with Tibet...
64,bhotiya,governs,juhhr,Himalayan_Gazatteer,Himalayan_Gazatteer.pdf,Himalayan_Gazatteer:138,Himalayan_Gazatteer:candidate,Validated,The Bhotiyas of Juhhr have a Peculiar way of cutting their wheat and barley.
65,bhotiya,governs,land,Himalayan_Gazatteer,Himalayan_Gazatteer.pdf,Himalayan_Gazatteer:279,Himalayan_Gazatteer:verified,Validated,In tho Bhotiya ~nahhlg where a prejudice exists against purchasing a fellow Bhotiya's land...
66,bhotiya,governs,trade,Himalayan_Gazatteer,Himalayan_Gazatteer.pdf,Himalayan_Gazatteer:149,Himalayan_Gazatteer:candidate,Validated,"There is limitation also as to places, and each valley has its own mart."
67,bhotiya,licenses,huniya,Himalayan_Gazatteer,Himalayan_Gazatteer.pdf,Himalayan_Gazatteer:148,Himalayan_Gazatteer:candidate,Validated,The Bhotiyas of Juh L boast that they are the descendants of the traders who procured the fixation of prices by the government of Lblnr.
68,bhotiya,trades_with,bundes,Himalayan_Gazatteer,Himalayan_Gazatteer.pdf,Himalayan_Gazatteer:152,Himalayan_Gazatteer:verified,Validated,but when the Bhotiya proceed with his investment directly to the marts in Bundes a ~roportinnately greater return (double) is ~lecessnrily obtained.
69,bhotiya,trades_with,huniya,Himalayan_Gazatteer,Himalayan_Gazatteer.pdf,Himalayan_Gazatteer:148,Himalayan_Gazatteer:candidate,Validated,"The principal part of the trade between the Bhotiyas and the Huniyas is carried on by barter, and almost every article is furnished by the Huniyas agreeably to an assize held at a remote period."
70,bhotiyae,trades_with,tibetan traders,Himalayan_Gazatteer,Himalayan_Gazatteer.pdf,Himalayan_Gazatteer:156,Himalayan_Gazatteer:candidate,Probable,As with the Bhotiyee sheep are the mean of conveyance for these Tibet traders between Milam and their own mal-ts...
71,bhotiyas,controls,their more valuable metal utensils,Himalayan_Gazatteer,Himalayan_Gazatteer.pdf,Himalayan_Gazatteer:126,Himalayan_Gazatteer:candidate,Missing,On moving down~wardu on their migrations they bury within their houses their more valaable metal utensils.
72,bhotiyas,controls,villages,Himalayan_Gazatteer,Himalayan_Gazatteer.pdf,Himalayan_Gazatteer:109,Himalayan_Gazatteer:candidate,Validated,"The residences of the Bhotiyas are nilh, DSrpbu, Ganpghnr, Kbil.a&, Lsqm, Lwil, Mipa, Milnlu, Yurtuli, lib- l a m b Rllko~, Tola, and Sirudu."
73,bhotiyas,depends_on,creditors,Himalayan_Gazatteer,Himalayan_Gazatteer.pdf,Himalayan_Gazatteer:155,Himalayan_Gazatteer:candidate,Missing,The latter is almost always in debt and entirely dependent on his creditors...
74,bhotiyas,depends_on,grain,Himalayan_Gazatteer,Himalayan_Gazatteer.pdf,Himalayan_Gazatteer:135,Himalayan_Gazatteer:verified,Validated,For grain they have to depend in a great measure ou their winter habitations in the more southern pattis.
75,bhotiyas,depends_on,tibet,Himalayan_Gazatteer,Himalayan_Gazatteer.pdf,Himalayan_Gazatteer:139,Himalayan_Gazatteer:candidate,Validated,The Bhotiya mahale belonged to Tibet up to the time that Grrhwil became consolidated under the chiefs of binagar and Kumaon under the Chnnds.
76,bhotiyas,governs,revenue due,Himalayan_Gazatteer,Himalayan_Gazatteer.pdf,,Himalayan_Gazatteer:not_found,Probable,"The Bhotiylrs wore subject to the reliefs and aids levied from all subjects on occasion of the marriage of the sovereign or his children or of war, &c."
77,bhotiyas,governs,trade,Himalayan_Gazatteer,Himalayan_Gazatteer.pdf,Himalayan_Gazatteer:139,Himalayan_Gazatteer:candidate,Validated,"The Tibetan authorities have from time immemorial subjected the trade to regulations and relstriction of all kinds, nor is their interference limited to the imposition of customs-duties."
78,bhotiyas,monopolizes,grain trade,Himalayan_Gazatteer,Himalayan_Gazatteer.pdf,Himalayan_Gazatteer:154,Himalayan_Gazatteer:verified,Validated,In this the Huniyas do not participate.
79,bhotiyas,monopolizes,trade,Himalayan_Gazatteer,Himalayan_Gazatteer.pdf,Himalayan_Gazatteer:143,Himalayan_Gazatteer:candidate,Validated,"The poverty and the want of enterprise of the merchants of Kumaon and Garhwhl, the difficulties to be overcome in crossing the passes without the assistance of the Bhotiyas, the total absence of tolerable roads, and perhaps more than all the force of immemorial custom, have hitherto prevented any serious attempts towards the abolition of the Bhotiya monopoly."
80,bhotiyas,supplies,jan,Himalayan_Gazatteer,Himalayan_Gazatteer.pdf,Himalayan_Gazatteer:125,Himalayan_Gazatteer:candidate,Validated,"The liquor in use is of two descriptions, d61.u or Fbhiskey, produced by distillation and jan, obtained by simple fermentation..."
81,bhotiyas,trades_with,india and england,Himalayan_Gazatteer,Himalayan_Gazatteer.pdf,Himalayan_Gazatteer:98,Himalayan_Gazatteer:verified,Validated,the Bhotiyas travel to oxchallge the yn)ducts of India and England
82,bhotiyas,trades_with,tibetan traders,Himalayan_Gazatteer,Himalayan_Gazatteer.pdf,,Himalayan_Gazatteer:not_found,Validated,"He meets Tibetan traders in borax, salt, or perhaps gold-dust, who have brought these goods from places some distance beyond."
83,bhotiyas,trades_with,traders at paltibit or rbanlnngar,Himalayan_Gazatteer,Himalayan_Gazatteer.pdf,Himalayan_Gazatteer:156,Himalayan_Gazatteer:candidate,Missing,"If his goods do not sell at Blgeewor, he marches on to the larger markets of PElitbit or RBnlnngar, at the foot of the Himalay."
84,bhotiyas,trades_with,traders from the lower hills or plain beyond them,Himalayan_Gazatteer,Himalayan_Gazatteer.pdf,Himalayan_Gazatteer:156,Himalayan_Gazatteer:candidate,Missing,"There he meets traders from the lower hills or plain beyond them, with whom he barter his Tibetan goods for grain, sugar, and cloth."
85,bhuksas,governs,villages,Himalayan_Gazatteer,Himalayan_Gazatteer.pdf,,Himalayan_Gazatteer:not_found,Missing,The Bhuksa villages are distributed over the forest along the foot of the hills outside the demarcated forest tracts.
86,bir sain,governs,suket state,Mandi_Gazatteer,Mandi_Gazatteer.pdf,,Mandi_Gazatteer:not_found,Probable,"The family is represented to-day by Fithu, and the mass of the people are Hindus."
87,british,disputes,"village sites or farmlands, local pastures or forests",Becoming_India,Becoming_India.pdf,,Becoming_India:no_evidence,Validated,
88,british,governs,entire border with the sikh territories,Becoming_India,Becoming_India.pdf,,Becoming_India:no_evidence,Validated,
89,british,negotiates_with,cumbersome system of administration,Becoming_India,Becoming_India.pdf,,Becoming_India:no_evidence,Validated,
90,british,trades_with,popular refusals to accept rules,Becoming_India,Becoming_India.pdf,,Becoming_India:no_evidence,Validated,
91,british capital,trades_with,raw material and captive markets for emergent industries,Becoming_India,Becoming_India.pdf,,Becoming_India:no_evidence,Validated,
92,british government,governs,daily workings and internal authority of the clans,Becoming_India,Becoming_India.pdf,,Becoming_India:no_evidence,Validated,
93,british government,governs,raja balbir sen,Mandi_Gazatteer,Mandi_Gazatteer.pdf,Mandi_Gazatteer:18,Mandi_Gazatteer:candidate,Validated,Be it known to the Raja that the British Government shall be at liberty to remove anyone from the Gaddi of Mandi who may prove to be of worthless character...
94,british government,governs,tehri state,British_Garhwal,British_Garhwal.pdf,British_Garhwal:222,British_Garhwal:candidate,Validated,"During the Gurltha war their ancestors rendered important services to the British Government,"
95,british government,governs,trade,Memo_Relations_with_Tibet,Memo_Relations_with_Tibet.pdf,Memo_Relations_with_Tibet:25,Memo_Relations_with_Tibet:verified,Validated,All British subjects were to be allowed to go there to trade and the British Government were to be free to send officers to reside at Yatun to watch the condition of British trade there.
96,british government,governs,trade between india and tibet,Memo_Relations_with_Tibet,Memo_Relations_with_Tibet.pdf,Memo_Relations_with_Tibet:43,Memo_Relations_with_Tibet:candidate,Probable,"A more effectire measure, though still not sufficient in itself to bring the Lamas to reason, is the construction of good mule roads up to the frontier and employing for that purpose Pioneer Regiments and Sappers and Miners."
97,british government,taxes,one lakh 'company' rupees every year,Becoming_India,Becoming_India.pdf,,Becoming_India:no_evidence,Missing,
98,british government,taxes,raja balbir sen,Mandi_Gazatteer,Mandi_Gazatteer.pdf,Mandi_Gazatteer:18,Mandi_Gazatteer:candidate,Validated,The Raja shall pay an annual tribute into the treasury of Simla and Subathu one lakh of Company's rupees as nazrana by two instalments...
99,british officers,transports_via,the west himalayas,Becoming_India,Becoming_India.pdf,,Becoming_India:no_evidence,Probable,
100,british official,licenses,state,J&K_Gazatteer_1909,J&K_Gazatteer_1909.pdf,J&K_Gazatteer_1909:115,J&K_Gazatteer_1909:candidate,Validated,"A redistribution of the old assessments on a more equi-table principle, and a summary revision where the assessments were obviously too high or unnecessarily light, have recently been carried out by a British official lent to the State."
101,british rule,supplies,with the emergent indian nation,Becoming_India,Becoming_India.pdf,,Becoming_India:no_evidence,Validated,
102,british traders,trades_with,tibetans,Memo_Relations_with_Tibet,Memo_Relations_with_Tibet.pdf,Memo_Relations_with_Tibet:47,Memo_Relations_with_Tibet:candidate,Probable,By this we give the Tibetans a chance of exchanging their surplus raw produce for manufactured goods of which they stand in need.
103,buddhist devotees,trades_with,tsakalho,Santiago_Lazcano,Santiago_Lazcano.pdf,Santiago_Lazcano:20,Santiago_Lazcano:candidate,Validated,"As we have seen in other cases also here the trade benefited from the passage of pilgrims who came to the area. Buddhist devotees arrived from all over Tibet ready to perform the kora or ritual circumambulation of the sacred Kawa Karpo Mountain, and would take the opportunity to acquire the renowned Tsakalho salt."
104,bujentu-bulak,supplies,animals,CentralAsia_Tibet_Vol1,CentralAsia_Tibet_Vol1.pdf,CentralAsia_Tibet_Vol1:372,CentralAsia_Tibet_Vol1:verified,Validated,The animals were at once taken down to it.
105,buniya traders,trades_with,bhotiyas,Himalayan_Gazatteer,Himalayan_Gazatteer.pdf,,Himalayan_Gazatteer:not_found,Validated,"The commercial operations of the season normally commence by the arrival of the Buniya traders in Bhot, regarding the superior strength and hardihood of their sheep enable them to cross the pass earlier than the Bhotiyas."
106,buriat cossacks,depends_on,russian territory,CentralAsia_Tibet_Vol1,CentralAsia_Tibet_Vol1.pdf,CentralAsia_Tibet_Vol1:353,CentralAsia_Tibet_Vol1:verified,Validated,they travelled fr6e so long as they were in Russian territory.
107,byansis,trades_with,india,Traders_in_Highland_Nepal,Traders_in_Highland_Nepal.pdf,Traders_in_Highland_Nepal:317,Traders_in_Highland_Nepal:verified,Validated,"Many of the Nepalese Byansis were in the habit of travelling in the winter to Delhi, Calcutta and Kalimpong, and to purchase there such goods as boots, cloth, cigarettes and watches."
108,byansis,trades_with,indians,Traders_in_Highland_Nepal,Traders_in_Highland_Nepal.pdf,Traders_in_Highland_Nepal:317,Traders_in_Highland_Nepal:verified,Validated,"The wool and livestock brought from Tibet were mainly sold to Indians and with the cash received the Byansis went to Pithoragarh in Almora which lies on a motor-road, and there they bought Indian salt at a low price."
109,byansis,trades_with,nepal,Traders_in_Highland_Nepal,Traders_in_Highland_Nepal.pdf,Traders_in_Highland_Nepal:317,Traders_in_Highland_Nepal:verified,Validated,"Many of the Nepalese Byansis were in the habit of travelling in the winter to Delhi, Calcutta and Kalimpong, and to purchase there such goods as boots, cloth, cigarettes and watches."
110,byansis,trades_with,tibet,Traders_in_Highland_Nepal,Traders_in_Highland_Nepal.pdf,Traders_in_Highland_Nepal:316,Traders_in_Highland_Nepal:verified,Validated,The people of Humla are not the only traders to make their way to the entrepot of Taklakot and to exchange goods carried across the Himalayan ranges for the salt and wool of Tibet.
111,byansis,trades_with,tibetans,Traders_in_Highland_Nepal,Traders_in_Highland_Nepal.pdf,Traders_in_Highland_Nepal:316,Traders_in_Highland_Nepal:verified,Validated,The Byansis take their name from the valley of Byans which lies immediately west of the Indo-Nepalese border and south-west of the Lipu pass leading from Almora district to Taklakot.
112,byansis,trades_with,traders of the karnali zone humla,Traders_in_Highland_Nepal,Traders_in_Highland_Nepal.pdf,Traders_in_Highland_Nepal:317,Traders_in_Highland_Nepal:candidate,Validated,The Byansis of Tinkar and Changru have a traditional link with Traders of the Karnali Zone Humla.
113,byfins,supplies,road,Himalayan_Gazatteer,Himalayan_Gazatteer.pdf,Himalayan_Gazatteer:114,Himalayan_Gazatteer:candidate,Validated,The approaches to Byins are the same as those given for DBrma. From Rhela of Dhr~na the road continues along the right bank of the K61i to Budhi...
114,byins,depends_on,nep61,Himalayan_Gazatteer,Himalayan_Gazatteer.pdf,,Himalayan_Gazatteer:not_found,Missing,"Up to the Gorkbtili conquest of Kumaon, Byins held to Julijn of Nephl and was annexed through the Rijbir of Asliot to Kumaon in the last decade of the last century."
115,camel,depends_on,flour,CentralAsia_Tibet_Vol2,CentralAsia_Tibet_Vol2.pdf,CentralAsia_Tibet_Vol2:271,CentralAsia_Tibet_Vol2:candidate,Validated,"Every evening we gave them a big dose of flour - in fact, we used up that important commodity at such a rate that our supply, which was originally calculated for ten months, was reduced to scarce sufficient for six."
116,camel,transports_via,boat,CentralAsia_Tibet_Vol1,CentralAsia_Tibet_Vol1.pdf,CentralAsia_Tibet_Vol1:581,CentralAsia_Tibet_Vol1:candidate,Validated,"Having tied together the greater part of the ropes with which we lashed on the loads, we made one end fast on the left bank and dragged the other end up stream ; then, whilst I rowed across as hard as I could pull, Kutchuk stood up in the bow with the end of the rope in his hand ready to jump ashore."
117,camels,depends_on,fuel,CentralAsia_Tibet_Vol2,CentralAsia_Tibet_Vol2.pdf,CentralAsia_Tibet_Vol2:276,CentralAsia_Tibet_Vol2:verified,Validated,"It was a long time since we had come across any fuel, and the wooden frames of the pack-saddles had been used up as fast as the camels died."
118,camels,depends_on,lake shore,CentralAsia_Tibet_Vol2,CentralAsia_Tibet_Vol2.pdf,CentralAsia_Tibet_Vol2:589,CentralAsia_Tibet_Vol2:verified,Validated,"We kept close to the lake shore, following faithfully all its windings, although that frequently took us over very difficult gravel terraces."
119,camels,depends_on,pasture,CentralAsia_Tibet_Vol2,CentralAsia_Tibet_Vol2.pdf,CentralAsia_Tibet_Vol2:523,CentralAsia_Tibet_Vol2:verified,Validated,...the pasture on its banks was so plentiful that we felt a day would not be lost if we stopped amongst it.
120,camels,depends_on,water,CentralAsia_Tibet_Vol1,CentralAsia_Tibet_Vol1.pdf,CentralAsia_Tibet_Vol1:310,CentralAsia_Tibet_Vol1:verified,Validated,"Now, however, we were chilled to the bone, owing to the intense cold, and had an abundance of water."
121,camels,supplies,abdu rehim,CentralAsia_Tibet_Vol1,CentralAsia_Tibet_Vol1.pdf,CentralAsia_Tibet_Vol1:402,CentralAsia_Tibet_Vol1:verified,Validated,Abdu Rehim was quite delighted at the prospect of having such a pleasant surprise to give to his old father as a large supply of camel-meat.
122,camels,transports_via,assesses,CentralAsia_Tibet_Vol1,CentralAsia_Tibet_Vol1.pdf,CentralAsia_Tibet_Vol1:632,CentralAsia_Tibet_Vol1:candidate,Missing,"The miners convey their para-phernalia on the backs of asses, which they then send down into the valleys to graze during the two months that their work lasts."
123,camp,depends_on,packaging cases and baggage,CentralAsia_Tibet_Vol1,CentralAsia_Tibet_Vol1.pdf,CentralAsia_Tibet_Vol1:41,CentralAsia_Tibet_Vol1:verified,Validated,"Shortly after striking camp on the following morning we crossed the river two or three times, but after that kept for the most part to the right bank."
124,canoe-men,extracts_from,tarim river,CentralAsia_Tibet_Vol1,CentralAsia_Tibet_Vol1.pdf,CentralAsia_Tibet_Vol1:221,CentralAsia_Tibet_Vol1:verified,Validated,"The river divided into five arms, and guided us to that which they considered to be the principal one."
125,captain drummond,negotiates_with,government,British_Garhwal,British_Garhwal.pdf,British_Garhwal:16,British_Garhwal:candidate,Validated,"In 1838 Captain Drummond brought out Mr. Wilkin, a Cornish miner, and the Government granted the sum of Rs."
126,caravan,supplies,maize,CentralAsia_Tibet_Vol2,CentralAsia_Tibet_Vol2.pdf,CentralAsia_Tibet_Vol2:207,CentralAsia_Tibet_Vol2:verified,Validated,We gave them as much kamish and maize as they could eat...
127,caravan,trades_with,provisions,CentralAsia_Tibet_Vol2,CentralAsia_Tibet_Vol2.pdf,CentralAsia_Tibet_Vol2:128|271|497,CentralAsia_Tibet_Vol2:candidate,Validated,they refused to supply them with provisions
128,caravan,trades_with,siriap peninsula,CentralAsia_Tibet_Vol2,CentralAsia_Tibet_Vol2.pdf,CentralAsia_Tibet_Vol2:598,CentralAsia_Tibet_Vol2:verified,Validated,We found the caravan comfortably established on a flat peninsula called Siriap~ where bushes were very plentiful.
129,caravans,trades_with,camel-drivers and merchants (traveling to kashgar),CentralAsia_Tibet_Vol1,CentralAsia_Tibet_Vol1.pdf,CentralAsia_Tibet_Vol1:56,CentralAsia_Tibet_Vol1:candidate,Missing,...the shouts and singing of the camel-drivers more and more distinctly. And finally the riot died away amongst the mountains.
130,cash,trades_with,that was well established,Becoming_India,Becoming_India.pdf,,Becoming_India:no_evidence,Validated,
131,chala,controls,route from humla valley to saina chaur,Traders_in_Highland_Nepal,Traders_in_Highland_Nepal.pdf,Traders_in_Highland_Nepal:288,Traders_in_Highland_Nepal:verified,Validated,"It controls the route from the Humla valley to the Saina Chaur, the site of a trade-mart, and thence to Bajura and Acham."
132,chamdo,trades_with,china,Report_On_Tibet_1903,Report_On_Tibet_1903.pdf,Report_On_Tibet_1903:29|60,Report_On_Tibet_1903:candidate,Validated,At Chamdo there are several Chinese merchants and all the Chinese officials trade freely on their own account.
133,champas,extracts_from,the salt from this place,Rupshu,Rupshu.pdf,,Rupshu:no_evidence,Probable,
134,chandrpur,trades_with,markets of rhmnagar and kotdwhra,Himalayan_Gazatteer,Himalayan_Gazatteer.pdf,Himalayan_Gazatteer:180,Himalayan_Gazatteer:verified,Validated,...A good road along the line of the Nybr river and over the soutbern mountai~ls now connects this tract with the principal ~ ~ o u b s  leading to the markets of Rhmnagar and Kotdwhra...
135,chang-luk sheep,supplies,coarse wool,Ladakh,Ladakh.pdf,,Ladakh:no_evidence,Validated,
136,chang-luk sheep,supplies,meat,Ladakh,Ladakh.pdf,,Ladakh:no_evidence,Probable,
137,chang-pa,extracts_from,salt,Ladakh,Ladakh.pdf,,Ladakh:no_evidence,Validated,
138,chang-pa,transports_via,thousands and thousands of sheep,Ladakh,Ladakh.pdf,,Ladakh:no_evidence,Validated,
139,chang-pa goats,supplies,"pashm, or 'cashmere",Ladakh,Ladakh.pdf,,Ladakh:no_evidence,Probable,
140,charas,governs,government,Ladakh,Ladakh.pdf,,Ladakh:no_evidence,Validated,
141,chasralu,disputes,mahasu,Becoming_India,Becoming_India.pdf,,Becoming_India:no_evidence,Validated,
142,cherdon,supplies,a young yak,CentralAsia_Tibet_Vol1,CentralAsia_Tibet_Vol1.pdf,,CentralAsia_Tibet_Vol1:not_found,Validated,"Cherdon had carefully kept a few cartridges, but now expended them upon a young yak, which furnished us with a good load of excellent meat."
143,cherdon,supplies,aldat,CentralAsia_Tibet_Vol1,CentralAsia_Tibet_Vol1.pdf,CentralAsia_Tibet_Vol1:585,CentralAsia_Tibet_Vol1:verified,Validated,"Cherdon cut me some cutlets, which were not at all bad ; but then it was a young animal, whose flesh was tender."
144,cherdon,supplies,food,CentralAsia_Tibet_Vol2,CentralAsia_Tibet_Vol2.pdf,CentralAsia_Tibet_Vol2:493,CentralAsia_Tibet_Vol2:verified,Validated,"we were well supplied with food in the shape of a whole roast goose, and two or three cakes of bread"
145,cherdon,trades_with,kutchuk and tokta ahun,CentralAsia_Tibet_Vol1,CentralAsia_Tibet_Vol1.pdf,CentralAsia_Tibet_Vol1:526,CentralAsia_Tibet_Vol1:verified,Validated,"Half-an-hour later they were followed by Turdu Bai, with my cases and the dinner service on camels."
146,cherdon,trades_with,mollah shah,CentralAsia_Tibet_Vol1,CentralAsia_Tibet_Vol1.pdf,CentralAsia_Tibet_Vol1:526,CentralAsia_Tibet_Vol1:verified,Validated,The men blamed Mollah Shah for going on with the horses after Aldat told him there was good grazing near a little spring on the other side of the pass.
147,cherdon,trades_with,tibetans,CentralAsia_Tibet_Vol2,CentralAsia_Tibet_Vol2.pdf,CentralAsia_Tibet_Vol2:519,CentralAsia_Tibet_Vol2:verified,Validated,"Patrols of Tibetans were out in every direction, they also looking for us;"
148,chernoff,depends_on,the ravine,CentralAsia_Tibet_Vol2,CentralAsia_Tibet_Vol2.pdf,CentralAsia_Tibet_Vol2:453,CentralAsia_Tibet_Vol2:candidate,Probable,it was difficult and even dangerous for Chernoff to ride across ; its bottom consisted of extremely soft mud.
149,chernoff,extracts_from,river tsangar-shar,CentralAsia_Tibet_Vol2,CentralAsia_Tibet_Vol2.pdf,CentralAsia_Tibet_Vol2:578,CentralAsia_Tibet_Vol2:candidate,Validated,"Shagdur and Chernoff especially distinguished themselves as anglers, and time after time brought me a bunch of beautiful fish, frozen as hard as a stone."
150,chernoff,governs,camels,CentralAsia_Tibet_Vol2,CentralAsia_Tibet_Vol2.pdf,CentralAsia_Tibet_Vol2:290,CentralAsia_Tibet_Vol2:verified,Validated,"Then we picked out eleven camels, five of which had carried no loads during the last two or three days, and six horses, and left them to get a few days' rest..."
151,chernoff,governs,caravan,CentralAsia_Tibet_Vol2,CentralAsia_Tibet_Vol2.pdf,CentralAsia_Tibet_Vol2:219,CentralAsia_Tibet_Vol2:verified,Validated,Chernoff was in supreme command of the caravan.
152,chernoff,governs,dogs,CentralAsia_Tibet_Vol1,CentralAsia_Tibet_Vol1.pdf,CentralAsia_Tibet_Vol1:386,CentralAsia_Tibet_Vol1:verified,Validated,"Very early in the morning I heard him speaking in an animated voice, but with extreme caution, bidding someone tie up the dogs."
153,chernoff,governs,the caravan,CentralAsia_Tibet_Vol2,CentralAsia_Tibet_Vol2.pdf,CentralAsia_Tibet_Vol2:456,CentralAsia_Tibet_Vol2:verified,Validated,"enjoined Chernoff, who was head-man of the caravan..."
154,chernoff,supplies,nine camels,CentralAsia_Tibet_Vol2,CentralAsia_Tibet_Vol2.pdf,CentralAsia_Tibet_Vol2:434,CentralAsia_Tibet_Vol2:verified,Validated,he brought nine camels with him ; he had only lost two camels and two of the horses.
155,chernoff,trades_with,camel,CentralAsia_Tibet_Vol1,CentralAsia_Tibet_Vol1.pdf,CentralAsia_Tibet_Vol1:386,CentralAsia_Tibet_Vol1:verified,Validated,"A camel had come down the wind towards the spring without suspecting any danger. Chernoff and Khodai Kullu fired at him, but they only wounded him slightly, and he turned and fled back to the east."
156,chernoff,trades_with,the south side of the lake,CentralAsia_Tibet_Vol2,CentralAsia_Tibet_Vol2.pdf,CentralAsia_Tibet_Vol2:591,CentralAsia_Tibet_Vol2:candidate,Validated,We continued our investigations a considerable distance along the south side of the lake without discovering any obstacle.
157,chernoff,trades_with,tso-ngombo lake,CentralAsia_Tibet_Vol2,CentralAsia_Tibet_Vol2.pdf,CentralAsia_Tibet_Vol2:590,CentralAsia_Tibet_Vol2:candidate,Probable,On the 3rd of December I sent Chernoff across the lake in the skiff to sound the depth along a line which I had previously marked out for him : the soundings gave 98+ feet.
158,chetris,trades_with,"bhotias of simikot, nalla and the",Traders_in_Highland_Nepal,Traders_in_Highland_Nepal.pdf,Traders_in_Highland_Nepal:315,Traders_in_Highland_Nepal:verified,Validated,"The Chetris of such Humla villages as Simikot, Nalla and The have even less contact with Bhotias than Thakuris."
159,chetris,trades_with,taklakot,Traders_in_Highland_Nepal,Traders_in_Highland_Nepal.pdf,Traders_in_Highland_Nepal:295,Traders_in_Highland_Nepal:verified,Validated,Men who own no sheep go only to Taklakot to exchange grain for salt which they bring home carrying it on their backs.
160,chetris of thali,trades_with,acham,Traders_in_Highland_Nepal,Traders_in_Highland_Nepal.pdf,Traders_in_Highland_Nepal:295,Traders_in_Highland_Nepal:verified,Validated,"The Chetris of Thali, a village one day’s journey below Chibro, still go with their sheep both to Taklakot and to Acham, where they exchange salt for rice and wheat, and graze their sheep during the winter months."
161,chetris of thali,trades_with,taklakot,Traders_in_Highland_Nepal,Traders_in_Highland_Nepal.pdf,Traders_in_Highland_Nepal:295,Traders_in_Highland_Nepal:verified,Validated,"The Chetris of Thali, a village one day’s journey below Chibro, still go with their sheep both to Taklakot and to Acham, where they exchange salt for rice and wheat, and graze their sheep during the winter months."
162,chetris of unapani,trades_with,taklakot,Traders_in_Highland_Nepal,Traders_in_Highland_Nepal.pdf,Traders_in_Highland_Nepal:295,Traders_in_Highland_Nepal:verified,Validated,"But the Chetris of Unapani, a large village rich in rice-lands, never take their sheep and goats to Acham, but go once a year to Taklakot bartering their own grain for salt..."
163,chief,licenses,nomads,CentralAsia_Tibet_Vol2,CentralAsia_Tibet_Vol2.pdf,CentralAsia_Tibet_Vol2:387,CentralAsia_Tibet_Vol2:verified,Validated,"They brought with them fat and sour milk, and explained that they were forbidden by their chief to receive anything in recompense."
164,china,controls,kam,Report_On_Tibet_1903,Report_On_Tibet_1903.pdf,Report_On_Tibet_1903:26,Report_On_Tibet_1903:candidate,Validated,during the last two centuries China has been continually encroaching upon this region and ever since she succeeded in establishing a paramount influence at Lhasa has been gradually absorbing as much as possible of the border country.
165,china,governs,chamdo,Report_On_Tibet_1903,Report_On_Tibet_1903.pdf,Report_On_Tibet_1903:29,Report_On_Tibet_1903:candidate,Validated,Chamdo lower down the stream is a large district described as an ecclesiastical fief under the rule of a high dignitary of the Ovrlukpa sect of Buddhism who is termed the Fa-pa-lha. ('Chamdo appears to be a recognised dependency of China rather than of Lhasa.
166,china,governs,industrialization and economic development,Salt_routes_and_barter_caravans_in_the_H,Salt_routes_and_barter_caravans_in_the_H.pdf,,Salt_routes_and_barter_caravans_in_the_H:no_evidence,Missing,
167,china,governs,lhasa,Memo_Relations_with_Tibet,Memo_Relations_with_Tibet.pdf,Memo_Relations_with_Tibet:47,Memo_Relations_with_Tibet:candidate,Validated,the Chinese Amban rebuked the Regent at Lhasa for admitting him into the country...
168,china,governs,new asian economic sphere,Santiago_Lazcano,Santiago_Lazcano.pdf,Santiago_Lazcano:26,Santiago_Lazcano:verified,Validated,and which includes them in the new Asian economic sphere dominated by China.
169,china,trades_with,tea,Ladakh,Ladakh.pdf,,Ladakh:no_evidence,Validated,
170,chinese,controls,tibetans,Memo_Relations_with_Tibet,Memo_Relations_with_Tibet.pdf,Memo_Relations_with_Tibet:20,Memo_Relations_with_Tibet:candidate,Validated,The truth seems to be that both the Chinese and the Tibetans only make use of each other when they have need the one of the other.
171,chinese,negotiates_with,tibetan delegates,Memo_Relations_with_Tibet,Memo_Relations_with_Tibet.pdf,Memo_Relations_with_Tibet:19,Memo_Relations_with_Tibet:candidate,Validated,The Chinese delegate here now is most anxious to commence negotiations at Khamba Jon& but the Tibetan delegates obstinately assert that they will negotiate nowhere but at Cagong.
172,chinese authorities,controls,pattern of trade,Traders_in_Highland_Nepal,Traders_in_Highland_Nepal.pdf,Traders_in_Highland_Nepal:262,Traders_in_Highland_Nepal:candidate,Probable,"All signs point to the fact that they are trying to reduce the number of trade-routes, and are channelling most supplies through Taklakot."
173,chinese authorities,governs,trade,Traders_in_Highland_Nepal,Traders_in_Highland_Nepal.pdf,Traders_in_Highland_Nepal:93,Traders_in_Highland_Nepal:verified,Validated,"Subsequent to the flight of the Dalai Lama and the exodus of large numbers of Tibetan refugees in 1959, the Nepal-Tibet frontier was for a time completely closed, but later the Chinese authorities allowed a limited trade in a few basic commodities such as salt, grain and wool."
174,chinese authorities,licenses,salt,Salt_routes_and_barter_caravans_in_the_H,Salt_routes_and_barter_caravans_in_the_H.pdf,,Salt_routes_and_barter_caravans_in_the_H:no_evidence,Validated,
175,chinese emperor,negotiates_with,dalai lama,Memo_Relations_with_Tibet,Memo_Relations_with_Tibet.pdf,Memo_Relations_with_Tibet:18,Memo_Relations_with_Tibet:candidate,Validated,he immediately opened negotiations with the Dali Lama at Lhasa and succeeded in inducing him to use all his influence...
176,chinese government,transports_via,salt from the lakes in trucks,Rupshu,Rupshu.pdf,,Rupshu:no_evidence,Validated,
177,chinese rulers of tibet,governs,transit of men and cattle,Traders_in_Highland_Nepal,Traders_in_Highland_Nepal.pdf,Traders_in_Highland_Nepal:74,Traders_in_Highland_Nepal:candidate,Probable,The Chinese do not allow the transit of men and cattle from Khumbu to the Sherpas' old markets in Western Nepal.
178,cigarettes,trades_with,tea,TransHimalayan_Traders_Fisher,TransHimalayan_Traders_Fisher.pdf,TransHimalayan_Traders_Fisher:248,TransHimalayan_Traders_Fisher:verified,Validated,items traded in (see Cigarettes; Cloth; Tea)
179,civilisational centres,governs,"marginal, oppressed people",Becoming_India,Becoming_India.pdf,,Becoming_India:no_evidence,Validated,
180,cloth,trades_with,wool,TransHimalayan_Traders_Fisher,TransHimalayan_Traders_Fisher.pdf,TransHimalayan_Traders_Fisher:248,TransHimalayan_Traders_Fisher:candidate,Validated,"cloth for resale, 77, 118; traded, 100-101, 125."
181,colonel saitseff,governs,the district of osh,CentralAsia_Tibet_Vol1,CentralAsia_Tibet_Vol1.pdf,CentralAsia_Tibet_Vol1:32,CentralAsia_Tibet_Vol1:verified,Validated,"He held the appointment of uyasdny natyalnik (district commissioner) of the district of Osh, ruling over a population of some 175,000..."
182,colonel saitseff,governs,the town of osh,CentralAsia_Tibet_Vol2,CentralAsia_Tibet_Vol2.pdf,CentralAsia_Tibet_Vol2:227,CentralAsia_Tibet_Vol2:candidate,Probable,"He was ordered to report himself to Colonel Saitseff at Osh, the town where, according to the Russian law, the sentence was to be pronounced."
183,colonial state,governs,of this historical stage,Becoming_India,Becoming_India.pdf,,Becoming_India:no_evidence,Validated,
184,congress party,governs,dolpo district,TransHimalayan_Traders_Fisher,TransHimalayan_Traders_Fisher.pdf,,TransHimalayan_Traders_Fisher:no_evidence,Missing,"government in, 125."
185,consul petrovsky,controls,kurban,CentralAsia_Tibet_Vol1,CentralAsia_Tibet_Vol1.pdf,CentralAsia_Tibet_Vol1:362,CentralAsia_Tibet_Vol1:candidate,Validated,"But this was not the first time that Consul Petrovsky had heard these sorts of tales, and before my fine gentleman knew where he was he found himself behind the bolts and bars..."
186,consumers,trades_with,grain for salt,HUMLA_NEPAL,HUMLA_NEPAL.pdf,,HUMLA_NEPAL:no_evidence,Probable,
187,contractors,trades_with,sal timber,British_Garhwal,British_Garhwal.pdf,British_Garhwal:22,British_Garhwal:verified,Validated,The main produce exported consists of sal timber and bamboos.
188,cossack,licenses,horses,CentralAsia_Tibet_Vol2,CentralAsia_Tibet_Vol2.pdf,CentralAsia_Tibet_Vol2:302,CentralAsia_Tibet_Vol2:verified,Validated,"I gave him some money to buy horses with, in case the Tibetans should have any to sell..."
189,cossack,supplies,tea and tobacco,CentralAsia_Tibet_Vol2,CentralAsia_Tibet_Vol2.pdf,CentralAsia_Tibet_Vol2:302,CentralAsia_Tibet_Vol2:verified,Validated,"...also let him take some tea and tobacco for presents, to convince them that they had to do with people who meant them no ill."
190,cossacks,controls,ferry-boat,CentralAsia_Tibet_Vol1,CentralAsia_Tibet_Vol1.pdf,CentralAsia_Tibet_Vol1:469,CentralAsia_Tibet_Vol1:verified,Validated,"We moored the ferry-boat to the bank, and in less than five minutes dead silence reigned on board."
191,cossacks,governs,military salute,CentralAsia_Tibet_Vol2,CentralAsia_Tibet_Vol2.pdf,CentralAsia_Tibet_Vol2:497,CentralAsia_Tibet_Vol2:verified,Validated,the Cossacks receiving me as usual with a military salute
192,cossacks,governs,routes,CentralAsia_Tibet_Vol2,CentralAsia_Tibet_Vol2.pdf,CentralAsia_Tibet_Vol2:302,CentralAsia_Tibet_Vol2:verified,Validated,"the Cossacks were under the impression that the Tibetans had at once set to work to collect their yaks and horses, with the intention of striking camp."
193,cossacks,trades_with,mohammedans,CentralAsia_Tibet_Vol2,CentralAsia_Tibet_Vol2.pdf,CentralAsia_Tibet_Vol2:256,CentralAsia_Tibet_Vol2:verified,Validated,"ass-drivers, more like a band of banditti and tatterdemalions than anything else-the Lama, in his red robe, turning up, now here, now there, in different parts of the caravan, like a good-natured Puck-all these contributed to make up a varied and lively picture."
194,cossacks,transports_via,main strength,CentralAsia_Tibet_Vol2,CentralAsia_Tibet_Vol2.pdf,CentralAsia_Tibet_Vol2:302,CentralAsia_Tibet_Vol2:candidate,Missing,"...it would be an obvious advantage to have our main strength advanced as far south as possible, so as not to be cut off from it by too great a distance..."
195,court of nepal,governs,pargana assessment,British_Garhwal,British_Garhwal.pdf,British_Garhwal:98,British_Garhwal:verified,Validated,"survcy a detailed account of ea-h pargana showing th, numb~rs, names, sizo and extcr~t of the villagzs was submitted for th2 approbation of the court of Nepal."
196,customs contractor,licenses,thakalis,Traders_in_Highland_Nepal,Traders_in_Highland_Nepal.pdf,Traders_in_Highland_Nepal:216,Traders_in_Highland_Nepal:candidate,Validated,Anyone who makes one journey carrying salt is allowed to make two journeys carrying rice.
197,dal lake,supplies,cultivator,J&K_Gazatteer_1909,J&K_Gazatteer_1909.pdf,J&K_Gazatteer_1909:68,J&K_Gazatteer_1909:candidate,Validated,"Around the demlb plot run little water-channels from the lake, so that moisture is always present ; and on the demb a great variety of crops is raised."
198,dalai lama,governs,tibetan government,Memo_Relations_with_Tibet,Memo_Relations_with_Tibet.pdf,Memo_Relations_with_Tibet:27|29,Memo_Relations_with_Tibet:candidate,Validated,The Dalai Lama has conceded to the Russian Government the right to have a Consular Officer in Tibet...
199,dalai lama,governs,tibetans,Memo_Relations_with_Tibet,Memo_Relations_with_Tibet.pdf,Memo_Relations_with_Tibet:12,Memo_Relations_with_Tibet:candidate,Validated,"and that they have been able to keep themselves together in a compact nation, acting in unfaltering obedience to the Dalai Lama..."
200,dalai lama,trades_with,russia,Memo_Relations_with_Tibet,Memo_Relations_with_Tibet.pdf,Memo_Relations_with_Tibet:29,Memo_Relations_with_Tibet:candidate,Validated,"The offices and attributes of a Dalai Lama were more or less of a Buddhist pontiff, who was understood, even revered by the Buddhists, ol whom there was a very large number in the Russian Empire."
201,dangali khambas,trades_with,chala,Traders_in_Highland_Nepal,Traders_in_Highland_Nepal.pdf,Traders_in_Highland_Nepal:319,Traders_in_Highland_Nepal:verified,Validated,"The sheep and cattle graze in the care of the owner, men go on further trading journeys to Taklakot and later also to Chala."
202,dangali khambas,trades_with,saina chaur,Traders_in_Highland_Nepal,Traders_in_Highland_Nepal.pdf,Traders_in_Highland_Nepal:319,Traders_in_Highland_Nepal:verified,Validated,"The salt obtained in Taklakot or purchased in upper Humla they take to the trade-mart at Saina Chaur south of Chala, and there barter it for grain."
203,dangali khambas,trades_with,taklakot,Traders_in_Highland_Nepal,Traders_in_Highland_Nepal.pdf,Traders_in_Highland_Nepal:319,Traders_in_Highland_Nepal:verified,Validated,"After spending the winter in Acham they come with caravans of carrier-sheep laden with cereals, to upper Humla, and from there go to trade in Taklakot."
204,dangali khambas,trades_with,yari,Traders_in_Highland_Nepal,Traders_in_Highland_Nepal.pdf,Traders_in_Highland_Nepal:319,Traders_in_Highland_Nepal:verified,Validated,When on my way to Yari I passed a camp of Dangali Khambas...
205,debi chand,governs,kumaon,British_Garhwal,British_Garhwal.pdf,British_Garhwal:127,British_Garhwal:verified,Validated,"Debi Chand, the Kumaon raja, followed up this success."
206,deities,governs,political arrangements within the clan or devotional community,Becoming_India,Becoming_India.pdf,,Becoming_India:no_evidence,Validated,
207,deities,negotiates_with,relations between the state and its subjects,Becoming_India,Becoming_India.pdf,,Becoming_India:no_evidence,Validated,
208,deldan,governs,principalities of baltistan,Ladakh,Ladakh.pdf,,Ladakh:no_evidence,Probable,
209,deldan,negotiates_with,aurangzeb,Ladakh,Ladakh.pdf,,Ladakh:no_evidence,Validated,
210,deldan,negotiates_with,tibetan authorities,Ladakh,Ladakh.pdf,,Ladakh:no_evidence,Validated,
211,deputy commissioner,controls,district forests,British_Garhwal,British_Garhwal.pdf,British_Garhwal:23,British_Garhwal:verified,Validated,They are therefore left under the control of the Deputy Commissioner and it is an axiom that no profit is to be made out of them.
212,deputy commissioner,controls,extra assistant conservator,British_Garhwal,British_Garhwal.pdf,British_Garhwal:25,British_Garhwal:candidate,Missing,The technical and professional work of the whole district is supervised and directed by an extra assistant conservator (lent by the forest department) under the control of the Deputy Commissioner.
213,derge,trades_with,china,Report_On_Tibet_1903,Report_On_Tibet_1903.pdf,Report_On_Tibet_1903:60,Report_On_Tibet_1903:candidate,Validated,Derge is the capital of one of the richest agricultural and manufacturing regions of Tibet and does a brisk trade with China.
214,district,governs,pargana,British_Garhwal,British_Garhwal.pdf,,British_Garhwal:no_evidence,Validated,‘Pargana’ -------- eer
215,district officer,governs,outlay over forest management and improvement,British_Garhwal,British_Garhwal.pdf,British_Garhwal:23,British_Garhwal:verified,Validated,The income is to regulate the outlay over forest management and improvernent.
216,district panchayat,controls,forest-resources,Traders_in_Highland_Nepal,Traders_in_Highland_Nepal.pdf,Traders_in_Highland_Nepal:28,Traders_in_Highland_Nepal:verified,Validated,that in the course of a reorganization of the district administration the control of forest-resources has been transferred to the authority of the district panchayat.
217,dolpo,depends_on,"bartering salt, wool, blankets and goats",Traders_in_Highland_Nepal,Traders_in_Highland_Nepal.pdf,Traders_in_Highland_Nepal:198,Traders_in_Highland_Nepal:candidate,Validated,"The people of Dolpo, on the other hand, do not grow sufficient grain for their own consumption and depend on bartering salt, wool, blankets and goats for the buckwheat, maize and rice obtainable in the Tichurong region."
218,dolpo,disputes,construction of subsidiary settlements,Traders_in_Highland_Nepal,Traders_in_Highland_Nepal.pdf,Traders_in_Highland_Nepal:189,Traders_in_Highland_Nepal:verified,Validated,One could argue that the scarcity of timber... is a bar to the construction of subsidiary settlements...
219,dolpo,governs,irrigation channels,Traders_in_Highland_Nepal,Traders_in_Highland_Nepal.pdf,Traders_in_Highland_Nepal:193,Traders_in_Highland_Nepal:verified,Validated,Throughout Dolpo the village-headman has the task of organizing repairs to the irrigation channels.
220,dolpo,supplies,dairy produce and meat,Traders_in_Highland_Nepal,Traders_in_Highland_Nepal.pdf,Traders_in_Highland_Nepal:199,Traders_in_Highland_Nepal:verified,Validated,"Yak are indispensable as a source of dairy produce and meat, and as pack animals in seasonal moves."
221,dolpo,trades_with,china and tibet,Salt_routes_and_barter_caravans_in_the_H,Salt_routes_and_barter_caravans_in_the_H.pdf,,Salt_routes_and_barter_caravans_in_the_H:no_evidence,Probable,
222,dolpo,trades_with,grain,Salt_routes_and_barter_caravans_in_the_H,Salt_routes_and_barter_caravans_in_the_H.pdf,,Salt_routes_and_barter_caravans_in_the_H:no_evidence,Validated,
223,dolpo,trades_with,tibet,Traders_in_Highland_Nepal,Traders_in_Highland_Nepal.pdf,Traders_in_Highland_Nepal:339,Traders_in_Highland_Nepal:verified,Validated,The modest level of trade established after the period of almost complete disruption in the years 1959-62 is likely to enable the people of such areas as Dolpo and Mugu to survive without the need for a drastic restructuring of their economy.
224,dolpo desa,governs,"yak, sheep and goats",Traders_in_Highland_Nepal,Traders_in_Highland_Nepal.pdf,Traders_in_Highland_Nepal:189,Traders_in_Highland_Nepal:verified,Validated,"The herdsmen and women in a Dolpo desa have no other major occupation than the care of their yak, sheep and goats..."
225,dolpo district,controls,salt circuit,TransHimalayan_Traders_Fisher,TransHimalayan_Traders_Fisher.pdf,,TransHimalayan_Traders_Fisher:no_evidence,Validated,Transactions: The Salt Circuit
226,dolpo district,governs,cultural setting,TransHimalayan_Traders_Fisher,TransHimalayan_Traders_Fisher.pdf,TransHimalayan_Traders_Fisher:32,TransHimalayan_Traders_Fisher:candidate,Validated,"The political and administrative unit of Dolpo District is a culturally heterogeneous, ecologically plural, multilinguistic entity."
227,dolpo dwellings,depends_on,scarcity of timber,Traders_in_Highland_Nepal,Traders_in_Highland_Nepal.pdf,Traders_in_Highland_Nepal:183,Traders_in_Highland_Nepal:verified,Validated,"Every post and rafter for a Dolpo house has to be brought over difficult paths from great distances, and it is understandable that houses are built in a style requiring as little timber as possible."
228,dolpo people,depends_on,dairy products,Traders_in_Highland_Nepal,Traders_in_Highland_Nepal.pdf,Traders_in_Highland_Nepal:206,Traders_in_Highland_Nepal:verified,Validated,"The Dolpo people have only limited quantities of grain, made for the most part into roasted meal (tsampa) and eaten with buttermilk and curd."
229,dolpo people,depends_on,salt supply,Traders_in_Highland_Nepal,Traders_in_Highland_Nepal.pdf,Traders_in_Highland_Nepal:240,Traders_in_Highland_Nepal:verified,Validated,"Their ability to supply salt enabled the Dolpo people not only to cover their deficit of locally grown crops such as barley, but to acquire even such superior types of food-grain as rice and wheat."
230,dolpo people,supplies,yak,Traders_in_Highland_Nepal,Traders_in_Highland_Nepal.pdf,Traders_in_Highland_Nepal:225,Traders_in_Highland_Nepal:verified,Validated,"Only old yak, and mainly castrated males, are sold by Dolpo people for this purpose and their price varied in 1962 between R300 and R350."
231,dolpo people,trades_with,tarakot,Traders_in_Highland_Nepal,Traders_in_Highland_Nepal.pdf,Traders_in_Highland_Nepal:236,Traders_in_Highland_Nepal:verified,Validated,Some of the Dolpo people go year after year to the same house in Tarakot...
232,dolpo people,trades_with,thak khola and tichurong,Traders_in_Highland_Nepal,Traders_in_Highland_Nepal.pdf,Traders_in_Highland_Nepal:207|214,Traders_in_Highland_Nepal:candidate,Probable,Highlanders of the Dhaulagiri Zone...transport their goods mainly on the backs of yak to Tibet or to the lower regions of Thak Khola and Tichurong.
233,dolpo people,trades_with,tibet,Traders_in_Highland_Nepal,Traders_in_Highland_Nepal.pdf,Traders_in_Highland_Nepal:235,Traders_in_Highland_Nepal:verified,Validated,Highlanders of the Dhaulagiri Zone...transport their goods mainly on the backs of yak to Tibet or to the lower regions of Thak Khola and Tichurong. | Apart from the exchange of salt obtained from Tibet by the Dolpo people for grain brought by men of Tarakot from the middle-ranges - a trade comparable to that between Dolpo and Thak Khola - there is an intimate symbiosis between the two populations.
234,dolpo people,transports_via,yak,Traders_in_Highland_Nepal,Traders_in_Highland_Nepal.pdf,Traders_in_Highland_Nepal:207,Traders_in_Highland_Nepal:candidate,Validated,"Yak serve also as pack animals. They carry the tents, equipment and food supplies of herdsmen, and traders going either to Tibet or to the lower regions of Thak Khola and Tichurong transport their goods mainly on the backs of yak."
235,dolpo traders,trades_with,tibet,Traders_in_Highland_Nepal,Traders_in_Highland_Nepal.pdf,Traders_in_Highland_Nepal:218,Traders_in_Highland_Nepal:candidate,Validated,"Before the threat of Khambas had prevented the Dolpo traders from going to Tibet, they bartered ua-barley there for three to four times the quantity of salt, while the exchange rate in Dolpo villages such as Tsharka and Do was 1%-2 measures of salt for 1 of wa-barley."
236,dominant village community,governs,servile groups,Becoming_India,Becoming_India.pdf,,Becoming_India:no_evidence,Validated,
237,donations,taxes,statements,Gutenberg_EBook,Gutenberg_EBook.pdf,,Gutenberg_EBook:no_evidence,Validated,
238,dorje ngungdu,depends_on,hay,Traders_in_Highland_Nepal,Traders_in_Highland_Nepal.pdf,Traders_in_Highland_Nepal:70,Traders_in_Highland_Nepal:candidate,Validated,"During that time the animals grazed as long as possible on the surrounding slopes, and from December onwards were fed on hay and the dried stalks of buckwheat stored in Khumjung."
239,dorje ngungdu,transports_via,28 pathi of salt and r50 in cash,Traders_in_Highland_Nepal,Traders_in_Highland_Nepal.pdf,Traders_in_Highland_Nepal:87,Traders_in_Highland_Nepal:candidate,Probable,They carried 28 pathi back to Khum-jung and Dorje Ngungdu and his son started almost at once on a second trip and returned with the remaining 20 pathi.
240,dorje ngungdu's son,trades_with,kyabrak in tibet,Traders_in_Highland_Nepal,Traders_in_Highland_Nepal.pdf,Traders_in_Highland_Nepal:87,Traders_in_Highland_Nepal:candidate,Probable,"In June Dorje Ngungdu’s son went to Kyabrak in Tibet to barter grain for salt, and then did a trip to a Sherpa village near Kharikhola, where he fetched wheat obtained in exchange for woollen apron material which his father had left there on commission on a previous journey."
241,dorje ngungdu's son,trades_with,rai country,Traders_in_Highland_Nepal,Traders_in_Highland_Nepal.pdf,Traders_in_Highland_Nepal:87,Traders_in_Highland_Nepal:verified,Validated,In April Dorje Ngungdu and his son and daughter went once again to the Rai country.
242,dorje ngungdu's son,trades_with,"wopse, in the lower dudh kosi valley",Traders_in_Highland_Nepal,Traders_in_Highland_Nepal.pdf,Traders_in_Highland_Nepal:87,Traders_in_Highland_Nepal:verified,Validated,"They sold their wares in Wopse, in the lower Dudh Kosi valley and bought 60 pathi of maize and 7 pathi of small millet."
243,dorje tikbi (mende),trades_with,cotton clothes,Traders_in_Highland_Nepal,Traders_in_Highland_Nepal.pdf,Traders_in_Highland_Nepal:86,Traders_in_Highland_Nepal:verified,Validated,"with this money they bought some cotton clothes for themselves, as well as unrefined sugar, some sugar candy and a load of madder"
244,dorje tikbi (mende),trades_with,kursti,Traders_in_Highland_Nepal,Traders_in_Highland_Nepal.pdf,Traders_in_Highland_Nepal:86,Traders_in_Highland_Nepal:verified,Validated,each of them carried one load of kurki
245,dorje tikbi (mende),trades_with,madder,Traders_in_Highland_Nepal,Traders_in_Highland_Nepal.pdf,Traders_in_Highland_Nepal:86,Traders_in_Highland_Nepal:verified,Validated,"with this money they bought some cotton clothes for themselves, as well as unrefined sugar, some sugar candy and a load of madder"
246,dorje tikbi (mende),trades_with,unrefined sugar,Traders_in_Highland_Nepal,Traders_in_Highland_Nepal.pdf,Traders_in_Highland_Nepal:86,Traders_in_Highland_Nepal:verified,Validated,"with this money they bought some cotton clothes for themselves, as well as unrefined sugar, some sugar candy and a load of madder"
247,dovlet caravan-bashi,trades_with,animals,CentralAsia_Tibet_Vol2,CentralAsia_Tibet_Vol2.pdf,CentralAsia_Tibet_Vol2:208,CentralAsia_Tibet_Vol2:verified,Validated,"I arranged this business with an honest old fellow named Dovlet Caravan-bashi, from Bokhara, who did excellently well, though he made very little money out of the transaction..."
248,drogpa,transports_via,tea,Salt_routes_and_barter_caravans_in_the_H,Salt_routes_and_barter_caravans_in_the_H.pdf,,Salt_routes_and_barter_caravans_in_the_H:no_evidence,Validated,
249,drokpas,trades_with,bhotias,Santiago_Lazcano,Santiago_Lazcano.pdf,Santiago_Lazcano:4,Santiago_Lazcano:candidate,Validated,"Once they arrived in the last villages before the border, the Drokpas exchanged their merchandise with people who arrived from the other side of the pass bringing the desired products from the south: vegetables, sugar, and especially barley, corn and wheat."
250,east turkestan,governs,chinese authorities,CentralAsia_Tibet_Vol1,CentralAsia_Tibet_Vol1.pdf,CentralAsia_Tibet_Vol1:61,CentralAsia_Tibet_Vol1:verified,Validated,For each animal we had to pay to the Chinese authorities four shillings as a sort of market toll.
251,eskilstuna knife,trades_with,central asia,CentralAsia_Tibet_Vol1,CentralAsia_Tibet_Vol1.pdf,CentralAsia_Tibet_Vol1:23,CentralAsia_Tibet_Vol1:verified,Validated,A first-class Eskilstuna knife is valued in Central Asia at a great deal more than its monetary value.
252,europe,trades_with,manufactured goods,Ladakh,Ladakh.pdf,,Ladakh:no_evidence,Validated,
253,european men,trades_with,nakkchu,CentralAsia_Tibet_Vol2,CentralAsia_Tibet_Vol2.pdf,,CentralAsia_Tibet_Vol2:not_found,Validated,"The governor of Nakkchu has communicated the said instructions to the governor of Namru, and let writings be sent with haste to Namru and Nakktsong."
254,faisullah,governs,caravan,CentralAsia_Tibet_Vol2,CentralAsia_Tibet_Vol2.pdf,CentralAsia_Tibet_Vol2:179,CentralAsia_Tibet_Vol2:verified,Validated,"This detachment I put in charge of Faisullah, and gave him Li Loyeh and hlollah to assist him."
255,farmers,trades_with,"five village men who are particularly skilled in making plows, carpenter/blacksmith",TransHimalayan_Traders_Fisher,TransHimalayan_Traders_Fisher.pdf,TransHimalayan_Traders_Fisher:83,TransHimalayan_Traders_Fisher:candidate,Probable,"A plow: this can be made by oneself, bought from any of five village men who are particularly skilled in making plows."
256,farmers from lower ladakh (or sham),transports_via,"apricots, grain, walnuts, and white radish to trade for salt",Rupshu,Rupshu.pdf,,Rupshu:no_evidence,Validated,
257,farmers inhabiting the lower humla valley,depends_on,traders from panchsati and barthapale,Traders_in_Highland_Nepal,Traders_in_Highland_Nepal.pdf,Traders_in_Highland_Nepal:296,Traders_in_Highland_Nepal:verified,Validated,"For traders from Panchsati and Barthapale regularly visit their villages, bringing salt and bartering it for locally grown grain."
258,fateh sah medini sah,governs,tibet,British_Garhwal,British_Garhwal.pdf,British_Garhwal:126,British_Garhwal:verified,Validated,Fu!c.h Sah i.5 also credited with the c-xt~nsion of his r;owcr into Tibet...
259,ferry-boat,trades_with,goose,CentralAsia_Tibet_Vol2,CentralAsia_Tibet_Vol2.pdf,,CentralAsia_Tibet_Vol2:no_evidence,Validated,"of the ferry-boat, i.327"
260,forest department,governs,road construction,British_Garhwal,British_Garhwal.pdf,British_Garhwal:23,British_Garhwal:verified,Validated,"The forests are well served with roads, many of which are kept open all the year round in the interest of villagers and travellers."
261,forest settlements,governs,and gave responsibility for their management to the forest department,Becoming_India,Becoming_India.pdf,,Becoming_India:no_evidence,Missing,
262,foresters,supplies,forest operations,British_Garhwal,British_Garhwal.pdf,British_Garhwal:24,British_Garhwal:candidate,Missing,"In 1903, a duly constituted establishment was appointed consisting of three foresters on Rs."
263,fragile mountain ecologies,transports_via,on some of the popular trekking trails,Ladakh,Ladakh.pdf,,Ladakh:no_evidence,Validated,
264,frederic drew,governs,ladakh,Ladakh,Ladakh.pdf,,Ladakh:no_evidence,Validated,
265,ganges,transports_via,water,Himalayan_Gazatteer,Himalayan_Gazatteer.pdf,Himalayan_Gazatteer:250,Himalayan_Gazatteer:candidate,Validated,"The Ganges thus appears to incurious spectators to derive its original source from this chain of mountains, and the end of superstition has given to the mouth of the cavern the form of the bead of a cow..."
266,ganges division,governs,forests,British_Garhwal,British_Garhwal.pdf,British_Garhwal:19,British_Garhwal:verified,Validated,"Of these, three, the Saneh, Laldhang and Khara forests, were included in the Ganges division formed in December 1879."
267,gangotri,governs,the ritual to be observed by pilgrims,Himalayan_Gazatteer,Himalayan_Gazatteer.pdf,,Himalayan_Gazatteer:not_found,Missing,"Ablution in these pools is considered an important part of the ritual to be observed by pilgrims who visit this spot, considered popularly to be the source of the Ganges..."
268,gangotri,supplies,pilgrims,Himalayan_Gazatteer,Himalayan_Gazatteer.pdf,Himalayan_Gazatteer:249,Himalayan_Gazatteer:candidate,Validated,"Without the enclosure there are a few wooden sheds constructed for the accommodation of pilgrims, who also find shelter in caves formed by overhanging stones..."
269,garhwal,governs,"forest dues or keth-bans, and kath mahals",British_Garhwal,British_Garhwal.pdf,,British_Garhwal:not_found,Missing,"Trail the Commissioner was authorized to farm out the forest dues or keth-bans, and kath mahals, as they were called form their principal items kdth (timber), bans (bamboo) and Eatll (catechu) to the zamindar of the pnrgnna in which they were collected."
270,garhwal,governs,wages,British_Garhwal,British_Garhwal.pdf,British_Garhwal:48,British_Garhwal:candidate,Validated,Wages have risen greatly with the rise of Garhwal from its stagnation.
271,garhwal,supplies,"salt, cloth, iron and the like",British_Garhwal,British_Garhwal.pdf,British_Garhwal:48,British_Garhwal:candidate,Validated,"The market of Garhwal is Kotdwara : it receives whatever is produced in the interior of the district, which it supplies with salt, cloth, iron and the like."
272,garu,taxes,tibetan countries in its neighbourhood,Gutenberg_EBook,Gutenberg_EBook.pdf,,Gutenberg_EBook:no_evidence,Validated,
273,gg,trades_with,salt,J&K_Gazatteer_1909,J&K_Gazatteer_1909.pdf,J&K_Gazatteer_1909:151,J&K_Gazatteer_1909:verified,Validated,"Salt, increasing importation of, Gg, 71..."
274,gh«sa-settlement,governs,livestock,Traders_in_Highland_Nepal,Traders_in_Highland_Nepal.pdf,Traders_in_Highland_Nepal:29,Traders_in_Highland_Nepal:verified,Validated,"The £w«sa-settlement of Teshinga situated on a broad ledge above the Dudh Kosi gorge, rivals in size some of the smaller main villages."
275,gilgit,governs,scattered district of kashmir state,J&K_Gazatteer_1909,J&K_Gazatteer_1909.pdf,J&K_Gazatteer_1909:142,J&K_Gazatteer_1909:verified,Validated,head-quarters of scattered district of Kashmir State
276,goats,transports_via,"grain, salt, and borrr",Himalayan_Gazatteer,Himalayan_Gazatteer.pdf,Himalayan_Gazatteer:157,Himalayan_Gazatteer:candidate,Validated,"Sheep and goats serve as the means of transport for nearly the whole of the grain, salt, and borrr..."
277,gold,extracts_from,river,British_Garhwal,British_Garhwal.pdf,British_Garhwal:149,British_Garhwal:verified,Validated,Gold in small quantities has been obtained by searching the sands of this river...
278,goloks,extracts_from,kyaring tso and ngoring tso,Santiago_Lazcano,Santiago_Lazcano.pdf,Santiago_Lazcano:10,Santiago_Lazcano:verified,Validated,"The Kyaring tso and Ngoring tso, from which the Goloks obtained salt, are not strictly saltwater lakes, but salt is found along their banks. This is enough to be considered by Tibetans as tsaka."
279,goloks,extracts_from,tsam tso lake,Santiago_Lazcano,Santiago_Lazcano.pdf,Santiago_Lazcano:10,Santiago_Lazcano:candidate,Validated,"These hardy nomads also extracted salt from Tsam tso Lake (now in the process of disappearing) and traded it for wood, sap and pine resin with traders from northwestern Sichuan."
280,goloks,monopolizes,salt,Santiago_Lazcano,Santiago_Lazcano.pdf,Santiago_Lazcano:10,Santiago_Lazcano:candidate,Validated,"According to Grenard, the Goloks also collected salt from the twin lakes Kyaring tso and Ngoring tso and exercised 'a lucrative trade, for they make sure of a monopoly in it through the terror with which they inspire their neighbours'."
281,goloks,trades_with,merchants of kan-su and se-chuan,Report_On_Tibet_1903,Report_On_Tibet_1903.pdf,Report_On_Tibet_1903:27,Report_On_Tibet_1903:candidate,Probable,"They are also carriers, and as such intermediaries between the merchants of Kan-su and Se-chuan and of eastern Tibet."
282,goloks,trades_with,traders from northwestern sichuan,Santiago_Lazcano,Santiago_Lazcano.pdf,Santiago_Lazcano:10,Santiago_Lazcano:candidate,Validated,"These hardy nomads also extracted salt from Tsam tso Lake (now in the process of disappearing) and traded it for wood, sap and pine resin with traders from northwestern Sichuan."
283,gopal ji,governs,state,Mandi_Gazatteer,Mandi_Gazatteer.pdf,Mandi_Gazatteer:46,Mandi_Gazatteer:candidate,Missing,The function that this god is the head of the State is still nominally retained...
284,gorkha dynasty,governs,dolpo,Traders_in_Highland_Nepal,Traders_in_Highland_Nepal.pdf,Traders_in_Highland_Nepal:173,Traders_in_Highland_Nepal:verified,Validated,"With both Jumla and Lo incorporated within the domain of the Gorkha dynasty, Dolpo became automatically part of the kingdom of Nepal."
285,gorkha kings,governs,tarakot,TransHimalayan_Traders_Fisher,TransHimalayan_Traders_Fisher.pdf,TransHimalayan_Traders_Fisher:46,TransHimalayan_Traders_Fisher:candidate,Validated,"A royal directive issued in 1805 (document 3) requested villagers in Tarakot (among other areas) to assist personnel from Kathmandu in locating hot springs and deposits of sulphur, palthar, lead, soda, iron, copper, and alum."
286,gorkha kings,governs,tichurong,TransHimalayan_Traders_Fisher,TransHimalayan_Traders_Fisher.pdf,TransHimalayan_Traders_Fisher:46,TransHimalayan_Traders_Fisher:verified,Validated,"These two documents strongly suggest that toward the end of the eighteenth century, the recently established Gorkha kings in Kathmandu placed Tichurong under the general jurisdiction of the Mustang Raja."
287,gorkhas,disputes,tibet,Santiago_Lazcano,Santiago_Lazcano.pdf,Santiago_Lazcano:5,Santiago_Lazcano:candidate,Validated,The poor quality of the imported salt (being mixed with sand) was even one of the excuses of the Gorkhas to declare war on Tibet in the late 18th century.
288,gova,controls,five considerable villages,Traders_in_Highland_Nepal,Traders_in_Highland_Nepal.pdf,Traders_in_Highland_Nepal:149,Traders_in_Highland_Nepal:verified,Validated,"The Guobah of Wallanchoon [sic] overtook us on the road; on his way ... He owns five considerable villages, and is said to pay a tax of 6,000 rupees (£600) to the Rajah of Nepal: this is no doubt a great exaggeration, but the revenues of such a position, near a pass frequented almost throughout the year, must be considerable."
289,gova,governs,village,Traders_in_Highland_Nepal,Traders_in_Highland_Nepal.pdf,Traders_in_Highland_Nepal:342,Traders_in_Highland_Nepal:candidate,Validated,govas (Tib.) village-headman (in the usage of Bhotias of Humla)
290,government,controls,soil,Himalayan_Gazatteer,Himalayan_Gazatteer.pdf,Himalayan_Gazatteer:329,Himalayan_Gazatteer:candidate,Validated,Goverl~l~ent ... has reenwed to it oertain rights beyond the cultivated and measured area.
291,government,governs,all rivers,British_Garhwal,British_Garhwal.pdf,British_Garhwal:33,British_Garhwal:candidate,Validated,"All rivers being government property, Rights to take fish by means of a weir are usually conveyed by the settlement agreements."
292,government,governs,charitable grants,Himalayan_Gazatteer,Himalayan_Gazatteer.pdf,Himalayan_Gazatteer:322,Himalayan_Gazatteer:candidate,Validated,'Government on these issued orders to the local officers to assume charge of all the charitable grants to be managed as a grant in the spirit of the Local Agency Act'
293,government,governs,district forests,British_Garhwal,British_Garhwal.pdf,British_Garhwal:23,British_Garhwal:candidate,Validated,But the Government has avowed the policy of administering the district forests entirely for the benefit of the people.
294,government,governs,estate,British_Garhwal,British_Garhwal.pdf,British_Garhwal:235,British_Garhwal:candidate,Validated,government estate. Lansdownepurely nonmilitary area.
295,government,governs,forest dues,Himalayan_Gazatteer,Himalayan_Gazatteer.pdf,Himalayan_Gazatteer:299,Himalayan_Gazatteer:candidate,Missing,The mode of assessment at the first triennial settlement was similar in all respects to that adopted in ... forest produce.
296,government,governs,forest rights,Himalayan_Gazatteer,Himalayan_Gazatteer.pdf,Himalayan_Gazatteer:379,Himalayan_Gazatteer:candidate,Probable,'Under native rule the respective interests of Ihe State and the people in regard to forest rights had never been clearly defined;'
297,government,governs,government factories,British_Garhwal,British_Garhwal.pdf,British_Garhwal:47,British_Garhwal:candidate,Validated,A government factory with a utaff of three Chinese and ten native makers was started at Gadoli near Pauri.
298,government,governs,grazing lands,Himalayan_Gazatteer,Himalayan_Gazatteer.pdf,,Himalayan_Gazatteer:not_found,Missing,"there is some difficulty in dealing with laud, though waste within a village boundary. For the people here tenaciously hold to those old boundaries, and look upon any attempt to abridge them as an interference with their rights."
299,government,governs,khola charity,Himalayan_Gazatteer,Himalayan_Gazatteer.pdf,Himalayan_Gazatteer:321,Himalayan_Gazatteer:candidate,Missing,The Khola charities were administered as under the Native Government by a Superintendent up to ghols oharity.
300,government,governs,land-revenue,Himalayan_Gazatteer,Himalayan_Gazatteer.pdf,,Himalayan_Gazatteer:not_found,Validated,To remedy this state of things a redistribution of the land-revenue became necessary...
301,government,governs,landlord,British_Garhwal,British_Garhwal.pdf,British_Garhwal:159,British_Garhwal:candidate,Validated,The whole of the estate was formerly government forest and settlement has been settled under the direct management of the Government as landlord.
302,government,governs,management of temple funds,Himalayan_Gazatteer,Himalayan_Gazatteer.pdf,Himalayan_Gazatteer:319,Himalayan_Gazatteer:candidate,Probable,The officore of C2overnment never interfered with the late management.
303,government,governs,national and local levels of government,TransHimalayan_Traders_Fisher,TransHimalayan_Traders_Fisher.pdf,TransHimalayan_Traders_Fisher:23,TransHimalayan_Traders_Fisher:candidate,Probable,"This was an external presence I had not anticipated, would never have requested, and did not relish, but it did provide unexpected opportunities to observe the interaction of national and local levels of government."
304,government,governs,public demand,British_Garhwal,British_Garhwal.pdf,British_Garhwal:95,British_Garhwal:candidate,Missing,"As the public demand was not regulated on any consideration of the produce, the relative proportions which they bore to each other can only be estimated by the analogy of the rates paid to the freeholders by the lclraikar or kaini tenants."
305,government,governs,revenue,Himalayan_Gazatteer,Himalayan_Gazatteer.pdf,Himalayan_Gazatteer:79,Himalayan_Gazatteer:candidate,Validated,"The original land revenue continued to be paid into the Government treasury, and in a short time the return from this Revenue alone greatly exceeded the revenue originally fixed..."
306,government,governs,tarhi,Himalayan_Gazatteer,Himalayan_Gazatteer.pdf,,Himalayan_Gazatteer:not_found,Validated,"As a preliminary measure to the arrangement of the boundary it mould appear indispensably necessary that the whole tract of the Tarhi should be declared the free and disposable property of Government, with the reservation to individuals of such portions as may be in their actual occupation."
307,government,governs,the mandi salt mines,Salt_Industry_India,,,Salt_Industry_India:pdf_missing,Validated,The Government have also sanctioned appropriate establishment for the running and maintenance of these machines.
308,government,governs,trade,Memo_Relations_with_Tibet,Memo_Relations_with_Tibet.pdf,Memo_Relations_with_Tibet:25|46,Memo_Relations_with_Tibet:candidate,Validated,A trade mart was to be opened at Yatung at he extreme end of the Chumbi valley.
309,government,governs,trade with central asia,Himalayan_Gazatteer,Himalayan_Gazatteer.pdf,Himalayan_Gazatteer:273,Himalayan_Gazatteer:candidate,Missing,"The trade with Oentral Asia, which at one time gave great hopes of proving remunerative, has been practically closed by the action of our Russian friends in putting a prohibitive duty on all articles imported from India."
310,government,governs,trading operations in khumbu,Traders_in_Highland_Nepal,Traders_in_Highland_Nepal.pdf,Traders_in_Highland_Nepal:79,Traders_in_Highland_Nepal:verified,Validated,The regulations controlling trading operations in Khumbu also restricted the activities of Tibetan traders.
311,government,licenses,banias,British_Garhwal,British_Garhwal.pdf,,British_Garhwal:not_found,Missing,for whose maintenance a small cess is levied on the hissedlers.
312,government,licenses,contractors,British_Garhwal,British_Garhwal.pdf,British_Garhwal:87,British_Garhwal:candidate,Validated,In 1908 contractors were found to undertake the supply of grain in consideration of small advances and the hopes of vast custom.
313,government,licenses,grazing rights,British_Garhwal,British_Garhwal.pdf,British_Garhwal:23,British_Garhwal:candidate,Missing,"The rights admitted are on a very liberal scale, especially the grazing rights;"
314,government,licenses,tea plantation,Himalayan_Gazatteer,Himalayan_Gazatteer.pdf,Himalayan_Gazatteer:329,Himalayan_Gazatteer:candidate,Probable,Mr. Beckett in his Garhwhl settlement report (1865) gives a list of sites available for tea plantation.
315,government,supplies,borrowers,British_Garhwal,British_Garhwal.pdf,,British_Garhwal:not_found,Missing,"Twelve thousand five hundred borrowers, representing about a fourth of the youth, of the district, were supplied with food."
316,government,supplies,roads,Himalayan_Gazatteer,Himalayan_Gazatteer.pdf,Himalayan_Gazatteer:261,Himalayan_Gazatteer:verified,Validated,"The district is well-supplied with hill-roads varjing from ten to twelve feet in width, nearly all of which are bridged..."
317,government,supplies,water from a government channel,British_Garhwal,British_Garhwal.pdf,British_Garhwal:159,British_Garhwal:candidate,Validated,"He became tho ~irgiroh, of the new village. When the village was fairly settled, tho tenants who cultivated on their own behalf with their own capital, bullocks and seed were given leases, and the sirgiroh became more like an ordinary headman, cultivating his own holding through his servants and produce-sharing tenants, and collecting the rents of the subordinate lessees on which he received a commission of ten per cent. These lessees usually either cleared a portion of the grant for themselves under the sirgiroh's supervision or else paid him for his expense and labour in clearing the land which they took over as a holding."
318,government,taxes,bhotiyas,Himalayan_Gazatteer,Himalayan_Gazatteer.pdf,Himalayan_Gazatteer:163,Himalayan_Gazatteer:candidate,Validated,"Though a friend to light assessments, I am still of opinion that the Bhotiyas pay to Government a smaller share of their revenue than the other inhabitants of the province ; and that considering their increased and increasing resources, the reduction made in the revenue of the passas, lu, compared to that made in the revenue of the communities, was disproportionately large."
319,government,taxes,rent,British_Garhwal,British_Garhwal.pdf,British_Garhwal:159,British_Garhwal:verified,Validated,The cultivators thus pay rent and nob revenue to the Government.
320,government of india,governs,commission,Memo_Relations_with_Tibet,Memo_Relations_with_Tibet.pdf,,Memo_Relations_with_Tibet:not_found,Probable,the representation of the Tibetan Government on the Commission
321,government of india,governs,mandi salt sources,Salt_Industry_India,,,Salt_Industry_India:pdf_missing,Validated,At the time of taking over by the Government of India salt sources of Mandi from 1-4-1950...
322,government of india,governs,tibet,Memo_Relations_with_Tibet,Memo_Relations_with_Tibet.pdf,Memo_Relations_with_Tibet:5,Memo_Relations_with_Tibet:candidate,Validated,of securing the establishment of a properly regulated trade mart in Tibet; and of placing our trade relations with the Tibetans upon a sound and satisfactory footing.
323,government of india,negotiates_with,representatives of the chinese and tibetan,Memo_Relations_with_Tibet,Memo_Relations_with_Tibet.pdf,Memo_Relations_with_Tibet:37,Memo_Relations_with_Tibet:verified,Validated,to negotiate with representatives of the Chinese and Tibetan ~
324,governor of nakk-chu,governs,travel,CentralAsia_Tibet_Vol2,CentralAsia_Tibet_Vol2.pdf,CentralAsia_Tibet_Vol2:388,CentralAsia_Tibet_Vol2:candidate,Probable,"The man answered, 'You must first obtain permission of the Governor of Nakk-chu.'"
325,grain,supplies,beer or liquor,TransHimalayan_Traders_Fisher,TransHimalayan_Traders_Fisher.pdf,TransHimalayan_Traders_Fisher:77,TransHimalayan_Traders_Fisher:verified,Validated,"About half a muri or 1.2 bushels (i.e., the total production of barley) would be used for manufacturing beer or distilled liquor."
326,grain,supplies,clothes to wear,TransHimalayan_Traders_Fisher,TransHimalayan_Traders_Fisher.pdf,TransHimalayan_Traders_Fisher:77,TransHimalayan_Traders_Fisher:verified,Validated,Some grain must be set aside for obtaining clothes to wear.
327,grains,trades_with,tibetan rock salt,HUMLA_NEPAL,HUMLA_NEPAL.pdf,,HUMLA_NEPAL:no_evidence,Validated,
328,guge,governs,"zanskar, spiti and kinnaur as well as guge proper",Ladakh,Ladakh.pdf,,Ladakh:no_evidence,Validated,
329,gujars and their milk,supplies,ghi which is exported to simla and the klingra district,Mandi_Gazatteer,Mandi_Gazatteer.pdf,Mandi_Gazatteer:54,Mandi_Gazatteer:candidate,Probable,"A bullock is not worked till he is four years old and a pttir of Cattle. 50 each 'l'hey are kept principally by Gujars and their milk is used to mtlke ghi, which is exported to Simla and the Klingra District."
330,gulab singh,controls,dogra country,J&K_Gazatteer_1909,J&K_Gazatteer_1909.pdf,J&K_Gazatteer_1909:37,J&K_Gazatteer_1909:candidate,Missing,"Rapidly absorbing the power and possessions of the feudal chiefs around him, after ten years of laborious and consistent effort, he and his two brothers became masters of nearly all the country between Kashmir and the Punjah, save Rsjaori."
331,gulab singh,governs,jammu state,J&K_Gazatteer_1909,J&K_Gazatteer_1909.pdf,J&K_Gazatteer_1909:37,J&K_Gazatteer_1909:candidate,Validated,"It is interesting to notice that the Dogras did not pillage the rich monastery of Himis, which saved itself by allowing the army in ignorance of its locality to pass the gorge leading to the Hitnis valley, and by then sending a deputation with an order of free rations while in Ladakh territory."
332,gulab singh,governs,order in dogra country,J&K_Gazatteer_1909,J&K_Gazatteer_1909.pdf,J&K_Gazatteer_1909:37,J&K_Gazatteer_1909:candidate,Probable,"The country was disturbed, each man plundered his neighbour, and Gulab Singh's energies were taxed to the utmost in restoring order."
333,gurkha government,governs,revenue,British_Garhwal,British_Garhwal.pdf,British_Garhwal:100,British_Garhwal:candidate,Validated,"The book contained for each village a statement of its nominal boundaries, an enumeration of the toks of cultivation with the area of each (the varying standards that had previously prevailed being here reduced to one common unit, the neili of 240 square yards), and the names of the proprietors."
334,gurkhalis,controls,garhwal,British_Garhwal,British_Garhwal.pdf,,British_Garhwal:not_found,Validated,The Gurkhalis ruled Garhwal with a rod of iron and the country fell into complete decay.
335,gurkhalis,disputes,people,British_Garhwal,British_Garhwal.pdf,,British_Garhwal:not_found,Validated,"The people are most vehement in their complaints against the Gurkhals, of whom they stand in the utmost dread..."
336,gurkhalis,governs,acts,British_Garhwal,British_Garhwal.pdf,British_Garhwal:134,British_Garhwal:candidate,Missing,"This prohibition though apparently ridiculous was in fact a very serious grievance : a part of the domestic economy hithitherto left to the women, such as drying grain, cloth, &c., is performed there, and firewood and provisions for immediate consumption are stored in the same place..."
337,gurkhalis,taxes,population,British_Garhwal,British_Garhwal.pdf,,British_Garhwal:not_found,Validated,"Its villages became deserted, its agriculture ruined and its population decreased beyond computation."
338,gurkhas,disputes,the british east india company,Becoming_India,Becoming_India.pdf,,Becoming_India:no_evidence,Validated,
339,gurkhas,governs,garhwal and china,British_Garhwal,British_Garhwal.pdf,British_Garhwal:130,British_Garhwal:verified,Validated,"The Gurkhas, having settled their disputes with Garhwal and China, returned to Almora..."
340,gurkhas,supplies,kumaon and the neighbouring provinces,British_Garhwal,British_Garhwal.pdf,British_Garhwal:136,British_Garhwal:candidate,Validated,soldiers to supply the urgent calls of the Gurkhas both in the east and west.
341,gurkhas of nepal,governs,mountainous areas,Becoming_India,Becoming_India.pdf,,Becoming_India:no_evidence,Validated,
342,gye-kun-do,trades_with,china,Report_On_Tibet_1903,Report_On_Tibet_1903.pdf,Report_On_Tibet_1903:60,Report_On_Tibet_1903:candidate,Validated,"Gye-kun-do, which is centrally situated at the junction of roads from Lhaea, Tsaidam, Ta-tsien-lu, Derge, and Sung-pan, does a thriving trade."
343,hamal thakuris,trades_with,acham,Traders_in_Highland_Nepal,Traders_in_Highland_Nepal.pdf,Traders_in_Highland_Nepal:295,Traders_in_Highland_Nepal:verified,Validated,Two Hamal households own sheep and these travel to Taklakot and to Acham.
344,hamal thakuris,trades_with,taklakot,Traders_in_Highland_Nepal,Traders_in_Highland_Nepal.pdf,Traders_in_Highland_Nepal:295,Traders_in_Highland_Nepal:verified,Validated,Two Hamal households own sheep and these travel to Taklakot and to Acham.
345,harak deb,governs,almora,British_Garhwal,British_Garhwal.pdf,British_Garhwal:130,British_Garhwal:verified,Validated,"All the Gurkha, troops were withdrawn from Kuinaon and Go,rhwal, the traitor, Harak Deb, being left as governor in Almora."
346,harak deb,negotiates_with,srinagar court,British_Garhwal,British_Garhwal.pdf,British_Garhwal:130,British_Garhwal:verified,Validated,He fled to the Srinagar court in the hope of inducing the Garhmal Raja to intervene on behalf of Padam Singh...
347,harak deb,trades_with,nepal,British_Garhwal,British_Garhwal.pdf,British_Garhwal:131,British_Garhwal:candidate,Validated,"He also intrigued with Ran Eahadur, the deposed King of Nepal, against the Thapn or popular faction then in power at Kathmandu..."
348,high official,governs,tibet,CentralAsia_Tibet_Vol2,CentralAsia_Tibet_Vol2.pdf,CentralAsia_Tibet_Vol2:568,CentralAsia_Tibet_Vol2:verified,Validated,"If you are a high official, you ought to know it is your bounden duty to help us on our way to Ladak."
349,highlanders,governs,dhaulagiri zone,Traders_in_Highland_Nepal,Traders_in_Highland_Nepal.pdf,,Traders_in_Highland_Nepal:no_evidence,Validated,Highlanders of the Dhaulagiri Zone
350,highlanders,trades_with,tukche,Traders_in_Highland_Nepal,Traders_in_Highland_Nepal.pdf,Traders_in_Highland_Nepal:218,Traders_in_Highland_Nepal:verified,Validated,"Highlanders of the Dhaulagiri Zone transactions did not involve any journeys, for people from Lo and Baragaon brought the salt to Tukche and received grain in exchange, while people from as far as Lamjung, Kunsa, Baglung and Gulmi came to Thaksatsae to exchange grain for salt."
351,hill states,governs,relatives of the ruler and other state officials,Becoming_India,Becoming_India.pdf,,Becoming_India:no_evidence,Validated,
352,hill-men,controls,gaula river,Himalayan_Gazatteer,Himalayan_Gazatteer.pdf,,Himalayan_Gazatteer:not_found,Validated,"Unless any facts above detailed in allusion to the Gaula river be utterly erroneous, the conclusion arrived at must be that it is henceforth idle to comply in general and loose terms of the monopoly of water by the hill-men."
353,himachal pradesh authorities,governs,distribution of salt,Salt_Industry_India,,,Salt_Industry_India:pdf_missing,Validated,"The Klandi State, and later on, the Himachal Pradesh authorities regulated the distribution of salt by opening their own depots in various markets."
354,himalayan communities,trades_with,subsistence goods,Ladakh,Ladakh.pdf,,Ladakh:no_evidence,Missing,
355,himalayan farmers,controls,labor force,TransHimalayan_Traders_Fisher,TransHimalayan_Traders_Fisher.pdf,TransHimalayan_Traders_Fisher:91,TransHimalayan_Traders_Fisher:candidate,Validated,"Even when the participation of men is essential, as in plowing, for the most part the overall strategy is conceived and planned by women."
356,himalayan farmers,depends_on,chinu millet,TransHimalayan_Traders_Fisher,TransHimalayan_Traders_Fisher.pdf,TransHimalayan_Traders_Fisher:75,TransHimalayan_Traders_Fisher:candidate,Validated,"They say that they eat a miina (a little less than a pint) of grain per meal, three meals a day, or three manas of grain per day."
357,himalayan farmers,trades_with,hhotias,TransHimalayan_Traders_Fisher,TransHimalayan_Traders_Fisher.pdf,TransHimalayan_Traders_Fisher:76,TransHimalayan_Traders_Fisher:candidate,Missing,"To acquire one sheep, one and a half muris (3.6 bushels) of grain must be allocated by our hypothetical subsistence adult."
358,himalayan farmers,trades_with,salt,TransHimalayan_Traders_Fisher,TransHimalayan_Traders_Fisher.pdf,,TransHimalayan_Traders_Fisher:no_evidence,Validated,Barter for salt
359,himalayan farmers,trades_with,tarangpurians,TransHimalayan_Traders_Fisher,TransHimalayan_Traders_Fisher.pdf,TransHimalayan_Traders_Fisher:77,TransHimalayan_Traders_Fisher:candidate,Validated,"Grain can be sold as well as bartered, and the going rates are Rs. 80 ($7.92) for a muri (160 manas or 2.4 bushels) of chinu millet and Rs. 40 ($3.96) for a muri (2.4 bushels) of buckwheat."
360,himalayan farmers,trades_with,the south and west,TransHimalayan_Traders_Fisher,TransHimalayan_Traders_Fisher.pdf,TransHimalayan_Traders_Fisher:76,TransHimalayan_Traders_Fisher:candidate,Validated,"Like salt, the peppers have to be imported, though from the south and west rather than from the north."
361,himalayan farmers,trades_with,"villagers in india-to places such as kanpur, kalimpong, and calcutta",TransHimalayan_Traders_Fisher,TransHimalayan_Traders_Fisher.pdf,TransHimalayan_Traders_Fisher:91,TransHimalayan_Traders_Fisher:candidate,Missing,"Their ultimate destination is usually Butwal in the Terai (though some go as far as India-to places such as Kanpur, Kalimpong, and Calcutta)"
362,himalayan farmers,trades_with,villagers in khasan and bhot,TransHimalayan_Traders_Fisher,TransHimalayan_Traders_Fisher.pdf,TransHimalayan_Traders_Fisher:91,TransHimalayan_Traders_Fisher:candidate,Probable,"All these transactions-and others involving exchange of goods with the world beyond Tichurong-are made by men, and men alone."
363,himalayan hill states' regional council,governs,the himalayan hill states' regional council,Becoming_India,Becoming_India.pdf,,Becoming_India:no_evidence,Probable,
364,himalayan hill states’ regional council,trades_with,praja mandals not part of simla hill states sub-regional council,Becoming_India,Becoming_India.pdf,,Becoming_India:no_evidence,Probable,
365,himalayan peoples,depends_on,traditional tibetan society,Santiago_Lazcano,Santiago_Lazcano.pdf,Santiago_Lazcano:26,Santiago_Lazcano:verified,Validated,"However, if the old caravan trade reinforced the links of the Himalayan peoples with traditional Tibetan society, today on the contrary..."
366,himalayan population,disputes,mahasu,Becoming_India,Becoming_India.pdf,,Becoming_India:no_evidence,Validated,
367,himalayan salt,governs,tributary relations,TransHimalayan_Traders_Fisher,TransHimalayan_Traders_Fisher.pdf,,TransHimalayan_Traders_Fisher:no_evidence,Missing,
368,himalayan society,governs,sherpas,Traders_in_Highland_Nepal,Traders_in_Highland_Nepal.pdf,Traders_in_Highland_Nepal:109,Traders_in_Highland_Nepal:verified,Validated,In 1957 a Himalayan Society was established and this society acts as an employment agency for Sherpas.
369,himalayas,supplies,her majesty's public works department in india,Becoming_India,Becoming_India.pdf,,Becoming_India:no_evidence,Probable,
370,hindu villagers of jumla,trades_with,tibetan salt,Traders_in_Highland_Nepal,Traders_in_Highland_Nepal.pdf,Traders_in_Highland_Nepal:263,Traders_in_Highland_Nepal:verified,Validated,"Until about 1959, when political events in Tibet led to severe restrictions on trade with Nepal, all salt consumed in Jumla was of Tibetan origin..."
371,hindustan-tibet road,licenses,the western himalayas,Becoming_India,Becoming_India.pdf,,Becoming_India:no_evidence,Validated,
372,his majesty's government,governs,nepal,TransHimalayan_Traders_Fisher,TransHimalayan_Traders_Fisher.pdf,TransHimalayan_Traders_Fisher:245,TransHimalayan_Traders_Fisher:verified,Validated,"Kathmandu, Nepal: His Majesty's Government (mimeographed), 2025 B.S."
373,his majesty's government,governs,relations with the government of lhasa,Memo_Relations_with_Tibet,Memo_Relations_with_Tibet.pdf,Memo_Relations_with_Tibet:3,Memo_Relations_with_Tibet:verified,Validated,'rhe Present Objects of the Government of India ...'
374,hlajeh tsering,governs,cavalry force,CentralAsia_Tibet_Vol2,CentralAsia_Tibet_Vol2.pdf,CentralAsia_Tibet_Vol2:507,CentralAsia_Tibet_Vol2:verified,Validated,"They drew them up in rank and file, but it was anything but an easy thing to get them to stand still."
375,hlajeh tsering,negotiates_with,cossacks,CentralAsia_Tibet_Vol2,CentralAsia_Tibet_Vol2.pdf,CentralAsia_Tibet_Vol2:497,CentralAsia_Tibet_Vol2:verified,Validated,"Hlajeh Tsering went to the Cossacks, and asked them what had become of me"
376,horses,depends_on,ledges and gravel tongues,CentralAsia_Tibet_Vol1,CentralAsia_Tibet_Vol1.pdf,CentralAsia_Tibet_Vol1:52,CentralAsia_Tibet_Vol1:candidate,Missing,"by dint of letting his horse go where he liked, managed at last to find a firm ledge, which ran diagonally across the stream..."
377,horses,depends_on,pasture,CentralAsia_Tibet_Vol2,CentralAsia_Tibet_Vol2.pdf,CentralAsia_Tibet_Vol2:523,CentralAsia_Tibet_Vol2:verified,Validated,while everyone of the horses that survived was in a pretty bad way.
378,host,supplies,entire village,TransHimalayan_Traders_Fisher,TransHimalayan_Traders_Fisher.pdf,TransHimalayan_Traders_Fisher:172,TransHimalayan_Traders_Fisher:candidate,Validated,"The host has a few minor additional expenses for other brief rituals during the course of the year, and during the major winter rite each household contributes a few rupees worth of beer and negligible amounts of flour as ritual ingredients."
379,house,supplies,water,Traders_in_Highland_Nepal,Traders_in_Highland_Nepal.pdf,Traders_in_Highland_Nepal:37,Traders_in_Highland_Nepal:verified,Validated,"Except for two or three large cauldrons required for storing water and normally situated opposite the hearth, these vessels are seldom in use..."
380,households,supplies,crops,TransHimalayan_Traders_Fisher,TransHimalayan_Traders_Fisher.pdf,,TransHimalayan_Traders_Fisher:no_evidence,Validated,"by households, 121-122;"
381,humla,governs,dhinga community,Traders_in_Highland_Nepal,Traders_in_Highland_Nepal.pdf,Traders_in_Highland_Nepal:272,Traders_in_Highland_Nepal:candidate,Missing,"The people of this community, which in 1972 consisted of 35 households, have an upper settlement known as Dhinga Laga, and a lower settlement referred to as Dhinga Shyo."
382,humla,trades_with,nepal,Traders_in_Highland_Nepal,Traders_in_Highland_Nepal.pdf,Traders_in_Highland_Nepal:327,Traders_in_Highland_Nepal:candidate,Validated,"Even when Tibet was still open to travelling traders neither the Bhotias nor the Thakuris and Chetris went much beyond Taklakot, and none of them ever made extensive trading expedi-tions into Tibet such as took many Sherpas to Lhasa, Shigatse and other towns."
383,humla,trades_with,tibet,Traders_in_Highland_Nepal,Traders_in_Highland_Nepal.pdf,Traders_in_Highland_Nepal:327,Traders_in_Highland_Nepal:verified,Validated,"Though their trading pattern is fairly elaborate, it consists basically of a sequence of simple exchange transactions involving mainly cereals, salt and wool."
384,humla people,depends_on,trade,Traders_in_Highland_Nepal,Traders_in_Highland_Nepal.pdf,Traders_in_Highland_Nepal:282,Traders_in_Highland_Nepal:verified,Validated,"The whole of upper Humla is dependent on trade, and it is the recent changes in the trade pattern caused by external factors which threaten the prosperity of the entire region."
385,humlis,supplies,grain,Traders_in_Highland_Nepal,Traders_in_Highland_Nepal.pdf,Traders_in_Highland_Nepal:287,Traders_in_Highland_Nepal:verified,Validated,Grain and salt are traditionally measured by volume...
386,humlis,trades_with,at present,HUMLA_NEPAL,HUMLA_NEPAL.pdf,,HUMLA_NEPAL:no_evidence,Validated,
387,humlis,trades_with,salt,HUMLA_NEPAL,HUMLA_NEPAL.pdf,,HUMLA_NEPAL:no_evidence,Validated,
388,hunters,supplies,meat,CentralAsia_Tibet_Vol2,CentralAsia_Tibet_Vol2.pdf,CentralAsia_Tibet_Vol2:523,CentralAsia_Tibet_Vol2:verified,Validated,...our hunters kept us well supplied with meat.
389,imperial russian railways,governs,travel,CentralAsia_Tibet_Vol1,CentralAsia_Tibet_Vol1.pdf,CentralAsia_Tibet_Vol1:27,CentralAsia_Tibet_Vol1:candidate,Missing,"My ticket said in plain and unmistakable language, that 'Dr. Sven Hedin was to be granted free passage for himself and his belongings over all the Imperial Russian railways, both in Europe and Asia.'"
390,india,governs,trade,Memo_Relations_with_Tibet,Memo_Relations_with_Tibet.pdf,Memo_Relations_with_Tibet:45,Memo_Relations_with_Tibet:candidate,Validated,"we might well now make up our minds as to what are the best eventual trade routes to Tibet ; and in years to come take opportunities, such as themselves in Sikkim, of bit by bit making them the useful trade"
391,india,supplies,rool and live-stock,Memo_Relations_with_Tibet,Memo_Relations_with_Tibet.pdf,Memo_Relations_with_Tibet:45,Memo_Relations_with_Tibet:candidate,Probable,"for the export of rool and live-stock several roads are required, and therefore while we ourselves press in at one road are should be prepared to entice them out at several others."
392,india,trades_with,chinese turkistan and tibet,J&K_Gazatteer_1909,J&K_Gazatteer_1909.pdf,J&K_Gazatteer_1909:144|153,J&K_Gazatteer_1909:candidate,Probable,the trade of India with Chinese Turkistan and Tibet via Leh through Kashmir
393,indian forest act,governs,reserved forests,British_Garhwal,British_Garhwal.pdf,British_Garhwal:19,British_Garhwal:candidate,Validated,"In 1879 they were declared reserved forests according to section 34 of the Indian Forest Act 1878 as far as Garhwal is concerned, and a schedule was also given of all village lands situated within forest limits;"
394,indian salt,supplies,farmers in pokhara and baglung,Traders_in_Highland_Nepal,Traders_in_Highland_Nepal.pdf,Traders_in_Highland_Nepal:218,Traders_in_Highland_Nepal:verified,Validated,"In 1962 Indian salt was sold in Pokhara at the rate of R8 per pathi and in Baglung at the rate of Rio, while Tibetan salt cost R14 to 15 per pathi by the time it reached either place."
395,indian salt,trades_with,pokhara,Traders_in_Highland_Nepal,Traders_in_Highland_Nepal.pdf,Traders_in_Highland_Nepal:232,Traders_in_Highland_Nepal:verified,Validated,The opening of a motorable road from Bhairawa to Pokhara brought cheap Indian salt right into the heart of the area which used to be served by the salt-traders of Thak Khola.
396,indian salt,trades_with,tibetan salt trade,TransHimalayan_Traders_Fisher,TransHimalayan_Traders_Fisher.pdf,TransHimalayan_Traders_Fisher:112,TransHimalayan_Traders_Fisher:verified,Validated,"Indian salt has been quick to capitalize on the opportunity to fill the gap by moving further and further up into the hills, where it nibbles at the retreating border that marks the southern limit of the Tibetan salt trade."
397,indian tea,trades_with,tibetan officials,Memo_Relations_with_Tibet,Memo_Relations_with_Tibet.pdf,Memo_Relations_with_Tibet:39,Memo_Relations_with_Tibet:candidate,Validated,But throughout the negotiations with respect to the Trade regulations the Chinese and Tibetan officials were strongly opposed to permitting trade in Indian tea under any conditions whatsoever.
398,islam bai,controls,the mussulmans,CentralAsia_Tibet_Vol2,CentralAsia_Tibet_Vol2.pdf,CentralAsia_Tibet_Vol2:225,CentralAsia_Tibet_Vol2:verified,Validated,"But Islam was a big, strong fellow, and the Mussulmans stood in great awe of him."
399,islam bai,governs,togri-sai,CentralAsia_Tibet_Vol2,CentralAsia_Tibet_Vol2.pdf,CentralAsia_Tibet_Vol2:662,CentralAsia_Tibet_Vol2:candidate,Missing,"met by Islam Bai, i. 602-606 ; returns to Mandarlik, i. 3 ; makes trip to Ayag-kum-koll, ii. 4-36;"
400,islam bai,licenses,four camels from abdall,CentralAsia_Tibet_Vol1,CentralAsia_Tibet_Vol1.pdf,CentralAsia_Tibet_Vol1:519,CentralAsia_Tibet_Vol1:verified,Validated,"Faisullah, to look after the four camels from Abdall ;"
401,islam bai,supplies,animals,CentralAsia_Tibet_Vol2,CentralAsia_Tibet_Vol2.pdf,CentralAsia_Tibet_Vol2:212,CentralAsia_Tibet_Vol2:candidate,Validated,"He was to spend two months on the road, and I defrayed all the expenses of his journey, both for himself and the animals."
402,islam bai,supplies,horses,CentralAsia_Tibet_Vol1,CentralAsia_Tibet_Vol1.pdf,CentralAsia_Tibet_Vol1:266,CentralAsia_Tibet_Vol1:verified,Validated,"Parpi Bai I appointed to look after the horses ; when they did not require his attention, he amused himself with hawking, and fed his hawks upon live poultry..."
403,islam bai,supplies,"sugar, tea, stearine candles, petroleum, leather trunks, saddles, and so forth",CentralAsia_Tibet_Vol1,CentralAsia_Tibet_Vol1.pdf,CentralAsia_Tibet_Vol1:32,CentralAsia_Tibet_Vol1:candidate,Validated,"He was all the time busy organising the caravan and getting it ready to start, engaging servants, seeing after two tents being made, and laying in the requisite stores, such as sugar, tea, stearine candles, petroleum, leather trunks, saddles, and so forth."
404,islam bai,trades_with,tibetans,CentralAsia_Tibet_Vol2,CentralAsia_Tibet_Vol2.pdf,CentralAsia_Tibet_Vol2:663,CentralAsia_Tibet_Vol2:candidate,Missing,"visited by Tibetan spies, ii. 387-388 ; escorted by Tibetans, ii. 400-407 ; met by Sirkin and Turdu Bai, ii. 423-429, 432 - 441 ; drifts down Sachu-sangpo, ii. 424 - 428."
405,islam bai,transports_via,"geological specimens, skeletons of animals, botanical specimens, and archaeological finds",CentralAsia_Tibet_Vol2,CentralAsia_Tibet_Vol2.pdf,CentralAsia_Tibet_Vol2:212,CentralAsia_Tibet_Vol2:candidate,Missing,"He was to take my collections to Kashgar, through Korla, Kuchar, and Aksu, as far as Korla by camels, and the rest of the way by arabas (Turkestan carts)."
406,jang bahadur rana,governs,salt-trade,Traders_in_Highland_Nepal,Traders_in_Highland_Nepal.pdf,Traders_in_Highland_Nepal:216,Traders_in_Highland_Nepal:verified,Validated,An order {sanad) issued by Jang Bahadur Rana in 1861 enumerated the complicated rules which govern the relations between the customs contractor and the people of Thak Khola engaged in the salt-trade.
407,jumla,controls,lo,Traders_in_Highland_Nepal,Traders_in_Highland_Nepal.pdf,Traders_in_Highland_Nepal:173,Traders_in_Highland_Nepal:verified,Validated,the ruler of Lo was forced to pay tribute to the Jumla raja.
408,jumla,trades_with,tibet,Traders_in_Highland_Nepal,Traders_in_Highland_Nepal.pdf,Traders_in_Highland_Nepal:173,Traders_in_Highland_Nepal:candidate,Validated,"There was no bar to the movements of traders, and even of the Dolpo people's herds, across the newly established political frontier."
409,jumla and botechaur,trades_with,salt,Salt_routes_and_barter_caravans_in_the_H,Salt_routes_and_barter_caravans_in_the_H.pdf,,Salt_routes_and_barter_caravans_in_the_H:no_evidence,Validated,
410,kalpet,depends_on,water,CentralAsia_Tibet_Vol2,CentralAsia_Tibet_Vol2.pdf,CentralAsia_Tibet_Vol2:470,CentralAsia_Tibet_Vol2:verified,Validated,"but as we had none near at hand, we offered him milk, and let him drink all he wanted."
411,kam,trades_with,western china,Report_On_Tibet_1903,Report_On_Tibet_1903.pdf,Report_On_Tibet_1903:58,Report_On_Tibet_1903:candidate,Missing,"From Kan-su, Se-Chuan, and Yun-nan Chinese commodities are passed into Tibet and the raw materials of Tibet are exported in exchange..."
412,kamba bombo,controls,his own province,CentralAsia_Tibet_Vol2,CentralAsia_Tibet_Vol2.pdf,CentralAsia_Tibet_Vol2:405,CentralAsia_Tibet_Vol2:verified,Validated,"At first Kamba Bombo equivocated, and said he could not be answerable for what happened outside the boundaries of his own province."
413,kamba bombo,controls,men,CentralAsia_Tibet_Vol2,CentralAsia_Tibet_Vol2.pdf,CentralAsia_Tibet_Vol2:481,CentralAsia_Tibet_Vol2:verified,Validated,and their language was now precisely the same as Kamba Bombo had used.
414,kamba bombo,controls,two horses,CentralAsia_Tibet_Vol2,CentralAsia_Tibet_Vol2.pdf,CentralAsia_Tibet_Vol2:411,CentralAsia_Tibet_Vol2:verified,Validated,"Two horses were now led forward, a dun one and a white one ; these Kamba Rombo expressed himself as willing to present to me."
415,kamba bombo,governs,nakkchu province,CentralAsia_Tibet_Vol2,CentralAsia_Tibet_Vol2.pdf,CentralAsia_Tibet_Vol2:400,CentralAsia_Tibet_Vol2:candidate,Probable,"He was the ruler of Nakkchu-the province is also called Nag-tshu, and stretches beside the river of the same name, i.e., the Upper Salwin-and it was his duty to examine all caravans, and scrutinise all travelers, pilgrims, and wayfarers who approached Lassa from Tsaidam by the great highway over the pass of Tang-la."
416,kamba bombo,governs,the caravan of mongol pilgrims,CentralAsia_Tibet_Vol2,CentralAsia_Tibet_Vol2.pdf,CentralAsia_Tibet_Vol2:392,CentralAsia_Tibet_Vol2:verified,Validated,"He had a lively recollection of Kamba Bombo of Nakkchu, and of the thorough way in which he had searched the caravan of Mongol pilgrims with which our Lama formerly travelled to Lam."
417,kamba bombo,negotiates_with,dalai lama,CentralAsia_Tibet_Vol2,CentralAsia_Tibet_Vol2.pdf,CentralAsia_Tibet_Vol2:409,CentralAsia_Tibet_Vol2:verified,Validated,"he himself received orders every day direct from Lassa with regard to us, and for a man in his position it would be unseemly to offer advice to the Dalai Lama ; it might lead to his dismissal, if not worse."
418,kami,depends_on,land,TransHimalayan_Traders_Fisher,TransHimalayan_Traders_Fisher.pdf,TransHimalayan_Traders_Fisher:203,TransHimalayan_Traders_Fisher:verified,Validated,The founders of Kami village in the first half of the nineteenth century worked whatever land above their village had not been claimed and cultivated by the Magars...
419,kanets,depends_on,agriculture,Becoming_India,Becoming_India.pdf,,Becoming_India:no_evidence,Validated,
420,kanets,governs,marriage,Mandi_Gazatteer,Mandi_Gazatteer.pdf,Mandi_Gazatteer:35,Mandi_Gazatteer:candidate,Validated,"They never permit widow marriage, nor is an illegitimate son or sirtoia married to a Bohra girl of pure blood."
421,kara-koshun,governs,water,CentralAsia_Tibet_Vol2,CentralAsia_Tibet_Vol2.pdf,CentralAsia_Tibet_Vol2:200,CentralAsia_Tibet_Vol2:verified,Validated,"While the lake of Kara-koshun... was being filled up with mud, drift-sand, and decaying vegetation..."
422,karan people,negotiates_with,government order (lalmohar),Traders_in_Highland_Nepal,Traders_in_Highland_Nepal.pdf,Traders_in_Highland_Nepal:261,Traders_in_Highland_Nepal:candidate,Validated,the Karan people obtained a government order confirming their right to pass through Mugu on their way to the border marts.
423,karan traders,trades_with,drokpas at pongdzu,Traders_in_Highland_Nepal,Traders_in_Highland_Nepal.pdf,Traders_in_Highland_Nepal:262,Traders_in_Highland_Nepal:candidate,Probable,"the Karan people travelling to Pongdzu were held up for some time in Mugu, but were ultimately able to proceed although the Mugu people were adamant in preventing any Nepali-speaking Hindu from passing through their territory."
424,karnali zone,trades_with,other regions,Traders_in_Highland_Nepal,Traders_in_Highland_Nepal.pdf,Traders_in_Highland_Nepal:279,Traders_in_Highland_Nepal:verified,Validated,"The deficit has to be made up by trade, and the way in which this is achieved will be discussed presently."
425,kashmir,depends_on,irrigation,J&K_Gazatteer_1909,J&K_Gazatteer_1909.pdf,J&K_Gazatteer_1909:83|85,J&K_Gazatteer_1909:candidate,Validated,The crop is generally protected by irrigation. The greatest distress is due to the fall of rain or snow while the rice and maize are ready for harvest.
426,kashmir,governs,forest management,J&K_Gazatteer_1909,J&K_Gazatteer_1909.pdf,J&K_Gazatteer_1909:78,J&K_Gazatteer_1909:verified,Validated,"Before I 89 I there was no proper management of the forests, and much damage was done by allowing traders to cut in the forests on payment of royalty without any supervision..."
427,kashmir,governs,land revenue levied,J&K_Gazatteer_1909,J&K_Gazatteer_1909.pdf,J&K_Gazatteer_1909:140,J&K_Gazatteer_1909:candidate,Validated,"on the land revenue levied, 77, for rural officials 5 per cent., roads 2$ per cent., education $ per cent., 77, in place of forced laboul-, 7 I."
428,kashmir,governs,maharaja physical,J&K_Gazatteer_1909,J&K_Gazatteer_1909.pdf,J&K_Gazatteer_1909:11,J&K_Gazatteer_1909:verified,Validated,The territories of the Maharaja Physical of Kashmir and Jammu may be roughly described...
429,kashmir,governs,nagar and hunza,J&K_Gazatteer_1909,J&K_Gazatteer_1909.pdf,J&K_Gazatteer_1909:126,J&K_Gazatteer_1909:verified,Validated,"The ruler of Nagar, with the assistance of the Kashmir Darbiir, successfully occupied the disputed tract;"
430,kashmir,governs,state posts,J&K_Gazatteer_1909,J&K_Gazatteer_1909.pdf,J&K_Gazatteer_1909:82|84,J&K_Gazatteer_1909:candidate,Validated,The State is included for postal purposes in the circle administered by the Postmaster-General of the Punjab and North-West Frontier Province.
431,kashmir,governs,walnut oil revenue,J&K_Gazatteer_1909,J&K_Gazatteer_1909.pdf,J&K_Gazatteer_1909:72,J&K_Gazatteer_1909:verified,Validated,In former times the State accepted walnut oil in payment of revenue...
432,kashmir,governs,water,J&K_Gazatteer_1909,J&K_Gazatteer_1909.pdf,J&K_Gazatteer_1909:17,J&K_Gazatteer_1909:candidate,Validated,"The Kashmiris regard Kokarngg as the best source of drinking-water, while Chashma Shghi above the Dal Lake stands high in order of merit."
433,kashmir,taxes,population,J&K_Gazatteer_1909,J&K_Gazatteer_1909.pdf,,J&K_Gazatteer_1909:no_evidence,Validated,"its population of I 22,618"
434,kashmir,trades_with,central asia,J&K_Gazatteer_1909,J&K_Gazatteer_1909.pdf,J&K_Gazatteer_1909:81,J&K_Gazatteer_1909:candidate,Validated,"The trade which passes through Kashmir between India, Chinese Turkistan, and Tibet via Leh is subject to considerable fluctuations owing to great physical difficulties, the keen rivalry of Russia, and the passive obstruction of Tibet."
435,kashmir,trades_with,ladakh,J&K_Gazatteer_1909,J&K_Gazatteer_1909.pdf,J&K_Gazatteer_1909:81,J&K_Gazatteer_1909:candidate,Validated,"The imports from Central Asia into Ladskh amounted to 17.8 lakhs. Goods to the value of Ir.3 lakhs found their way to the Punjab via Kashmir, others passing via Kulii."
436,kashmir,trades_with,shawls and saffron,Ladakh,Ladakh.pdf,,Ladakh:no_evidence,Validated,
437,kashmir state,governs,"hunza-nagar, ashkuman, ygsin, and ghizar",J&K_Gazatteer_1909,J&K_Gazatteer_1909.pdf,J&K_Gazatteer_1909:124,J&K_Gazatteer_1909:verified,Validated,"and is directly responsible to the Government of India for the administration of the outlying districts or petty States of Hunza-Nagar, Ashkuman, Ygsin, and Ghizar"
438,kashmir state,supplies,nagar and hunza,J&K_Gazatteer_1909,J&K_Gazatteer_1909.pdf,J&K_Gazatteer_1909:126,J&K_Gazatteer_1909:candidate,Probable,"Yearly subsidies were granted to them, besides the amount paid by the Kashmir State."
439,kashmiri shawl,trades_with,europe,J&K_Gazatteer_1909,J&K_Gazatteer_1909.pdf,J&K_Gazatteer_1909:134,J&K_Gazatteer_1909:verified,Validated,"The first shawls which reached Europe were brought by Napoleon, at the time of the campaign in Egypt, as a present for the empress Josephine, and from that time shawls became fashionable."
440,kashmiri shawl industry,supplies,ladakhi nomads,TransformationProcessesInNomadicPastoralism,TransformationProcessesInNomadicPastoralism.pdf,TransformationProcessesInNomadicPastoralism:9,TransformationProcessesInNomadicPastoralism:verified,Validated,the Kashmiri shawl industry had to get its raw material elsewhere. Quite naturally they turned to Ladakhi nomads
441,kashmiris,depends_on,buffaloes,J&K_Gazatteer_1909,J&K_Gazatteer_1909.pdf,J&K_Gazatteer_1909:45,J&K_Gazatteer_1909:verified,Validated,"They sacrifice every consideration for their buffaloes, and even in their cultivation, chiefly maize, their first thought is for these animals."
442,kashmiris,depends_on,irrigation,J&K_Gazatteer_1909,J&K_Gazatteer_1909.pdf,J&K_Gazatteer_1909:56,J&K_Gazatteer_1909:verified,Validated,"Agriculture in the valley practically depends on irrigation, Thanks to the formation of the country..."
443,kashmiris,governs,their home,J&K_Gazatteer_1909,J&K_Gazatteer_1909.pdf,J&K_Gazatteer_1909:45,J&K_Gazatteer_1909:verified,Validated,"The outside world was far, and from all accounts inferior to the pleasant valley, and at each of the gates of the valley were soldiers who demanded fees. So the Kashmiris lived their self-centred life, conceited, clever, and conservative."
444,kasim,supplies,fish,CentralAsia_Tibet_Vol1,CentralAsia_Tibet_Vol1.pdf,CentralAsia_Tibet_Vol1:148,CentralAsia_Tibet_Vol1:verified,Validated,We were supplied with fish for several days to come.
445,kasim,trades_with,fish,CentralAsia_Tibet_Vol1,CentralAsia_Tibet_Vol1.pdf,CentralAsia_Tibet_Vol1:147,CentralAsia_Tibet_Vol1:verified,Validated,"In the space of about a minute, Kasim captured two big fellows, and after that several others."
446,kasim,trades_with,lailik,CentralAsia_Tibet_Vol1,CentralAsia_Tibet_Vol1.pdf,CentralAsia_Tibet_Vol1:131,CentralAsia_Tibet_Vol1:candidate,Validated,"It travelled with Kasim in the commisariat boat, and was originally intended to be killed and eaten ; but its staid and irreproachable respectability led to its being gradually promoted to be the 'pet of the regiment.'"
447,kathmandu,governs,tichurong,TransHimalayan_Traders_Fisher,TransHimalayan_Traders_Fisher.pdf,TransHimalayan_Traders_Fisher:48,TransHimalayan_Traders_Fisher:verified,Validated,"In the late eighteenth and most of the nineteenth century, Kathmandu administered Tichurong through the Buddhist rajas of Mustang."
448,kazi amar singh thapa,governs,garhwal,British_Garhwal,British_Garhwal.pdf,British_Garhwal:133,British_Garhwal:verified,Validated,In Garhwal itself it appears that Kazi Amar Singh Thapa was for a time governor.
449,khaltse,extracts_from,barley,Ladakh,Ladakh.pdf,,Ladakh:no_evidence,Validated,
450,khaltse,extracts_from,"buckwheat, turnips, or other vegetables",Ladakh,Ladakh.pdf,,Ladakh:no_evidence,Probable,
451,kharnak,disputes,ownership of tso kar,Rupshu,Rupshu.pdf,,Rupshu:no_evidence,Validated,
452,kharnak,disputes,rupshu's land from the west,Rupshu,Rupshu.pdf,,Rupshu:no_evidence,Probable,
453,kharnak,taxes,rupshu,Rupshu,Rupshu.pdf,,Rupshu:no_evidence,Validated,
454,kharnak territory,governs,nomadic pastoralists,TransformationProcessesInNomadicPastoralism,TransformationProcessesInNomadicPastoralism.pdf,TransformationProcessesInNomadicPastoralism:5,TransformationProcessesInNomadicPastoralism:verified,Validated,"While spending several days in the same camp, located within Kharnak territory..."
455,khash-kanet peasants,trades_with,begar,Becoming_India,Becoming_India.pdf,,Becoming_India:no_evidence,Validated,
456,khasiya,governs,agriculture,British_Garhwal,British_Garhwal.pdf,,British_Garhwal:not_found,Missing,"The Joshis who, in Garhwal, are poor and insignificant, living by agriculture and astrology."
457,khasiya,supplies,food,British_Garhwal,British_Garhwal.pdf,,British_Garhwal:not_found,Missing,"They are by tradition the family cooks to the Garhwal rajas, and when Raja A b h p Pal found it necessary to keep a standing army they were employed to cook food in one vessel for large masses of men."
458,khodai kullu,controls,wild camel,CentralAsia_Tibet_Vol2,CentralAsia_Tibet_Vol2.pdf,CentralAsia_Tibet_Vol2:76,CentralAsia_Tibet_Vol2:verified,Validated,"Khodai Kullu, coiling a lassoo, flung it round its neck, and dragged it to the ground..."
459,khodai kullu,licenses,boat,CentralAsia_Tibet_Vol2,CentralAsia_Tibet_Vol2.pdf,CentralAsia_Tibet_Vol2:508,CentralAsia_Tibet_Vol2:verified,Validated,"This time I selected Khodai Kullu to be my boatman, and we directed our course towards the outermost extremity of the craggy peninsula which bordered our bay on the south."
460,khodai kullu,supplies,boatman services,CentralAsia_Tibet_Vol2,CentralAsia_Tibet_Vol2.pdf,CentralAsia_Tibet_Vol2:508,CentralAsia_Tibet_Vol2:verified,Validated,"This time I selected Khodai Kullu to be my boatman, and we directed our course towards the outermost extremity of the craggy peninsula which bordered our bay on the south."
461,khodai vardi,depends_on,yanghi-koll,CentralAsia_Tibet_Vol1,CentralAsia_Tibet_Vol1.pdf,CentralAsia_Tibet_Vol1:508,CentralAsia_Tibet_Vol1:candidate,Validated,"One of these messengers was Khodai Vardi, whose name means 'the God-given,' but who, as a matter of fact, was a disagreeable individual from Yanghi-koll..."
462,khodai vardi,governs,camels,CentralAsia_Tibet_Vol2,CentralAsia_Tibet_Vol2.pdf,CentralAsia_Tibet_Vol2:181,CentralAsia_Tibet_Vol2:verified,Validated,"It was a wonder that in the dark none of the camels broke their legs in crossing the deep, gaping hollows between the terraces."
463,khodai vardi,supplies,matches,CentralAsia_Tibet_Vol2,CentralAsia_Tibet_Vol2.pdf,CentralAsia_Tibet_Vol2:132,CentralAsia_Tibet_Vol2:candidate,Validated,"He had plenty of water, and he could get what meat he liked from the dead camel ; the matches would help him to make fires for boiling his tea and cooking his steak."
464,khodai vardi,supplies,meat,CentralAsia_Tibet_Vol2,CentralAsia_Tibet_Vol2.pdf,CentralAsia_Tibet_Vol2:132,CentralAsia_Tibet_Vol2:candidate,Validated,"He had plenty of water, and he could get what meat he liked from the dead camel ; the matches would help him to make fires for boiling his tea and cooking his steak."
465,khodai vardi,supplies,tea,CentralAsia_Tibet_Vol2,CentralAsia_Tibet_Vol2.pdf,CentralAsia_Tibet_Vol2:132,CentralAsia_Tibet_Vol2:candidate,Validated,"For his own support we left with Khodai Vardi, out of our now scanty stores, a matchbox, a small cooking-pot, and a handful of tea."
466,khodai vardi,supplies,water,CentralAsia_Tibet_Vol2,CentralAsia_Tibet_Vol2.pdf,CentralAsia_Tibet_Vol2:132,CentralAsia_Tibet_Vol2:candidate,Validated,"He had plenty of water, and he could get what meat he liked from the dead camel ; the matches would help him to make fires for boiling his tea and cooking his steak."
467,khumbu men,trades_with,manangbhot,Traders_in_Highland_Nepal,Traders_in_Highland_Nepal.pdf,Traders_in_Highland_Nepal:89,Traders_in_Highland_Nepal:candidate,Validated,Khumbu men would take cross-breeds born in Khumbu but raised in Solu over stretches of hundreds of miles by way of Tibet to Manangbhot and there sold their animals to Bhotias of Western Nepal.
468,khumbu merchants,trades_with,namche bazar,Traders_in_Highland_Nepal,Traders_in_Highland_Nepal.pdf,Traders_in_Highland_Nepal:80,Traders_in_Highland_Nepal:verified,Validated,"In Namche Bazar, Khumbu merchants bought the raw iron, paying about Ri£ for a quantity weighing 5 lbs."
469,khumbu sherpas,trades_with,tibet,Traders_in_Highland_Nepal,Traders_in_Highland_Nepal.pdf,Traders_in_Highland_Nepal:80|100,Traders_in_Highland_Nepal:verified,Validated,"They qualified as residents of Khumbu and this meant that they could trade freely with Tibet. | Such garters are made of cotton thread bought in different colours in the bazaars of the Terai and the Nepal valley. They used to be sold in Tibet for R3 to 4 per pair, and as they are light and not bulky, they were suitable trade goods for those Sherpas who carried their wares on their own backs across the Nangpa La"
470,khumbu traders,trades_with,tibetan merchants,Traders_in_Highland_Nepal,Traders_in_Highland_Nepal.pdf,Traders_in_Highland_Nepal:91,Traders_in_Highland_Nepal:candidate,Probable,"Although most of the Khumbu traders had direct business contacts with merchants in India, a good deal of the trade with India was in the hands of middlemen from Solu."
471,khumjung,trades_with,dingla,Traders_in_Highland_Nepal,Traders_in_Highland_Nepal.pdf,Traders_in_Highland_Nepal:82,Traders_in_Highland_Nepal:verified,Validated,...a Sherpa bartering 10 measures of salt for 4 measures of rice in Tingri could obtain for these 10 measures of salt 30 measures of rice if he sold them at Dingla...
472,khumjung,trades_with,kyabrak,Traders_in_Highland_Nepal,Traders_in_Highland_Nepal.pdf,Traders_in_Highland_Nepal:82,Traders_in_Highland_Nepal:verified,Validated,...a man who had bought rice in the Rai country and carried it across the Nangpa La could exchange it at the border village of Kyabrak...
473,khumjung,trades_with,rai country,Traders_in_Highland_Nepal,Traders_in_Highland_Nepal.pdf,Traders_in_Highland_Nepal:82,Traders_in_Highland_Nepal:verified,Validated,...a man who had bought rice in the Rai country and carried it across the Nangpa La...
474,khumjung,trades_with,tibet,Traders_in_Highland_Nepal,Traders_in_Highland_Nepal.pdf,Traders_in_Highland_Nepal:82,Traders_in_Highland_Nepal:verified,Validated,"Most households of such villages as Khumjung, Khunde or Thami arranged for at least one trading expedition to Tibet... | The people of these villages [Phortse and Pangboche] concentrated mainly on cattle-breeding and with the cash obtained from the sale of calves they obtained Tibetan salt and wool from small traders of Khumjung and Khunde."
475,khumjung,trades_with,tingri,Traders_in_Highland_Nepal,Traders_in_Highland_Nepal.pdf,Traders_in_Highland_Nepal:82,Traders_in_Highland_Nepal:verified,Validated,...a Sherpa bartering 10 measures of salt for 4 measures of rice in Tingri could obtain for these 10 measures of salt 30 measures of rice...
476,khumjung people,trades_with,contractors,Traders_in_Highland_Nepal,Traders_in_Highland_Nepal.pdf,Traders_in_Highland_Nepal:60,Traders_in_Highland_Nepal:verified,Validated,...and the normal rate of Rio paid by tourists for porters.
477,khumjung villagers,disputes,the building of an hotel on their village-land,Traders_in_Highland_Nepal,Traders_in_Highland_Nepal.pdf,Traders_in_Highland_Nepal:120,Traders_in_Highland_Nepal:verified,Validated,There was understandable resentment about the destruction of forest involved in the scheme.
478,king of ladakh,licenses,tibet,Ladakh,Ladakh.pdf,,Ladakh:no_evidence,Validated,
479,king prithvimalla,governs,kamali zone,Traders_in_Highland_Nepal,Traders_in_Highland_Nepal.pdf,Traders_in_Highland_Nepal:257,Traders_in_Highland_Nepal:verified,Validated,"their power was reached by King Prithvimalla, who ruled in the middle of the fourteenth century."
480,kiraiyakashi,transports_via,kiraiya-kash; way of life of the kiraiyakash,Ladakh,Ladakh.pdf,,Ladakh:no_evidence,Probable,
481,kirgui pavan,governs,the canoes,CentralAsia_Tibet_Vol1,CentralAsia_Tibet_Vol1.pdf,CentralAsia_Tibet_Vol1:460,CentralAsia_Tibet_Vol1:candidate,Validated,"every time a high 'curler' threatened to engulf us they switched the canoes a little into the wind, and so kept out the greater part of its breaking crest,"
482,kirgui pavan,negotiates_with,lopmen,CentralAsia_Tibet_Vol1,CentralAsia_Tibet_Vol1.pdf,CentralAsia_Tibet_Vol1:458,CentralAsia_Tibet_Vol1:candidate,Missing,"After weighing the situation, the Lopmen voted for staying where we were."
483,kitamura,trades_with,porcelain cups,Salt_routes_and_barter_caravans_in_the_H,Salt_routes_and_barter_caravans_in_the_H.pdf,,Salt_routes_and_barter_caravans_in_the_H:no_evidence,Validated,
484,kotdwara,governs,gangee forest division,British_Garhwal,British_Garhwal.pdf,British_Garhwal:186,British_Garhwal:verified,Validated,"The town is a busy scene during the winter months, for then the head quarters of' the office of the Gangee forest dvision is located on the other side of the river;"
485,kotdwara,trades_with,bhabar administration,British_Garhwal,British_Garhwal.pdf,British_Garhwal:186,British_Garhwal:verified,Validated,"Kot.dwara too is the head quarters of the Bhabar administration, and the superintendent of the government estate resides here."
486,kul bahadur sahi kalial,trades_with,rice,Traders_in_Highland_Nepal,Traders_in_Highland_Nepal.pdf,Traders_in_Highland_Nepal:293,Traders_in_Highland_Nepal:candidate,Missing,He described the schedule of that year's journeys and trade-deals:...
487,kumaon,governs,garhwal,British_Garhwal,British_Garhwal.pdf,British_Garhwal:93,British_Garhwal:candidate,Validated,"By 1831 there were three assistant commissioners in the province of Kumaon, and in 1839 Garhwal became an independent district under the charge of the senior assistant commissioner subject to the control of the Commissioner."
488,kurban,supplies,camels,CentralAsia_Tibet_Vol1,CentralAsia_Tibet_Vol1.pdf,CentralAsia_Tibet_Vol1:266,CentralAsia_Tibet_Vol1:candidate,Validated,...taking out his meals to the man who watched the camels.
489,kurban,supplies,horses,CentralAsia_Tibet_Vol1,CentralAsia_Tibet_Vol1.pdf,CentralAsia_Tibet_Vol1:266,CentralAsia_Tibet_Vol1:verified,Validated,"A fine old fellow from Aksu, sixty years of age, but frank and happy as a boy, Kurban by name, acted as errand-boy, taking the horses down to water..."
490,kurbanchik,governs,east turkestan,CentralAsia_Tibet_Vol2,CentralAsia_Tibet_Vol2.pdf,CentralAsia_Tibet_Vol2:675,CentralAsia_Tibet_Vol2:candidate,Missing,"i. Koral-dungning-kill, i. J., governor of East Turkestan."
491,"kutchuk, ~ r d e k, and khodai kullu",trades_with,us,CentralAsia_Tibet_Vol2,CentralAsia_Tibet_Vol2.pdf,CentralAsia_Tibet_Vol2:433,CentralAsia_Tibet_Vol2:candidate,Missing,"with tears in their eyes, and crying 'Khodai sakkladi ! (God has preserved you !) Khodai shukkur !'"
492,labour,supplies,none specified,Becoming_India,Becoming_India.pdf,,Becoming_India:no_evidence,Missing,
493,ladak,taxes,tibetan countries in its neighbourhood,Gutenberg_EBook,Gutenberg_EBook.pdf,,Gutenberg_EBook:no_evidence,Validated,
494,ladak,trades_with,tibet,Report_On_Tibet_1903,Report_On_Tibet_1903.pdf,Report_On_Tibet_1903:56,Report_On_Tibet_1903:verified,Validated,...merchants converge from all parts of the country during the winter months.
495,ladakh,depends_on,tibet,J&K_Gazatteer_1909,J&K_Gazatteer_1909.pdf,J&K_Gazatteer_1909:110,J&K_Gazatteer_1909:candidate,Validated,"The history of Ladakh, until its conquest by RZjZ Guliib Singh in the first half of the nineteenth century, is intimately connected with Tibet, with which country it still holds commercial and religious relations."
496,ladakh,disputes,kingdom of guge,Ladakh,Ladakh.pdf,,Ladakh:no_evidence,Validated,
497,ladakh,governs,change,Ladakh,Ladakh.pdf,,Ladakh:no_evidence,Validated,
498,ladakh,governs,descendants of mythical hero kesar,Ladakh,Ladakh.pdf,,Ladakh:no_evidence,Probable,
499,ladakh,governs,its subjects,TransformationProcessesInNomadicPastoralism,TransformationProcessesInNomadicPastoralism.pdf,TransformationProcessesInNomadicPastoralism:3,TransformationProcessesInNomadicPastoralism:verified,Validated,"Livestock farming, however, becomes apparent through the taxes in kind levied by Ladakhi kings from their subjects..."
500,ladakh,governs,reis system,J&K_Gazatteer_1909,J&K_Gazatteer_1909.pdf,J&K_Gazatteer_1909:153,J&K_Gazatteer_1909:verified,Validated,"the reis system of making the several villages responsible for baggage animals and supplies, IOO"
501,ladakh,trades_with,tea,Ladakh,Ladakh.pdf,,Ladakh:no_evidence,Validated,
502,ladakhi buddhists,controls,until the re-establishment of the tibetan monasteries in india,Ladakh,Ladakh.pdf,,Ladakh:no_evidence,Missing,
503,ladakhi nomads,depends_on,winter pastures,TransformationProcessesInNomadicPastoralism,TransformationProcessesInNomadicPastoralism.pdf,TransformationProcessesInNomadicPastoralism:7,TransformationProcessesInNomadicPastoralism:verified,Validated,"They lost the benefit of this lucrative trade along with winter pastures, including large portions of Kagjung, the key winter reserve pasture for the whole of Changthang..."
504,ladakhi traders,trades_with,best-quality pashm,Ladakh,Ladakh.pdf,,Ladakh:no_evidence,Probable,
505,ladakhi traders,trades_with,pashm,Ladakh,Ladakh.pdf,,Ladakh:no_evidence,Validated,
506,lailik,supplies,goose,CentralAsia_Tibet_Vol1,CentralAsia_Tibet_Vol1.pdf,CentralAsia_Tibet_Vol1:131,CentralAsia_Tibet_Vol1:verified,Validated,"Amongst our live stock was a goose, which we brought all the way from Lailik."
507,lake,supplies,animals,CentralAsia_Tibet_Vol1,CentralAsia_Tibet_Vol1.pdf,CentralAsia_Tibet_Vol1:418,CentralAsia_Tibet_Vol1:verified,Validated,"The water had a slight saline flavour ; nevertheless, all our animals drank it and enjoyed it."
508,lake,supplies,water,CentralAsia_Tibet_Vol1|CentralAsia_Tibet_Vol2,CentralAsia_Tibet_Vol1.pdf|CentralAsia_Tibet_Vol2.pdf,CentralAsia_Tibet_Vol1:279|CentralAsia_Tibet_Vol2:601,CentralAsia_Tibet_Vol1:verified|CentralAsia_Tibet_Vol2:verified,Validated,"The bottom was entirely free from sand, and consisted of concentric belts of different formation.|The lake ran exceedingly high, for the wind, being forced through the long narrow valley, swept across it unhindered with redoubled vehemence."
509,lakkor-tso,depends_on,water,CentralAsia_Tibet_Vol2,CentralAsia_Tibet_Vol2.pdf,CentralAsia_Tibet_Vol2:545,CentralAsia_Tibet_Vol2:candidate,Validated,"The successive levels formed flat shelving tracts edged by ridges, behind which there were very often lagoons."
510,lalitaditya,governs,kashmir,Ladakh,Ladakh.pdf,,Ladakh:no_evidence,Validated,
511,lama,disputes,tibetans,CentralAsia_Tibet_Vol2,CentralAsia_Tibet_Vol2.pdf,CentralAsia_Tibet_Vol2:429,CentralAsia_Tibet_Vol2:candidate,Validated,"for the main camp was, he thought, very likely invested by the Tibetans."
512,lama,governs,caravan,CentralAsia_Tibet_Vol2,CentralAsia_Tibet_Vol2.pdf,CentralAsia_Tibet_Vol2:258,CentralAsia_Tibet_Vol2:verified,Validated,"By this means our Lama earned a certain degree of popularity in the caravan, and piqued the Mussulmans' ambition."
513,lama,governs,nakkchu,CentralAsia_Tibet_Vol2,CentralAsia_Tibet_Vol2.pdf,CentralAsia_Tibet_Vol2:383,CentralAsia_Tibet_Vol2:candidate,Validated,"The old man, who wore an air of great respectability and showed some knowledge of the world, replied, with disconcerting firmness, 'You will stop here three or four, or at the most, five days. This morning we sent messengers to the chief of Nakkchu, to ask whether we are to let you go on or not.'"
514,lama,governs,tibetans,CentralAsia_Tibet_Vol2,CentralAsia_Tibet_Vol2.pdf,,CentralAsia_Tibet_Vol2:no_evidence,Validated,The Tibetans came to our Lama...
515,lama,governs,travel,CentralAsia_Tibet_Vol2,CentralAsia_Tibet_Vol2.pdf,CentralAsia_Tibet_Vol2:388,CentralAsia_Tibet_Vol2:verified,Validated,"Our Lama thought to get out of the difficulty by explaining that we had travelled in company with a big caravan from Lop-nor, and that we intended continuing to Lassa."
516,lama,negotiates_with,shagdur,CentralAsia_Tibet_Vol2,CentralAsia_Tibet_Vol2.pdf,CentralAsia_Tibet_Vol2:343,CentralAsia_Tibet_Vol2:candidate,Validated,When we camped it was his duty to issue all commands.
517,lamas,controls,wood,CentralAsia_Tibet_Vol2,CentralAsia_Tibet_Vol2.pdf,,CentralAsia_Tibet_Vol2:no_evidence,Validated,it was the lamas' property.
518,lamas or monasteries,supplies,donations,Traders_in_Highland_Nepal,Traders_in_Highland_Nepal.pdf,Traders_in_Highland_Nepal:331,Traders_in_Highland_Nepal:verified,Validated,Donations offered to lamas or monasteries are free gifts for which no other return is expected...
519,land,supplies,crops,Himalayan_Gazatteer,Himalayan_Gazatteer.pdf,,Himalayan_Gazatteer:not_found,Validated,"The estimate of the produce of these three qualities of land may be considered sound, though perhaps the irrigated land should have been assessed more highly."
520,lassa authorities,governs,tibetans,CentralAsia_Tibet_Vol2,CentralAsia_Tibet_Vol2.pdf,CentralAsia_Tibet_Vol2:406,CentralAsia_Tibet_Vol2:verified,Validated,"the Lassa authorities had heard of the events which had recently occurred in China, and knew what stem vengeance had been exacted for the murder of Baron von Ketteler at Peking, and so considered it prudent not to injure a European."
521,lau-lan,disputes,chinese officials,CentralAsia_Tibet_Vol2,CentralAsia_Tibet_Vol2.pdf,CentralAsia_Tibet_Vol2:172,CentralAsia_Tibet_Vol2:candidate,Probable,"These had to pass through Lau-lan; but the people of Lau-lan, in concert with the Keu-tse, harassed the officials on the high-road, robbed and attacked Wang-Kuei, one of the envoys."
522,lhaban authorities,controls,tawang district,Report_On_Tibet_1903,Report_On_Tibet_1903.pdf,,Report_On_Tibet_1903:not_found,Probable,The Lhaban authorities are said to have asserted their influence and the country is now governed in the recognized manner by Jongpons deputed from Lha~a.
523,lhagong monastery,governs,salt,Santiago_Lazcano,Santiago_Lazcano.pdf,Santiago_Lazcano:17,Santiago_Lazcano:candidate,Validated,"The one from Lhagong (Lhaweng, Lawok) in Tsakalho administered the affairs of the salt trade."
524,lhasa,governs,"districts of lharigo, shobado, and sho-ta-iho-sum",Report_On_Tibet_1903,Report_On_Tibet_1903.pdf,Report_On_Tibet_1903:30,Report_On_Tibet_1903:candidate,Probable,These are ruled by Jongpons appointed from the capital.
525,lhasa,governs,takpo,Report_On_Tibet_1903,Report_On_Tibet_1903.pdf,Report_On_Tibet_1903:32,Report_On_Tibet_1903:verified,Validated,All this country (with the exception of Po-yul) is under Lhasa rule and is governed by Jongpone in the different forts.
526,lhomis,depends_on,farming of their land,Traders_in_Highland_Nepal,Traders_in_Highland_Nepal.pdf,Traders_in_Highland_Nepal:135,Traders_in_Highland_Nepal:verified,Validated,"The Lhomis, moreover, are capable of meeting nearly all their needs by the farming of their land, and have few incentives to exert themselves unduly in the sphere of trade."
527,lhomis,depends_on,imports from tibet,Traders_in_Highland_Nepal,Traders_in_Highland_Nepal.pdf,Traders_in_Highland_Nepal:134,Traders_in_Highland_Nepal:verified,Validated,"For wool and woollen cloth, on the other hand, they used to depend on imports from Tibet..."
528,lhomis,depends_on,tibetan fountainhead of teaching,Traders_in_Highland_Nepal,Traders_in_Highland_Nepal.pdf,Traders_in_Highland_Nepal:137,Traders_in_Highland_Nepal:verified,Validated,"The Lhomis consider themselves as a separate group distinct from Sherpas, and the Bhotias of Ritak, Thudam and Walongchung."
529,lhomis,trades_with,kharta shika,Traders_in_Highland_Nepal,Traders_in_Highland_Nepal.pdf,Traders_in_Highland_Nepal:135,Traders_in_Highland_Nepal:candidate,Missing,"The Lhomi villages of Pangbok (S. Hatiar) and Honggaon had their Tibetan trade contacts with Kharta Shika, a larger settlement some fifteen miles inside Tibet..."
530,lhomis,trades_with,kudo,Traders_in_Highland_Nepal,Traders_in_Highland_Nepal.pdf,Traders_in_Highland_Nepal:134,Traders_in_Highland_Nepal:candidate,Validated,"The main trade contact of the Lhomis of Tangmoche (S. Chepua) was with the Tibetan village of Kudo, some fifteen miles to the north-west as the crow flies..."
531,lhomis,trades_with,tibetans,Traders_in_Highland_Nepal,Traders_in_Highland_Nepal.pdf,Traders_in_Highland_Nepal:134,Traders_in_Highland_Nepal:verified,Validated,"In exchange for these goods the Lhomis gave some of their own agricultural produce as well as rice, which they themselves had bought from the people of the lower-lying villages to the south."
532,limii people,trades_with,mugu people,Traders_in_Highland_Nepal,Traders_in_Highland_Nepal.pdf,Traders_in_Highland_Nepal:282,Traders_in_Highland_Nepal:verified,Validated,In 1972 I was told that they sell annually 200-250 yak as well as some sheep to people of Mugu.
533,limis,supplies,marts,HUMLA_NEPAL,HUMLA_NEPAL.pdf,,HUMLA_NEPAL:no_evidence,Validated,
534,livestock,supplies,bhotias,TransHimalayan_Traders_Fisher,TransHimalayan_Traders_Fisher.pdf,TransHimalayan_Traders_Fisher:253,TransHimalayan_Traders_Fisher:verified,Validated,"livestock, 62, 100, 101-106, 115, 125, 127, 185-186"
535,livestock,supplies,butter,Ladakh,Ladakh.pdf,,Ladakh:no_evidence,Validated,
536,lo,governs,dolpo,Traders_in_Highland_Nepal,Traders_in_Highland_Nepal.pdf,Traders_in_Highland_Nepal:173,Traders_in_Highland_Nepal:verified,Validated,"Lo, as the less accessible region, retained a much higher degree of autonomy..."
537,lo,supplies,sheep and goats,Traders_in_Highland_Nepal,Traders_in_Highland_Nepal.pdf,Traders_in_Highland_Nepal:223,Traders_in_Highland_Nepal:verified,Validated,"Most of them came from Tibet, but some had been bred in Lo and Dolpo."
538,local chetris,trades_with,rice,Traders_in_Highland_Nepal,Traders_in_Highland_Nepal.pdf,Traders_in_Highland_Nepal:292,Traders_in_Highland_Nepal:verified,Validated,"he exchanged the salt at a rate of 1 : 1 for rice, which he stored..."
539,loggers,transports_via,logs down the big rivers,Becoming_India,Becoming_India.pdf,,Becoming_India:no_evidence,Probable,
540,long-distance caravans,trades_with,tsakalho,Santiago_Lazcano,Santiago_Lazcano.pdf,Santiago_Lazcano:20,Santiago_Lazcano:candidate,Validated,"As we have seen in other cases also here the trade benefited from the passage of pilgrims who came to the area. Buddhist devotees arrived from all over Tibet ready to perform the kora or ritual circumambulation of the sacred Kawa Karpo Mountain, and would take the opportunity to acquire the renowned Tsakalho salt."
541,lop-men,depends_on,a can of fresh water and bundles of kamish,CentralAsia_Tibet_Vol1,CentralAsia_Tibet_Vol1.pdf,CentralAsia_Tibet_Vol1:497,CentralAsia_Tibet_Vol1:verified,Validated,"The Lop-men had to row a long way out into the lake to get a can of fresh water, as well as a few bundles of kamish..."
542,lop-men,depends_on,tarim river,CentralAsia_Tibet_Vol1,CentralAsia_Tibet_Vol1.pdf,CentralAsia_Tibet_Vol1:220|374,CentralAsia_Tibet_Vol1:candidate,Probable,"'If ever we stood in need of pilots to point out the way, this surely was the time, and they were our men.'"
543,lop-men,trades_with,fish,CentralAsia_Tibet_Vol1,CentralAsia_Tibet_Vol1.pdf,CentralAsia_Tibet_Vol1:215,CentralAsia_Tibet_Vol1:candidate,Validated,"and pushed the fish into the net with his paddle, and then went and picked up the net and drew it into his canoe."
544,lop-men,trades_with,fodder,CentralAsia_Tibet_Vol1,CentralAsia_Tibet_Vol1.pdf,CentralAsia_Tibet_Vol1:267,CentralAsia_Tibet_Vol1:candidate,Validated,The begs of the neighbourhood arranged that their Lop-men should sell us fodder for our animals...
545,lopmen,governs,chronometers,CentralAsia_Tibet_Vol1,CentralAsia_Tibet_Vol1.pdf,CentralAsia_Tibet_Vol1:458,CentralAsia_Tibet_Vol1:verified,Validated,"But that course I could not agree to ; not because we were short of provisions, nor because it was disagreeable to lose the comfort of my cabin, but solely because the chronometers must be wound up at the usual time."
546,lord curzon,governs,india,CentralAsia_Tibet_Vol1,CentralAsia_Tibet_Vol1.pdf,CentralAsia_Tibet_Vol1:6,CentralAsia_Tibet_Vol1:verified,Validated,It was owing to Lord Curzon's influential favour that my visit in India turned out so exceedingly pleasurable...
547,lord curzon,governs,"~oo,ooo,ooo subjects",CentralAsia_Tibet_Vol2,CentralAsia_Tibet_Vol2.pdf,CentralAsia_Tibet_Vol2:636,CentralAsia_Tibet_Vol2:verified,Validated,"We in Europe have very little conception of what it means to be Governor-General of India, with almost absolute power over ~oo,ooo,ooo subjects, or very nearly as many as are ruled by all the Sovereigns of Europe together."
548,lord curzon,licenses,functions of his office,CentralAsia_Tibet_Vol2,CentralAsia_Tibet_Vol2.pdf,CentralAsia_Tibet_Vol2:636,CentralAsia_Tibet_Vol2:candidate,Validated,"Lord Curzon takes an earnest view of his duties, sacrificing all his time and all his strength to the functions of his office."
549,lubra village,governs,baragaon,Traders_in_Highland_Nepal,Traders_in_Highland_Nepal.pdf,,Traders_in_Highland_Nepal:no_evidence,Validated,"Lubra village, Baragaon"
550,m. petrovsky,supplies,travellers,CentralAsia_Tibet_Vol1,CentralAsia_Tibet_Vol1.pdf,CentralAsia_Tibet_Vol1:66,CentralAsia_Tibet_Vol1:verified,Validated,"Then a last greeting, a last farewell, and off we went to the dull, but significant, tingle-tingle of the camels' bells."
551,macartney,trades_with,caravan,CentralAsia_Tibet_Vol1,CentralAsia_Tibet_Vol1.pdf,CentralAsia_Tibet_Vol1:66,CentralAsia_Tibet_Vol1:verified,Validated,"He appointed two durgaz (policemen), with instructions to see that the inhabitants of the city supplied the caravan with everything it needed- of course, in return for a handsome equivalent."
552,mahzrzjz g u l ~ b singh,governs,kashmir,J&K_Gazatteer_1909,J&K_Gazatteer_1909.pdf,J&K_Gazatteer_1909:12,J&K_Gazatteer_1909:verified,Validated,"Speaking of the whole of his dominions, he might without exaggeration have described them as nothing but mountains."
553,mandi,controls,salt mines,Salt_Industry_India,,,Salt_Industry_India:pdf_missing,Validated,The two Mandi salt mines are situated in the Himalayan State of Mandi...
554,mandi,governs,salt quarries,Salt_Industry_India,,,Salt_Industry_India:pdf_missing,Probable,"Prior to 1871 the whole revenue realised from the sale of salt at the quarries situated in the Mandi State was received by the Raja, whose property they were."
555,mandi,taxes,the british,Becoming_India,Becoming_India.pdf,,Becoming_India:no_evidence,Validated,
556,mandi raja,governs,mandi state,Salt_Industry_India,,,Salt_Industry_India:pdf_missing,Validated,The Mandi salt is hard and massive in character and requires continuous blasting operations.
557,mandi refinery,trades_with,people in northern india,Salt_Industry_India,,,Salt_Industry_India:pdf_missing,Probable,...will more than compensate for the loss by supplying exceptionally pure quality salt to them...
558,mandi rock salt,supplies,refined salt,Salt_Industry_India,,,Salt_Industry_India:pdf_missing,Validated,The brine is thus fit for direct treatment for manufacture of refined salt.
559,mandi rock salt refinery,trades_with,railway,Salt_Industry_India,,,Salt_Industry_India:pdf_missing,Missing,...which the Railway would provide within the factory premises by means of siding.
560,mangri people,trades_with,mugu,Traders_in_Highland_Nepal,Traders_in_Highland_Nepal.pdf,Traders_in_Highland_Nepal:265,Traders_in_Highland_Nepal:verified,Validated,"Most householders make one annual trading journey to Tibet, and go twice a year to Mugu to buy salt and wool."
561,mangri people,trades_with,nepal-ganj bazaar,Traders_in_Highland_Nepal,Traders_in_Highland_Nepal.pdf,Traders_in_Highland_Nepal:265,Traders_in_Highland_Nepal:candidate,Probable,In the winter some Mangri people go to the Terai and purchase machine-made cotton cloth in the bazaar of Nepal-ganj.
562,mangri people,trades_with,tibet,Traders_in_Highland_Nepal,Traders_in_Highland_Nepal.pdf,Traders_in_Highland_Nepal:265,Traders_in_Highland_Nepal:verified,Validated,"Most householders make one annual trading journey to Tibet, and go twice a year to Mugu to buy salt and wool."
563,marriage in the western himalayas,depends_on,social sanction of the community,Becoming_India,Becoming_India.pdf,,Becoming_India:no_evidence,Validated,
564,men,controls,ferry-boat,CentralAsia_Tibet_Vol1,CentralAsia_Tibet_Vol1.pdf,CentralAsia_Tibet_Vol1:457,CentralAsia_Tibet_Vol1:verified,Validated,"It took a score of men working fully two hours to deepen the channel and hew down the reeds at the sides, and even then we were only able to move the ferry-boat slowly along, foot by foot."
565,men,controls,weaving,TransHimalayan_Traders_Fisher,TransHimalayan_Traders_Fisher.pdf,,TransHimalayan_Traders_Fisher:no_evidence,Validated,
566,men,extracts_from,salt,Rupshu,Rupshu.pdf,,Rupshu:no_evidence,Validated,
567,men,governs,labor market,TransHimalayan_Traders_Fisher,TransHimalayan_Traders_Fisher.pdf,TransHimalayan_Traders_Fisher:91,TransHimalayan_Traders_Fisher:candidate,Missing,"All these transactions-and others involving exchange of goods with the world beyond Tichurong-are made by men, and men alone."
568,men,licenses,plow used in tichurongi6,TransHimalayan_Traders_Fisher,TransHimalayan_Traders_Fisher.pdf,TransHimalayan_Traders_Fisher:96,TransHimalayan_Traders_Fisher:candidate,Probable,"The plow used in TichurongI6 is found nowhere else in Nepal, not even a few miles away (see Aitken 1963)."
569,men,trades_with,manufactured goods,TransHimalayan_Traders_Fisher,TransHimalayan_Traders_Fisher.pdf,TransHimalayan_Traders_Fisher:95,TransHimalayan_Traders_Fisher:verified,Validated,procure clothes and other manufactured goods for their families.
570,men,transports_via,baskets to the owner’s house,Traders_in_Highland_Nepal,Traders_in_Highland_Nepal.pdf,Traders_in_Highland_Nepal:47,Traders_in_Highland_Nepal:verified,Validated,These men carry the full baskets to the owner’s house.
571,men,transports_via,long dagger,Salt_routes_and_barter_caravans_in_the_H,Salt_routes_and_barter_caravans_in_the_H.pdf,,Salt_routes_and_barter_caravans_in_the_H:no_evidence,Validated,
572,men of tsharka,trades_with,"tibetan salt, wool and butter",Traders_in_Highland_Nepal,Traders_in_Highland_Nepal.pdf,Traders_in_Highland_Nepal:212,Traders_in_Highland_Nepal:verified,Validated,"The caravan carried barley as well as cash, to be exchanged for salt, wool and butter."
573,men of tsharka,trades_with,trade partners in the tichurong area,Traders_in_Highland_Nepal,Traders_in_Highland_Nepal.pdf,Traders_in_Highland_Nepal:226,Traders_in_Highland_Nepal:candidate,Validated,"Yet, in September 1962 men of Tsharka came with about twenty pack-yak to Marpha, bringing butter which they exchanged at a rate of 1 measure of butter for 9 of u-barley."
574,"merchants from central asia, kashmir and the punjab",negotiates_with,in leh,Ladakh,Ladakh.pdf,,Ladakh:no_evidence,Validated,
575,merchants of namche bazar,trades_with,kathmandu,Traders_in_Highland_Nepal,Traders_in_Highland_Nepal.pdf,Traders_in_Highland_Nepal:97,Traders_in_Highland_Nepal:verified,Validated,Three prominent merchants of Namche Bazar chartered two flights of a twin-engine plane of the Royal Nepal Airlines Corporation to carry these supplies.
576,mian kishan singh,transports_via,sansar chand's troops,Mandi_Gazatteer,Mandi_Gazatteer.pdf,Mandi_Gazatteer:123,Mandi_Gazatteer:candidate,Probable,"He now ten-80,000 out or his own pocket, with the aid of Sansar Chand's troops wrf'stf'd six strongholds from Mandi."
577,middle gobi,supplies,camels,CentralAsia_Tibet_Vol2,CentralAsia_Tibet_Vol2.pdf,CentralAsia_Tibet_Vol2:108,CentralAsia_Tibet_Vol2:candidate,Validated,"The camels drank as much Sand-dunes of the Middle Gobi, as they could hold at the well before starting..."
578,miners,depends_on,hunters,CentralAsia_Tibet_Vol1,CentralAsia_Tibet_Vol1.pdf,CentralAsia_Tibet_Vol1:632,CentralAsia_Tibet_Vol1:verified,Validated,"for the rest of their food they depend upon the hunters who accompany them, and who for a trifle sell them the flesh of the yaks, kulans, and antelopes they shoot."
579,mohammed tokta,depends_on,milk,CentralAsia_Tibet_Vol2,CentralAsia_Tibet_Vol2.pdf,CentralAsia_Tibet_Vol2:548,CentralAsia_Tibet_Vol2:candidate,Missing,"Then I asked him how he felt, and he smiled in quite a friendly way. Nobody knew exactly when he passed away."
580,mohammed tokta,supplies,fuel,CentralAsia_Tibet_Vol2,CentralAsia_Tibet_Vol2.pdf,CentralAsia_Tibet_Vol2:548,CentralAsia_Tibet_Vol2:verified,Validated,"Mollah Shah, who had the last watch, had gone off to collect fuel."
581,mollah shah,supplies,four horses,CentralAsia_Tibet_Vol1,CentralAsia_Tibet_Vol1.pdf,CentralAsia_Tibet_Vol1:599,CentralAsia_Tibet_Vol1:candidate,Validated,"Climbing a little hill, I perceived Mollah Shah waiting for us on a head-land with the four horses."
582,mollah toktamet beg,governs,cherchen,CentralAsia_Tibet_Vol1,CentralAsia_Tibet_Vol1.pdf,CentralAsia_Tibet_Vol1:324,CentralAsia_Tibet_Vol1:verified,Validated,"With his seventy-two years, he was the same pleasant old man, aristocratic looking, and polite, that I had known him before, and he placed his house at my disposal."
583,monasteries,supplies,"agricultural advances, chiefly seed-grain",J&K_Gazatteer_1909,J&K_Gazatteer_1909.pdf,J&K_Gazatteer_1909:115,J&K_Gazatteer_1909:verified,Validated,"Agricultural advances, chiefly seed-grain, are made for the most part not by the State, but by the monasteries,"
584,mongol lama,trades_with,salt,CentralAsia_Tibet_Vol2,CentralAsia_Tibet_Vol2.pdf,,CentralAsia_Tibet_Vol2:no_evidence,Missing,
585,mongol pilgrims,supplies,food in boxes and sacks,CentralAsia_Tibet_Vol2,CentralAsia_Tibet_Vol2.pdf,CentralAsia_Tibet_Vol2:52,CentralAsia_Tibet_Vol2:verified,Validated,"The pilgrims carry their food in boxes and sacks, and on their way back usually replenish their supplies at Abdall."
586,mongol pilgrims,trades_with,abdall,CentralAsia_Tibet_Vol2,CentralAsia_Tibet_Vol2.pdf,CentralAsia_Tibet_Vol2:52,CentralAsia_Tibet_Vol2:candidate,Probable,"Upon reaching Abdall they generally try to exchange their exhausted camels for horses, so as to be able to reach their distant homes before the season gets too far advanced."
587,mongolia,trades_with,tibet,Report_On_Tibet_1903,Report_On_Tibet_1903.pdf,Report_On_Tibet_1903:60,Report_On_Tibet_1903:candidate,Validated,"This appears to consist entirely of a great caravan which travels yearly from Mongolia through Tmitlan to Lhasa, starting usually in the month of June."
588,more enterprising men,transports_via,their salt onward to leh,Rupshu,Rupshu.pdf,,Rupshu:no_evidence,Validated,
589,mountaineering expeditions,supplies,"warm, high-altitude clothing of western manufacture",Traders_in_Highland_Nepal,Traders_in_Highland_Nepal.pdf,Traders_in_Highland_Nepal:101,Traders_in_Highland_Nepal:verified,Validated,"Many of the younger men have worked for mountaineering expeditions and acquired thereby a stock of warm, high-altitude clothing of Western manufacture."
590,mr. c.h. pitt,governs,salt mining in the punjab,Salt_Industry_India,,,Salt_Industry_India:pdf_missing,Validated,"Salt Mining in the Punjab by Mr, C.H, Pitt"
591,mr. macartney,governs,the government of india at kashgar,CentralAsia_Tibet_Vol1,CentralAsia_Tibet_Vol1.pdf,CentralAsia_Tibet_Vol1:7,CentralAsia_Tibet_Vol1:verified,Validated,"Mr. Macartney, Agent of the Government of India at Kashgar."
592,mr. shore,governs,dehra,Himalayan_Gazatteer,Himalayan_Gazatteer.pdf,Himalayan_Gazatteer:213,Himalayan_Gazatteer:candidate,Validated,"Shore then assumed charge under the designation of Joint-Magistrate, and, during his residence at Dehra (till 1828), the town along with the rest of the district gained greatly from his reforming hand..."
593,muafidnrs,governs,villages,British_Garhwal,British_Garhwal.pdf,British_Garhwal:222,British_Garhwal:verified,Validated,"Tho muafidnrs have power to try all civil, rcnt and revcnuc suits arising in their own villages,"
594,mughal empire,governs,ladakh,Ladakh,Ladakh.pdf,,Ladakh:no_evidence,Validated,
595,mugu people,monopolizes,salt market,Traders_in_Highland_Nepal,Traders_in_Highland_Nepal.pdf,Traders_in_Highland_Nepal:263,Traders_in_Highland_Nepal:verified,Validated,"Their monopoly has been broken, and their market is inevitably shrinking as communications in the middle-ranges of Nepal improve."
596,mugu people,supplies,tibetan drokpas (chobas),Traders_in_Highland_Nepal,Traders_in_Highland_Nepal.pdf,Traders_in_Highland_Nepal:261,Traders_in_Highland_Nepal:candidate,Probable,"Cheptu was appar-ently not a settlement with a permanent population, but a mart where people of Mugu and Tibetan Drokpas (known locally also as Chobas) foregathered to exchange grain and salt."
597,mugu people,trades_with,cheptu (tibet),Traders_in_Highland_Nepal,Traders_in_Highland_Nepal.pdf,Traders_in_Highland_Nepal:261,Traders_in_Highland_Nepal:candidate,Probable,"To purchase salt the Mugu people went with caravans of yak to Cheptu a place inside Tibet, which lies some three days' journey to the north across the Nangja pass."
598,mugu traders,supplies,tibetan wool in pongdzu,Traders_in_Highland_Nepal,Traders_in_Highland_Nepal.pdf,Traders_in_Highland_Nepal:262,Traders_in_Highland_Nepal:candidate,Probable,Apart from salt the traders from both Mugu and Karan obtain their requirements of Tibetan wool in Pongdzu.
599,mugu traders,trades_with,drokpas at pongdzu,Traders_in_Highland_Nepal,Traders_in_Highland_Nepal.pdf,Traders_in_Highland_Nepal:262,Traders_in_Highland_Nepal:candidate,Probable,the Mugu people undertook annually three to four journeys to Pongdzu. They have closer ties with the Drokpas and usually get more favourable exchange rates than the Karan people.
600,musa and mollah shah,supplies,cherdon,CentralAsia_Tibet_Vol1,CentralAsia_Tibet_Vol1.pdf,,CentralAsia_Tibet_Vol1:no_evidence,Probable,I gave Musa and Mollah Shah...
601,mustang raja's great castle-like houses,governs,villages,Traders_in_Highland_Nepal,Traders_in_Highland_Nepal.pdf,Traders_in_Highland_Nepal:187,Traders_in_Highland_Nepal:verified,Validated,"The great castle-like houses of the Mustang Raja, and the living quarters of the senior lamas in some monasteries."
602,namche bazar,trades_with,tibet,Traders_in_Highland_Nepal,Traders_in_Highland_Nepal.pdf,Traders_in_Highland_Nepal:90,Traders_in_Highland_Nepal:verified,Validated,"Professional merchants sold a great variety of goods to Tibet, many of which had to be obtained from India."
603,nawa traders,trades_with,tibetans,Traders_in_Highland_Nepal,Traders_in_Highland_Nepal.pdf,Traders_in_Highland_Nepal:141,Traders_in_Highland_Nepal:candidate,Missing,"A man of Thaktu clan of Ritak told me that his trading journeys ranged from Chainpur, a small market town in the Rai country, twenty-six miles south of Ritak, to Shigatse in Tibet."
604,naxi women of lower tsakalho,extracts_from,wells,Santiago_Lazcano,Santiago_Lazcano.pdf,Santiago_Lazcano:14,Santiago_Lazcano:candidate,Validated,"Using a ladder, they descend to the bottom of the wells (sometimes down to ten meters) to load their buckets with salt water."
605,naxi women of lower tsakalho,transports_via,wooden tubes or buckets,Santiago_Lazcano,Santiago_Lazcano.pdf,Santiago_Lazcano:14,Santiago_Lazcano:verified,Validated,"The Naxi women of Lower Tsakalho go down to the wells, and come back up with wooden tubes or buckets loaded with salt water weighing about 15 kg."
606,nayar river,supplies,villagers with fuel and timber,British_Garhwal,British_Garhwal.pdf,,British_Garhwal:not_found,Missing,"The Nayar river, with its steep shady banks, covered for the most part with a prolific bush jungle, which supplies the neighboring villagers with fuel and to a certain extent with timber."
607,ndapsni,controls,water supply,Himalayan_Gazatteer,Himalayan_Gazatteer.pdf,Himalayan_Gazatteer:208,Himalayan_Gazatteer:candidate,Missing,"The water-supply of the European portion of the station is obtained from a spring at NdapSni, which issues from a small hill situated about two miles to the north-east."
608,nep61,governs,bhotiya villages,Himalayan_Gazatteer,Himalayan_Gazatteer.pdf,Himalayan_Gazatteer:114,Himalayan_Gazatteer:candidate,Validated,In the glen of the Tinkbr river on tho eastern side of the Khli are a few Bhotiya villages subject in NepB1...
609,nepal,controls,tibetan border,Traders_in_Highland_Nepal,Traders_in_Highland_Nepal.pdf,Traders_in_Highland_Nepal:93,Traders_in_Highland_Nepal:verified,Validated,"Subsequent to the flight of the Dalai Lama and the exodus of large numbers of Tibetan refugees in 1959, the Nepal-Tibet frontier was for a time completely closed, but later the Chinese authorities allowed a limited trade in a few basic commodities such as salt, grain and wool."
610,nepal,governs,government of nepal,TransHimalayan_Traders_Fisher,TransHimalayan_Traders_Fisher.pdf,TransHimalayan_Traders_Fisher:43|46|47|191|193,TransHimalayan_Traders_Fisher:candidate,Validated,"government of, 125, 168-169, 170, 171, 175; king of, 32, 33"
611,nepal,trades_with,tibet,HUMLA_NEPAL|Report_On_Tibet_1903,HUMLA_NEPAL.pdf|Report_On_Tibet_1903.pdf,Report_On_Tibet_1903:61,HUMLA_NEPAL:not_found|Report_On_Tibet_1903:candidate,Validated,A number of tracks lead up the valleys of the Nepal rivers and cross the Himalayan ranges into the Tibetan plateau by more or less difficult passes.
612,nepal government,governs,exactions,Himalayan_Gazatteer,Himalayan_Gazatteer.pdf,,Himalayan_Gazatteer:not_found,Missing,"When the magnitude of the evil led to the interference of the Nepal Government, an officer of reputation, Bhagti Phiipa, was especially deputed for the re-settlement of the Bhotiya mahals."
613,nepal government,governs,fees,TransHimalayan_Traders_Fisher,TransHimalayan_Traders_Fisher.pdf,TransHimalayan_Traders_Fisher:46,TransHimalayan_Traders_Fisher:candidate,Missing,"Fees were stipulated to mukhiyiis (village headmen who collected taxes in their villages), to priests for performing various pujas (worship ceremonies), and for reading texts."
614,nepal government,governs,interest charges,TransHimalayan_Traders_Fisher,TransHimalayan_Traders_Fisher.pdf,TransHimalayan_Traders_Fisher:46,TransHimalayan_Traders_Fisher:candidate,Missing,"Porter rates were set (two annas per day), as were interest charges on loans of food and money (25 and 10 percent, respectively)."
615,nepal government,governs,tax collection,TransHimalayan_Traders_Fisher,TransHimalayan_Traders_Fisher.pdf,TransHimalayan_Traders_Fisher:47,TransHimalayan_Traders_Fisher:verified,Validated,"There is no way to determine whether explicit directives of the kind just outlined were adhered to faithfully, but they could have been enforced only by local administrators of unquestioned loyalty to the king in Kathmandu."
616,nepal government,taxes,cloth,TransHimalayan_Traders_Fisher,TransHimalayan_Traders_Fisher.pdf,TransHimalayan_Traders_Fisher:46,TransHimalayan_Traders_Fisher:verified,Validated,"In 1838 taxes began to be levied on salt, wool, cloth, goats, and woolen blankets (documents 4 and 5)."
617,nepal government,taxes,goats,TransHimalayan_Traders_Fisher,TransHimalayan_Traders_Fisher.pdf,TransHimalayan_Traders_Fisher:46,TransHimalayan_Traders_Fisher:verified,Validated,"In 1838 taxes began to be levied on salt, wool, cloth, goats, and woolen blankets (documents 4 and 5)."
618,nepal government,taxes,salt,TransHimalayan_Traders_Fisher,TransHimalayan_Traders_Fisher.pdf,TransHimalayan_Traders_Fisher:46,TransHimalayan_Traders_Fisher:verified,Validated,"In 1838 taxes began to be levied on salt, wool, cloth, goats, and woolen blankets (documents 4 and 5)."
619,nepal government,taxes,wool,TransHimalayan_Traders_Fisher,TransHimalayan_Traders_Fisher.pdf,TransHimalayan_Traders_Fisher:46,TransHimalayan_Traders_Fisher:verified,Validated,"In 1838 taxes began to be levied on salt, wool, cloth, goats, and woolen blankets (documents 4 and 5)."
620,nepal government,taxes,woolen blankets,TransHimalayan_Traders_Fisher,TransHimalayan_Traders_Fisher.pdf,TransHimalayan_Traders_Fisher:46,TransHimalayan_Traders_Fisher:verified,Validated,"In 1838 taxes began to be levied on salt, wool, cloth, goats, and woolen blankets (documents 4 and 5)."
621,nepal's northern border,depends_on,trans-himalayan trade,Traders_in_Highland_Nepal,Traders_in_Highland_Nepal.pdf,Traders_in_Highland_Nepal:17,Traders_in_Highland_Nepal:verified,Validated,"An analysis of this trade, which for centuries had linked Tibet, Nepal and India, promised to be of all the greater interest as it provided an insight into trading methods that in other parts of the world belong to the distant past."
622,nepalese authorities,governs,employment by mountaineering expeditions operating within nepal's boundaries,Traders_in_Highland_Nepal,Traders_in_Highland_Nepal.pdf,Traders_in_Highland_Nepal:106,Traders_in_Highland_Nepal:verified,Validated,with the help of the Nepalese authorities succeeded in reversing the situation and securing for themselves priority in the right to employment by mountaineering expeditions operating within the boundaries of Nepal.
623,nepalese traders,trades_with,lhasa,Memo_Relations_with_Tibet,Memo_Relations_with_Tibet.pdf,Memo_Relations_with_Tibet:43,Memo_Relations_with_Tibet:candidate,Validated,"Nepalese traders do a flourishing trade at present slth Lhasa, and this would be rolned if the Sikkirn route were opened."
624,newar merchants,controls,trade between kathmandu and tibetan cities,Traders_in_Highland_Nepal,Traders_in_Highland_Nepal.pdf,Traders_in_Highland_Nepal:156,Traders_in_Highland_Nepal:candidate,Probable,"For centuries these relatively easy routes were used by Newar merchants, some 5,000 of whom lived in Tibet as late as the 1960s, and who controlled much of the trade between Kathmandu and the principal Tibetan cities."
625,newars,trades_with,salt,Traders_in_Highland_Nepal,Traders_in_Highland_Nepal.pdf,Traders_in_Highland_Nepal:329,Traders_in_Highland_Nepal:verified,Validated,"Thus, the salt/grain barter can be operated easily by egalitarian societies with constant and predictable needs and a fairly even standard of living."
626,newars,trades_with,tibet,Traders_in_Highland_Nepal,Traders_in_Highland_Nepal.pdf,Traders_in_Highland_Nepal:328,Traders_in_Highland_Nepal:verified,Validated,"The trade between the towns of the Kathmandu valley and Tibet was for centuries in the hands of Newars, and many Newar traders of Uray caste were established in Lhasa and other Tibetan towns, where some of them intermarried with Tibetans."
627,niti villagers,governs,entry into tibet,British_Garhwal,British_Garhwal.pdf,British_Garhwal:50,British_Garhwal:candidate,Missing,"Before any traders from Niti are allowed to visit Tibct, the Jongpen sends down a subordinatc official, styled a Sarji, to enquire as to the existence of any disease among meq or cattle."
628,nomadic pastoralists,taxes,in cash and kind,Becoming_India,Becoming_India.pdf,,Becoming_India:no_evidence,Missing,
629,nomads,extracts_from,lake,Santiago_Lazcano,Santiago_Lazcano.pdf,Santiago_Lazcano:4,Santiago_Lazcano:verified,Validated,"Upon reaching the lake, the nomads began to break the salt into small pieces with yak or sheep horns, and accumulated it in conical piles with wooden scrapers."
630,nomads,trades_with,salt pans,Santiago_Lazcano,Santiago_Lazcano.pdf,Santiago_Lazcano:20,Santiago_Lazcano:verified,Validated,Although nearby nomads regularly went to the salt pans with their yaks in search of red salt.
631,nomads,trades_with,the salt from tso kar,Rupshu,Rupshu.pdf,,Rupshu:no_evidence,Probable,
632,nomads of the lake area,transports_via,salt and livestock products,Santiago_Lazcano,Santiago_Lazcano.pdf,Santiago_Lazcano:9,Santiago_Lazcano:verified,Validated,"Salt from the lakes was transported along with other livestock products loaded on yaks, sheep or camels to the agricultural areas, where it was exchanged for the coveted grain."
633,north-western railway,trades_with,kashmir,J&K_Gazatteer_1909,J&K_Gazatteer_1909.pdf,J&K_Gazatteer_1909:82|84,J&K_Gazatteer_1909:candidate,Probable,"It [the railway] has usually earned a net profit of I to 2 per cent., in addition to the rebate allowed from traffic exchanged with the North-Western Railway."
634,numet beg,supplies,provisions,CentralAsia_Tibet_Vol1,CentralAsia_Tibet_Vol1.pdf,,CentralAsia_Tibet_Vol1:no_evidence,Validated,I asked him to find us provisions...
635,older men with trade connections to tibet,trades_with,tibetan towns,Traders_in_Highland_Nepal,Traders_in_Highland_Nepal.pdf,Traders_in_Highland_Nepal:121,Traders_in_Highland_Nepal:candidate,Probable,"Their prestige, long-standing connections and experience enabled them to conclude favourable trade deals."
636,operators of the trade,trades_with,solu,Traders_in_Highland_Nepal,Traders_in_Highland_Nepal.pdf,Traders_in_Highland_Nepal:225,Traders_in_Highland_Nepal:verified,Validated,The operators of this trade were mainly from Baragaon but a few Dolpo men have also been to Solu carrying large amounts of cash.
637,ordek,extracts_from,landmark tower,CentralAsia_Tibet_Vol1,CentralAsia_Tibet_Vol1.pdf,CentralAsia_Tibet_Vol1:414,CentralAsia_Tibet_Vol1:candidate,Validated,"He also came to a tora, or landmark tower, in the vicinity of which he ..."
638,ordek,trades_with,landmark tower,CentralAsia_Tibet_Vol1,CentralAsia_Tibet_Vol1.pdf,CentralAsia_Tibet_Vol1:414,CentralAsia_Tibet_Vol1:candidate,Validated,"He also came to a tora, or landmark tower, in the vicinity of which he ..."
639,our animals,depends_on,water and grazing,CentralAsia_Tibet_Vol2,CentralAsia_Tibet_Vol2.pdf,CentralAsia_Tibet_Vol2:426,CentralAsia_Tibet_Vol2:verified,Validated,"We stopped about an hour before sunset beside a fresh-water spring that bubbled up in a meadow, so as to give our horses an opportunity to graze before dark."
640,our pilgrims,governs,lake,CentralAsia_Tibet_Vol2,CentralAsia_Tibet_Vol2.pdf,CentralAsia_Tibet_Vol2:329,CentralAsia_Tibet_Vol2:verified,Validated,"Concentric rings of beaches and terraces round the shore showed, at a glance, that the lake was shrinking, and consequently must be salt."
641,our pilgrims,trades_with,animals,CentralAsia_Tibet_Vol2,CentralAsia_Tibet_Vol2.pdf,CentralAsia_Tibet_Vol2:326,CentralAsia_Tibet_Vol2:verified,Validated,"While we three pilgrims crept into our tent, which we shared in brotherly fashion together, 0rdek kept an eye upon the animals."
642,outer hills,trades_with,foodgrains,Ladakh,Ladakh.pdf,,Ladakh:no_evidence,Validated,
643,outsiders,disputes,imprisoned,Becoming_India,Becoming_India.pdf,,Becoming_India:no_evidence,Validated,
644,outsiders,governs,information,TransHimalayan_Traders_Fisher,TransHimalayan_Traders_Fisher.pdf,TransHimalayan_Traders_Fisher:25,TransHimalayan_Traders_Fisher:verified,Validated,"People in some cultures are very anxious for outsiders to know about them; indeed, 1 marvel at the good fortune of a colleague who worked in Sri Lanka and found that he sometimes had to ask his informants to stop giving him so much detailed information that he couldn't record it all."
645,outsiders,taxes,people,TransHimalayan_Traders_Fisher,TransHimalayan_Traders_Fisher.pdf,TransHimalayan_Traders_Fisher:25,TransHimalayan_Traders_Fisher:verified,Validated,"the universal fear of higher taxes (a cultural universal, no doubt), they saw no advantage in handing out information that might fall into unfriendly hands, even if we ourselves were benign."
646,pack-horses,transports_via,karakoram,Ladakh,Ladakh.pdf,,Ladakh:no_evidence,Validated,
647,panchayat,governs,village,TransHimalayan_Traders_Fisher,TransHimalayan_Traders_Fisher.pdf,TransHimalayan_Traders_Fisher:25,TransHimalayan_Traders_Fisher:verified,Validated,"I also wanted to take a complete census of the village, with such details as age, clan membership, place of birth, and preliminary genealogical connections."
648,panchgaon,governs,village-endogamy,Traders_in_Highland_Nepal,Traders_in_Highland_Nepal.pdf,,Traders_in_Highland_Nepal:no_evidence,Validated,...practising village-endogamy...
649,panjbb government,disputes,making a portion of the road,Himalayan_Gazatteer,Himalayan_Gazatteer.pdf,Himalayan_Gazatteer:374,Himalayan_Gazatteer:candidate,Missing,although the road would be very useful if the PanjBb Government would agree to make their portion of it...
650,pargana assessment,governs,revenue of each pargana,British_Garhwal,British_Garhwal.pdf,British_Garhwal:98,British_Garhwal:candidate,Probable,"On the conquest of the province (in 1815 A.D.), as a temporary arrangement, the revenue of each pargana was farmed out."
651,pasang putr (shangup),trades_with,tibet,Traders_in_Highland_Nepal,Traders_in_Highland_Nepal.pdf,Traders_in_Highland_Nepal:88,Traders_in_Highland_Nepal:candidate,Validated,"In the summer of 1957, Pasang Putr (Shangup) of Namche and Pemba (Thaktu) of Khumjung bought 38 male cross-breeds from Solu Sherpas on credit and sold them in Tibet for an average of R300 each."
652,pasang putr (thaktu),trades_with,kalimpong,Traders_in_Highland_Nepal,Traders_in_Highland_Nepal.pdf,Traders_in_Highland_Nepal:89,Traders_in_Highland_Nepal:verified,Validated,With the money he received he went to Kalimpong and there bought beads and tins of vegetable cooking fat...
653,pasang putr (thaktu),trades_with,namche bazar,Traders_in_Highland_Nepal,Traders_in_Highland_Nepal.pdf,Traders_in_Highland_Nepal:89,Traders_in_Highland_Nepal:verified,Validated,"...he then bought carpets, tea, incense and gold ornaments and returned with his purchases to Namche Bazar."
654,pasang putr (thaktu),trades_with,shigatse,Traders_in_Highland_Nepal,Traders_in_Highland_Nepal.pdf,Traders_in_Highland_Nepal:89,Traders_in_Highland_Nepal:verified,Validated,He sold the paper and incense... With the money he received he went to Kalimpong and there bought beads and tins of vegetable cooking fat. These goods he took to Shigatse...
655,pasang putr (thaktu),trades_with,tingri,Traders_in_Highland_Nepal,Traders_in_Highland_Nepal.pdf,Traders_in_Highland_Nepal:89,Traders_in_Highland_Nepal:verified,Validated,He sold the animals in Tingri and then went on to Shigatse...
656,pastoral groups,transports_via,lower hills bordering the plains of punjab,Becoming_India,Becoming_India.pdf,,Becoming_India:no_evidence,Validated,
657,patum,extracts_from,food,TransHimalayan_Traders_Fisher,TransHimalayan_Traders_Fisher.pdf,TransHimalayan_Traders_Fisher:172,TransHimalayan_Traders_Fisher:verified,Validated,"The patum and his assistants must be fed the finest food-that is, not chinu millet but rice, and not the usual buckwheat but the sweet buckwheat."
658,peasant families,controls,whose produce was not sufficient for their dietary needs,Becoming_India,Becoming_India.pdf,,Becoming_India:no_evidence,Validated,
659,peasant families,trades_with,cash crops and pastoral goods,Becoming_India,Becoming_India.pdf,,Becoming_India:no_evidence,Validated,
660,peasant family,governs,begar,Becoming_India,Becoming_India.pdf,,Becoming_India:no_evidence,Validated,
661,peasant traders,transports_via,foodgrains,Ladakh,Ladakh.pdf,,Ladakh:no_evidence,Validated,
662,peasants,depends_on,honey and milk products,Becoming_India,Becoming_India.pdf,,Becoming_India:no_evidence,Missing,
663,peasants,licenses,state forests,Becoming_India,Becoming_India.pdf,,Becoming_India:no_evidence,Probable,
664,peasants,supplies,poorzee,Becoming_India,Becoming_India.pdf,,Becoming_India:no_evidence,Validated,
665,people,depends_on,forests,British_Garhwal,British_Garhwal.pdf,British_Garhwal:24,British_Garhwal:verified,Validated,"The district is very largely dependent upon agriculture, for the proper conduct of which in the hills forests are in every way indispensable:"
666,people,depends_on,rest of the ever-approaching world beyond their valley,TransHimalayan_Traders_Fisher,TransHimalayan_Traders_Fisher.pdf,TransHimalayan_Traders_Fisher:213,TransHimalayan_Traders_Fisher:candidate,Probable,"This process pinpoints the changes that are slowly but inexorably engulfing the people of Tarangpur, blurring and maintaining boundary mechanisms between them and the rest of the ever-approaching world beyond their valley."
667,people,negotiates_with,government,Himalayan_Gazatteer,Himalayan_Gazatteer.pdf,Himalayan_Gazatteer:329,Himalayan_Gazatteer:candidate,Validated,"the people ... look upon any attempt to abridge them as an interference with their rights, and an enemy and interloper."
668,people,negotiates_with,land,Traders_in_Highland_Nepal,Traders_in_Highland_Nepal.pdf,Traders_in_Highland_Nepal:30,Traders_in_Highland_Nepal:verified,Validated,"Most of the families owning houses and land in Teshinga spend several weeks there in the autumn, again some weeks during the coldest part of the winter, and a short time in the spring when the fields have to be prepared for the sowing of potatoes."
669,people,supplies,food,British_Garhwal,British_Garhwal.pdf,British_Garhwal:61,British_Garhwal:candidate,Validated,to provide travellers and officials on payroll with supplies of food...
670,people,supplies,labour,British_Garhwal,British_Garhwal.pdf,British_Garhwal:83,British_Garhwal:verified,Validated,the labour will often be supplied out of ncighbourly .
671,people,trades_with,grain,Himalayan_Gazatteer,Himalayan_Gazatteer.pdf,Himalayan_Gazatteer:271,Himalayan_Gazatteer:verified,Validated,"where it was sold. There was no great scarcity of money at the time, ao that the majority of purchasers paid ready money, a few giving labour in exchange for food."
672,people of baragaon,depends_on,thakalis of tukche,Traders_in_Highland_Nepal,Traders_in_Highland_Nepal.pdf,Traders_in_Highland_Nepal:177,Traders_in_Highland_Nepal:verified,Validated,"Later most people of Baragaon became economically dependent on the Thakalis of Tukche, who then monopolized the salt-trade with Tibet."
673,people of dolpo,trades_with,thakalis,Traders_in_Highland_Nepal,Traders_in_Highland_Nepal.pdf,Traders_in_Highland_Nepal:226,Traders_in_Highland_Nepal:verified,Validated,"Some of the butter was resold to Thakalis who bought it mainly for their own consumption as an additive to Tibetan tea, and for use in Buddhist ritual."
674,people of lo,trades_with,baragaon,Traders_in_Highland_Nepal,Traders_in_Highland_Nepal.pdf,Traders_in_Highland_Nepal:197,Traders_in_Highland_Nepal:verified,Validated,"For this, people of Lo come to Baragaon and work for wages paid usually in grain."
675,people of lo,trades_with,tibetans,Traders_in_Highland_Nepal,Traders_in_Highland_Nepal.pdf,Traders_in_Highland_Nepal:226,Traders_in_Highland_Nepal:candidate,Validated,"Until 1958 the people of Lo bought butter, dried meat and sheep-skins either from Tibetans, who brought these products across the border, or purchased them in the course of their own trade journeys to Tibet."
676,people of lower humla,trades_with,purangbas,Traders_in_Highland_Nepal,Traders_in_Highland_Nepal.pdf,Traders_in_Highland_Nepal:287,Traders_in_Highland_Nepal:verified,Validated,The butter brought by people of lower Humla is either exchanged for wool or sold for cash.
677,people owning sheep or horses,trades_with,indian salt,Traders_in_Highland_Nepal,Traders_in_Highland_Nepal.pdf,Traders_in_Highland_Nepal:263,Traders_in_Highland_Nepal:verified,Validated,"People owning either sheep or horses buy Indian salt in Nepalganj, and sell it for cash in Jumla."
678,pilgrims,depends_on,dispensaries,Himalayan_Gazatteer,Himalayan_Gazatteer.pdf,Himalayan_Gazatteer:323,Himalayan_Gazatteer:candidate,Validated,A great many of them get swollen legs from the bite of a small fly; now they are treated and fed at the dispensaries...
679,pilgrims,supplies,food,British_Garhwal,British_Garhwal.pdf,British_Garhwal:80,British_Garhwal:verified,Validated,"10 each on their food, which the Garhwali purveys at starvation rates,"
680,pindri,supplies,water,Mandi_Gazatteer,Mandi_Gazatteer.pdf,Mandi_Gazatteer:134,Mandi_Gazatteer:candidate,Missing,The uutws of cleaning the temple and supplying water are also carried out by the pujin on duty.
681,political department,governs,indian states,Becoming_India,Becoming_India.pdf,,Becoming_India:no_evidence,Validated,
682,poplars,supplies,camp,CentralAsia_Tibet_Vol1,CentralAsia_Tibet_Vol1.pdf,CentralAsia_Tibet_Vol1:41,CentralAsia_Tibet_Vol1:candidate,Validated,"The bushy grove on the right bank of the river, in an expansion of the valley known as Kulenkeh-tokai, we granted ourselves our first day's rest."
683,porters,supplies,food,TransHimalayan_Traders_Fisher,TransHimalayan_Traders_Fisher.pdf,TransHimalayan_Traders_Fisher:144,TransHimalayan_Traders_Fisher:verified,Validated,"a porter would consume food worth Rs. 52.50 ($5.20), giving a total cost per porter (food plus carrying fee) of roughly Rs."
684,pradhaman sah,controls,garhwal,British_Garhwal,British_Garhwal.pdf,British_Garhwal:132,British_Garhwal:candidate,Validated,"The Raja of Garhwal, would not be warned ; he failed to grasp the nature of the danger to which he was exposed and portents had already paralysed his superstitious mind and warned him that his last hour had come."
685,pravarasena,governs,kashmir,J&K_Gazatteer_1909,J&K_Gazatteer_1909.pdf,J&K_Gazatteer_1909:149,J&K_Gazatteer_1909:verified,Validated,"in the sixth century, 23, Pravarapnra, his magnificent capital on site of modem Srinagar, 2 3."
686,punarii dorje and his wife,trades_with,kalimpong,Traders_in_Highland_Nepal,Traders_in_Highland_Nepal.pdf,Traders_in_Highland_Nepal:300,Traders_in_Highland_Nepal:verified,Validated,"In the winter of 1971 Punarii Dorje and his wife left Yakba with R500 and four sheep which they sold in Rajapur for R100 each. From Nepalganj they went by train to Kalimpong and there bought cloth for their own use, and the wife bought some Tibetan boots."
687,punjab government,licenses,agents for the sale of punjab government publications,Mandi_Gazatteer,Mandi_Gazatteer.pdf,Mandi_Gazatteer:2|106,Mandi_Gazatteer:candidate,Validated,"Agents tor the sale of Punjab Government publications • ... Arnol, 41 and 43, Maddox Street, Bond street, W. Constable & Co., 10, Old Jewry Court, Leicester Square, W."
688,punjab salt mines,governs,inland customs department,Salt_Industry_India,,,Salt_Industry_India:pdf_missing,Validated,The Punjab Salt Mines were administered originally by the Inland Customs Department.
689,purangbas,supplies,salt,Traders_in_Highland_Nepal,Traders_in_Highland_Nepal.pdf,,Traders_in_Highland_Nepal:not_found,Validated,they had come to Yari with some 360 sheep and goats carrying salt as well as provisions and cooking utensils for the journey.
690,purangbas,trades_with,chala people,Traders_in_Highland_Nepal,Traders_in_Highland_Nepal.pdf,Traders_in_Highland_Nepal:288,Traders_in_Highland_Nepal:candidate,Validated,Many Purang-bas went there to trade with the Chala people as well as with men from the Acham region.
691,purangbas,trades_with,chinese authorities,Traders_in_Highland_Nepal,Traders_in_Highland_Nepal.pdf,Traders_in_Highland_Nepal:285,Traders_in_Highland_Nepal:verified,Validated,"The Chinese authorities allow the Purangbas to pay for livestock in cash, but the buyer must obtain a permit from his village council..."
692,purangbas,trades_with,humla,Traders_in_Highland_Nepal,Traders_in_Highland_Nepal.pdf,Traders_in_Highland_Nepal:284,Traders_in_Highland_Nepal:verified,Validated,"The arrival of a caravan of Purangbas during my short stay in Yari was concrete proof of the resumption of bilateral trade between the people on both sides of the frontier, but I was unable to ascertain either the volume or the value of the goods brought by Purangbas to Humla."
693,purangbas,trades_with,humlis,Traders_in_Highland_Nepal,Traders_in_Highland_Nepal.pdf,Traders_in_Highland_Nepal:287,Traders_in_Highland_Nepal:verified,Validated,"In 1972 about 100 Purangbas were expected, but unusually early snowfalls may have interfered with their plans."
694,purangbas,trades_with,nepali traders,Traders_in_Highland_Nepal,Traders_in_Highland_Nepal.pdf,Traders_in_Highland_Nepal:283,Traders_in_Highland_Nepal:candidate,Validated,"they not only bought and stored salt for sale to Nepali traders, but often also carried supplies of salt into Nepal and sold it in the villages close to the border and at trade-marts, specifically designed for such exchanges."
695,q e tibetans,trades_with,"roo sheep, laden with salt",CentralAsia_Tibet_Vol2,CentralAsia_Tibet_Vol2.pdf,CentralAsia_Tibet_Vol2:588,CentralAsia_Tibet_Vol2:verified,Validated,"Tibetans carry on a considerable trade across the frontier of Kashmir, bartering roo sheep, laden with salt, for 80 sheeploads of corn."
696,qamsdli,governs,village school,Himalayan_Gazatteer,Himalayan_Gazatteer.pdf,Himalayan_Gazatteer:242,Himalayan_Gazatteer:candidate,Missing,There is a village school here during the summer months
697,qamsdli,supplies,"crops of barley, buckwheat, and rod oats",Himalayan_Gazatteer,Himalayan_Gazatteer.pdf,Himalayan_Gazatteer:242,Himalayan_Gazatteer:verified,Validated,"A quantity of flat land round the village bears crops of barley, buckwheat, rod oats"
698,rahbar,governs,state,J&K_Gazatteer_1909,J&K_Gazatteer_1909.pdf,,J&K_Gazatteer_1909:not_found,Missing,Under the new arrangements the Rfahbar administers the State.
699,rais,trades_with,weekly market of namche bazar,Traders_in_Highland_Nepal,Traders_in_Highland_Nepal.pdf,Traders_in_Highland_Nepal:326,Traders_in_Highland_Nepal:verified,Validated,"But these cultivators, exemplified by the Rais carrying baskets filled with rice to the weekly market of Namche Bazar..."
700,rais,transports_via,grain,Traders_in_Highland_Nepal,Traders_in_Highland_Nepal.pdf,Traders_in_Highland_Nepal:95,Traders_in_Highland_Nepal:verified,Validated,Some 300 to 400 people from the regions south of the Sherpa country bring their wares to Namche and Sherpas from all the villages of Khumbu gather to make their purchases.
701,raja,governs,duties on goods imported and expo.rtoa,Mandi_Gazatteer,Mandi_Gazatteer.pdf,Mandi_Gazatteer:18,Mandi_Gazatteer:verified,Validated,He shallllot levy tolls and duties on goods imported and expo.rtoa...
702,raja,taxes,goods imported and expo.rtoa,Mandi_Gazatteer,Mandi_Gazatteer.pdf,Mandi_Gazatteer:18,Mandi_Gazatteer:verified,Validated,He shallllot levy tolls and duties on goods imported and expo.rtoa...
703,raja balbir sen,controls,state of mandi,Mandi_Gazatteer,Mandi_Gazatteer.pdf,Mandi_Gazatteer:18,Mandi_Gazatteer:candidate,Probable,"On failure of such heirs, any other male heir who may be proved to the British Government to be next of kin to the Raja shall obtain the above State with administrative powers."
704,raja balbir sen,governs,state of mandi,Mandi_Gazatteer,Mandi_Gazatteer.pdf,Mandi_Gazatteer:18,Mandi_Gazatteer:candidate,Probable,"The State of Mandi, comprised within the same boundaries as at the commencement of the British occupation..."
705,rajput states,governs,some rajput states,Ladakh,Ladakh.pdf,,Ladakh:no_evidence,Validated,
706,regiment,licenses,goose,CentralAsia_Tibet_Vol1,CentralAsia_Tibet_Vol1.pdf,CentralAsia_Tibet_Vol1:131,CentralAsia_Tibet_Vol1:candidate,Validated,"'It was a comical bird, and often paid visits to the big ferry-boat, and waddled about wherever it liked.'"
707,resident,governs,government of india,J&K_Gazatteer_1909,J&K_Gazatteer_1909.pdf,J&K_Gazatteer_1909:83|150,J&K_Gazatteer_1909:candidate,Validated,"an officer of the Political department of the Government of India, in direct relations with it and with the State of Kashmir, 73"
708,rijpur canal,supplies,water,Himalayan_Gazatteer,Himalayan_Gazatteer.pdf,Himalayan_Gazatteer:211,Himalayan_Gazatteer:verified,Validated,two receiving supplies of water from the Rijpur canal and rhe third from rainwater only
709,ringmo,governs,cultivated fields and potato plots,Traders_in_Highland_Nepal,Traders_in_Highland_Nepal.pdf,Traders_in_Highland_Nepal:190,Traders_in_Highland_Nepal:verified,Validated,"In the area known as Phoksumdo... there are cultivated fields; potatoes are grown at the lower, and barley at the higher village."
710,ringmo,trades_with,murwa,Traders_in_Highland_Nepal,Traders_in_Highland_Nepal.pdf,Traders_in_Highland_Nepal:251,Traders_in_Highland_Nepal:verified,Validated,"The rates at Ringmo, a village close to Murwa, were almost identical, but at Tibrikot different rates prevailed."
711,river,depends_on,mountains,CentralAsia_Tibet_Vol1,CentralAsia_Tibet_Vol1.pdf,CentralAsia_Tibet_Vol1:122,CentralAsia_Tibet_Vol1:verified,Validated,"This meant, there had been a more copious influx of water from the mountains during the last twenty-four hours."
712,river,extracts_from,sandbanks,CentralAsia_Tibet_Vol1,CentralAsia_Tibet_Vol1.pdf,CentralAsia_Tibet_Vol1:133,CentralAsia_Tibet_Vol1:verified,Validated,"Two or three times we ran aground upon the submerged sandbanks, it being difficult to detect their presence owing to the crumpling of the surface by the wind."
713,river,governs,karaul,CentralAsia_Tibet_Vol1,CentralAsia_Tibet_Vol1.pdf,CentralAsia_Tibet_Vol1:252,CentralAsia_Tibet_Vol1:verified,Validated,Karaul stands at the point where the river makes the great bend to the south-east which takes it direct to Lopnor without any further tedious windings.
714,river,supplies,water for drinking and other purposes,CentralAsia_Tibet_Vol1,CentralAsia_Tibet_Vol1.pdf,CentralAsia_Tibet_Vol1:120,CentralAsia_Tibet_Vol1:verified,Validated,The water in the river was now so chilly that the men never jumped in if they could avoid it.
715,river sutlej,supplies,traders and others,Becoming_India,Becoming_India.pdf,,Becoming_India:no_evidence,Validated,
716,riwals rtt,governs,state of mandi,Mandi_Gazatteer,Mandi_Gazatteer.pdf,Mandi_Gazatteer:8,Mandi_Gazatteer:verified,Validated,"'rho RiwalsRt' take ... rrhe State of Mandi, a.rea some 1,200 ~quare miles, lies on the CHAP."
717,road,depends_on,water,CentralAsia_Tibet_Vol1,CentralAsia_Tibet_Vol1.pdf,CentralAsia_Tibet_Vol1:69,CentralAsia_Tibet_Vol1:verified,Validated,For now the road was for long stretches under water...
718,road to leh,transports_via,"northerly direction, down past glacial lakelets",Ladakh,Ladakh.pdf,,Ladakh:no_evidence,Validated,
719,roads,governs,travellers,CentralAsia_Tibet_Vol1,CentralAsia_Tibet_Vol1.pdf,CentralAsia_Tibet_Vol1:499,CentralAsia_Tibet_Vol1:candidate,Validated,"Asiatics consider it their duty to show a certain amount of gratitude towards their roads and tracks, and they do it by adding one or more stones to these pyramids as they pass them."
720,roads,transports_via,hawalbag,Himalayan_Gazatteer,Himalayan_Gazatteer.pdf,Himalayan_Gazatteer:349,Himalayan_Gazatteer:candidate,Missing,"The roads to Sorneswar, Binsar, and RhiLhet pass through Hawalbag, and the Kosi is crossed by a fine bridge on the cart-road and also by an iron suspension bridge."
721,robbers,disputes,tibetans,CentralAsia_Tibet_Vol2,CentralAsia_Tibet_Vol2.pdf,CentralAsia_Tibet_Vol2:574,CentralAsia_Tibet_Vol2:verified,Validated,"Our Tibetans asserted that they were robbers and had hidden themselves in some ravine, and they urged us to rout them out and shoot them."
722,ross,governs,settlement,Himalayan_Gazatteer,Himalayan_Gazatteer.pdf,Himalayan_Gazatteer:381,Himalayan_Gazatteer:verified,Validated,Ross was deputed to revise the settlement...
723,royal nepal airlines corporation dc-3,transports_via,pokhara,TransHimalayan_Traders_Fisher,TransHimalayan_Traders_Fisher.pdf,TransHimalayan_Traders_Fisher:22,TransHimalayan_Traders_Fisher:candidate,Probable,We took the regularly scheduled Royal Nepal Airlines Corporation DC-3 to Pokhara.
724,ruler of the tract,governs,servile groups,Becoming_India,Becoming_India.pdf,,Becoming_India:no_evidence,Validated,
725,rupshu,extracts_from,salt,Rupshu,Rupshu.pdf,,Rupshu:no_evidence,Validated,
726,rupshu,supplies,kharnak,Rupshu,Rupshu.pdf,,Rupshu:no_evidence,Validated,
727,rupshu,trades_with,barley,Rupshu,Rupshu.pdf,,Rupshu:no_evidence,Validated,
728,rupshu,trades_with,"tea, sugar, spices, rice, and other food products at dozum fair",Rupshu,Rupshu.pdf,,Rupshu:no_evidence,Probable,
729,rupshu,trades_with,tibet,Rupshu,Rupshu.pdf,,Rupshu:no_evidence,Validated,
730,rupshu nomads,trades_with,"barley, wooden wares and other basic necessities",TransformationProcessesInNomadicPastoralism,TransformationProcessesInNomadicPastoralism.pdf,TransformationProcessesInNomadicPastoralism:8,TransformationProcessesInNomadicPastoralism:verified,Validated,"They brought salt and borax previously collected from the salt lakes of western Tibet, as well as wool to Zanskar, Spiti and Lahaul, where they exchanged them for barley, wooden wares and other basic necessities (Rizvi 1999)."
731,russia,governs,tibet,Memo_Relations_with_Tibet,Memo_Relations_with_Tibet.pdf,Memo_Relations_with_Tibet:31,Memo_Relations_with_Tibet:verified,Validated,O n  September 8th he saw the Foreign Board nho strongly denied that there was any agreement.
732,russia,negotiates_with,tibetan authorities,Memo_Relations_with_Tibet,Memo_Relations_with_Tibet.pdf,Memo_Relations_with_Tibet:27,Memo_Relations_with_Tibet:verified,Validated,"Many overtures, they told me, had been made on Lhe part of Russia to extcnd her commerce to the internal parts ol Tibet..."
733,russia,negotiates_with,tibetans,Memo_Relations_with_Tibet,Memo_Relations_with_Tibet.pdf,Memo_Relations_with_Tibet:47,Memo_Relations_with_Tibet:verified,Validated,"When we have obtained this access to Tibet, and acquired as much influence there as is required for keeping Russian influence at bay..."
734,russia,supplies,dalai lama,Memo_Relations_with_Tibet,Memo_Relations_with_Tibet.pdf,Memo_Relations_with_Tibet:33,Memo_Relations_with_Tibet:candidate,Validated,"has gone to what a Tibetan would think an extreme length in writing autograph letters to the Czar and some of the high officials, and sending env0j.s to His Majesty."
735,russian authorities,licenses,islam,CentralAsia_Tibet_Vol2,CentralAsia_Tibet_Vol2.pdf,CentralAsia_Tibet_Vol2:227,CentralAsia_Tibet_Vol2:candidate,Validated,"The Russian authorities had promised to allow him the privilege of wearing a gold embroidered khalat, in honour of the services he had rendered t o me ; this, and all other dignities and honours, he had forfeited by his arrogance and folly."
736,russian consul at urumchi,supplies,cigarettes,CentralAsia_Tibet_Vol1,CentralAsia_Tibet_Vol1.pdf,CentralAsia_Tibet_Vol1:252,CentralAsia_Tibet_Vol1:verified,Validated,"a few hundred cigarettes which the Russian Consul at Urumchi had sent me four years before, but which only now reached their destination."
737,russian emperor,governs,tibetans,Memo_Relations_with_Tibet,Memo_Relations_with_Tibet.pdf,Memo_Relations_with_Tibet:35,Memo_Relations_with_Tibet:candidate,Probable,They have had Chinese Emperors sending armies to repel their enemies; and they think that the Russian Emperor will do something of the same kind...
738,russian government,governs,concessions for mining rights,Memo_Relations_with_Tibet,Memo_Relations_with_Tibet.pdf,Memo_Relations_with_Tibet:35,Memo_Relations_with_Tibet:candidate,Missing,A concession has already applied for a concession~i for mining rights and to construct a branch from the Siberian Railray to Tibet.
739,russian government,governs,tibet,Memo_Relations_with_Tibet,Memo_Relations_with_Tibet.pdf,Memo_Relations_with_Tibet:32,Memo_Relations_with_Tibet:candidate,Validated,"They regarded Tibet as forming a part of the Chinese Empire, in the integrity which they look an interest."
740,russian men,trades_with,tibet,CentralAsia_Tibet_Vol2,CentralAsia_Tibet_Vol2.pdf,CentralAsia_Tibet_Vol2:483,CentralAsia_Tibet_Vol2:verified,Validated,A large number of camels and other men were also on the road.
741,russians,negotiates_with,tibetans,Memo_Relations_with_Tibet,Memo_Relations_with_Tibet.pdf,Memo_Relations_with_Tibet:47,Memo_Relations_with_Tibet:candidate,Validated,"Apart from all questions of furthering trade facilities, we would be bound by the activity of the Russians in Tibet to demand access to the country."
742,salt,trades_with,barley,Rupshu,Rupshu.pdf,,Rupshu:no_evidence,Validated,
743,salt,trades_with,grain-salt-rice circuit,TransHimalayan_Traders_Fisher,TransHimalayan_Traders_Fisher.pdf,TransHimalayan_Traders_Fisher:252,TransHimalayan_Traders_Fisher:verified,Validated,Traded (see Grain-salt-rice circuit)
744,salt,trades_with,semi-luxuries like tea and rice,Ladakh,Ladakh.pdf,,Ladakh:no_evidence,Validated,
745,salt lakes,trades_with,salt,Ladakh,Ladakh.pdf,,Ladakh:no_evidence,Validated,
746,salt mines,extracts_from,water of salt lakes,Report_On_Tibet_1903,Report_On_Tibet_1903.pdf,,Report_On_Tibet_1903:not_found,Probable,"Salt is found in great quantities on the Chang Tang, where it is obtained by the evaporation of the water of the numerous salt lakes of that region."
747,salt production,supplies,tsakhalho: salt production and the preservation of a catholic church,Santiago_Lazcano,Santiago_Lazcano.pdf,,Santiago_Lazcano:no_evidence,Validated,"In 'China's Tibet, 2008.4, Vol.'"
748,sampo singhi,supplies,argol (yak-dung),CentralAsia_Tibet_Vol2,CentralAsia_Tibet_Vol2.pdf,CentralAsia_Tibet_Vol2:354,CentralAsia_Tibet_Vol2:verified,Validated,"The Lama brought a bagful of it with him ; and it was a good thing he did, for our own supply was so wet that we should hardly have been able to make a fire without it."
749,sampo singhi,trades_with,blue chinese cloth,CentralAsia_Tibet_Vol2,CentralAsia_Tibet_Vol2.pdf,CentralAsia_Tibet_Vol2:360,CentralAsia_Tibet_Vol2:candidate,Probable,"We had brought with us two bundles of this cloth expressively for purposes of barter, and Sampo Singhi complacently assured us he would be satisfied with one of these."
750,satyagrahis,transports_via,"mandi, simla and suket’s northern tip, tattapani",Becoming_India,Becoming_India.pdf,,Becoming_India:no_evidence,Validated,
751,shagdur,depends_on,doctor shawe,CentralAsia_Tibet_Vol2,CentralAsia_Tibet_Vol2.pdf,CentralAsia_Tibet_Vol2:643,CentralAsia_Tibet_Vol2:verified,Validated,Doctor Shawe diagnosed it as typhoid fever.
752,shagdur,extracts_from,river tsangar-shar,CentralAsia_Tibet_Vol2,CentralAsia_Tibet_Vol2.pdf,CentralAsia_Tibet_Vol2:578,CentralAsia_Tibet_Vol2:candidate,Validated,"Shagdur and Chernoff especially distinguished themselves as anglers, and time after time brought me a bunch of beautiful fish, frozen as hard as a stone."
753,shagdur,governs,party,CentralAsia_Tibet_Vol2,CentralAsia_Tibet_Vol2.pdf,CentralAsia_Tibet_Vol2:343,CentralAsia_Tibet_Vol2:verified,Validated,"Shagdur played his part splendidly, and I think I may say I acted mine not amiss."
754,shagdur,supplies,rice and ice,CentralAsia_Tibet_Vol2,CentralAsia_Tibet_Vol2.pdf,CentralAsia_Tibet_Vol2:182,CentralAsia_Tibet_Vol2:verified,Validated,"Obtaining from Faisullah a small supply of rice and ice, Shagdur..."
755,shagdur,trades_with,mongols,CentralAsia_Tibet_Vol2,CentralAsia_Tibet_Vol2.pdf,CentralAsia_Tibet_Vol2:232,CentralAsia_Tibet_Vol2:verified,Validated,"The first place we camped at was called Yiggdelik-tokai, on the left bank of the Charkhlik-su."
756,shagdur,transports_via,cossacks,CentralAsia_Tibet_Vol2,CentralAsia_Tibet_Vol2.pdf,CentralAsia_Tibet_Vol2:224,CentralAsia_Tibet_Vol2:verified,Validated,"The Buriats, like true soldiers, had obeyed orders. They knew that they were never to do anything without written or verbal orders from myself..."
757,shamma,trades_with,barley,Ladakh,Ladakh.pdf,,Ladakh:no_evidence,Missing,
758,shamma,trades_with,chang-thang sheep's wool,Ladakh,Ladakh.pdf,,Ladakh:no_evidence,Probable,
759,shamma,trades_with,grain or dried apricots,Ladakh,Ladakh.pdf,,Ladakh:no_evidence,Probable,
760,shamma,trades_with,in srinagar or leh,Ladakh,Ladakh.pdf,,Ladakh:no_evidence,Probable,
761,shamma,trades_with,leh area merchants,Ladakh,Ladakh.pdf,,Ladakh:no_evidence,Validated,
762,shamma,trades_with,pashm,Ladakh,Ladakh.pdf,,Ladakh:no_evidence,Validated,
763,shamma,trades_with,tibet baqals,Ladakh,Ladakh.pdf,,Ladakh:no_evidence,Validated,
764,shamma,transports_via,salt beyond their own homes,Ladakh,Ladakh.pdf,,Ladakh:no_evidence,Probable,
765,sheep,depends_on,caravans,TransformationProcessesInNomadicPastoralism,TransformationProcessesInNomadicPastoralism.pdf,TransformationProcessesInNomadicPastoralism:9,TransformationProcessesInNomadicPastoralism:verified,Validated,"when wool and flocks were traded at a good price for grain, have seen their number decrease over the years to the benefit of goats"
766,sheep,transports_via,"grain, salt, and borrr",Himalayan_Gazatteer,Himalayan_Gazatteer.pdf,Himalayan_Gazatteer:157,Himalayan_Gazatteer:candidate,Validated,"Sheep and goats serve as the means of transport for nearly the whole of the grain, salt, and borrr..."
767,sheep and goats,trades_with,"wool, blankets, sweaters, mufflers, and other woolen goods",TransHimalayan_Traders_Fisher,TransHimalayan_Traders_Fisher.pdf,TransHimalayan_Traders_Fisher:115,TransHimalayan_Traders_Fisher:verified,Validated,"But over the years grain has been exchanged for products of these animals such as wool, blankets, sweaters, mufflers, and other woolen goods..."
768,sheep and goats,transports_via,saddle-bags,Rupshu,Rupshu.pdf,,Rupshu:no_evidence,Validated,
769,sheep-owners from chala,trades_with,acham,Traders_in_Highland_Nepal,Traders_in_Highland_Nepal.pdf,Traders_in_Highland_Nepal:213|291|292|294|295,Traders_in_Highland_Nepal:candidate,Probable,They barter it for grain and graze their animals in Acham.
770,shepherds,controls,the sheep,CentralAsia_Tibet_Vol1,CentralAsia_Tibet_Vol1.pdf,CentralAsia_Tibet_Vol1:330,CentralAsia_Tibet_Vol1:verified,Validated,"The shepherds say, that if a wolf only just touches a sheep, the animal will die of fright ; and once wolves set upon a flock they will destroy it to the last sheep, unless interrupted."
771,shepherds,supplies,fumigation of juniper to buddhist divinities and tutelary spirits,Salt_routes_and_barter_caravans_in_the_H,Salt_routes_and_barter_caravans_in_the_H.pdf,,Salt_routes_and_barter_caravans_in_the_H:no_evidence,Probable,
772,shepherds,supplies,sheep,CentralAsia_Tibet_Vol2,CentralAsia_Tibet_Vol2.pdf,CentralAsia_Tibet_Vol2:449,CentralAsia_Tibet_Vol2:verified,Validated,"At intervals there were big flocks of sheep with their shepherds, but no dogs ; these were all kept beside the tents."
773,shepherds,trades_with,salt,CentralAsia_Tibet_Vol1,CentralAsia_Tibet_Vol1.pdf,CentralAsia_Tibet_Vol1:167,CentralAsia_Tibet_Vol1:verified,Validated,The Mollah said they were fires made by the shepherds to scare tigers and wolves away from their flocks.
774,shereb lama,depends_on,kum-koll,CentralAsia_Tibet_Vol2,CentralAsia_Tibet_Vol2.pdf,CentralAsia_Tibet_Vol2:243,CentralAsia_Tibet_Vol2:verified,Validated,"He would then be like Hercules at the parting of the ways : on the one hand he could return to his quiet and peaceful cell in the monastery at Kara-shahr ; on the other hand, he would have to make up his mind to face many remarkable, if not perilous, experiences."
775,shereb lama,disputes,tibetans,CentralAsia_Tibet_Vol2,CentralAsia_Tibet_Vol2.pdf,,CentralAsia_Tibet_Vol2:no_evidence,Validated,"engages Shereb Lama, ii. 195"
776,sherpa,depends_on,animal husbandry,Traders_in_Highland_Nepal,Traders_in_Highland_Nepal.pdf,Traders_in_Highland_Nepal:66,Traders_in_Highland_Nepal:verified,Validated,"Indeed it is likely that long before there was a trade in cross-breeds, Sherpas depended on animal husbandry for a substantial part of their subsistence."
777,sherpa,depends_on,tanners,Traders_in_Highland_Nepal,Traders_in_Highland_Nepal.pdf,Traders_in_Highland_Nepal:102,Traders_in_Highland_Nepal:verified,Validated,They are treated with salt and softened with fat and are then trodden under foot to make them flexible.
778,sherpa,supplies,butter,Traders_in_Highland_Nepal,Traders_in_Highland_Nepal.pdf,Traders_in_Highland_Nepal:67,Traders_in_Highland_Nepal:verified,Validated,The main effort of all cattle-owners is directed towards the production of butter.
779,sherpa,supplies,sher-kam,Traders_in_Highland_Nepal,Traders_in_Highland_Nepal.pdf,Traders_in_Highland_Nepal:67,Traders_in_Highland_Nepal:verified,Validated,The remaining butter-milk is either drunk or boiled until it becomes solid and forms a kind of dry cheese known as sherkam.
780,sherpa,trades_with,madder,Traders_in_Highland_Nepal,Traders_in_Highland_Nepal.pdf,Traders_in_Highland_Nepal:86,Traders_in_Highland_Nepal:verified,Validated,"with this money they bought some cotton clothes for themselves, as well as unrefined sugar, some sugar candy and a load of madder"
781,sherpa,trades_with,madder (tso),Traders_in_Highland_Nepal,Traders_in_Highland_Nepal.pdf,Traders_in_Highland_Nepal:85,Traders_in_Highland_Nepal:verified,Validated,which grows in warmer regions such as Kharikhola to the south of Pharak
782,sherpa,trades_with,maize or millet,Traders_in_Highland_Nepal,Traders_in_Highland_Nepal.pdf,Traders_in_Highland_Nepal:85,Traders_in_Highland_Nepal:verified,Validated,"got for 1 measure of salt, 3 to 4 of maize or millet at Kharikhola"
783,sherpa,trades_with,sugar candy,Traders_in_Highland_Nepal,Traders_in_Highland_Nepal.pdf,Traders_in_Highland_Nepal:86,Traders_in_Highland_Nepal:verified,Validated,"with this money they bought some cotton clothes for themselves, as well as unrefined sugar, some sugar candy and a load of madder"
784,sherpa,trades_with,unrefined sugar (ghuv),Traders_in_Highland_Nepal,Traders_in_Highland_Nepal.pdf,Traders_in_Highland_Nepal:85,Traders_in_Highland_Nepal:verified,Validated,"Unrefined sugar, which the Sherpas brought from lowland Nepal or India, could be exchanged for an equal weight of wool"
785,sherpa,trades_with,wool,Traders_in_Highland_Nepal,Traders_in_Highland_Nepal.pdf,Traders_in_Highland_Nepal:85,Traders_in_Highland_Nepal:verified,Validated,1 to 2 lbs of wool were given for 2 lbs of madder
786,sherpa merchants,trades_with,tibetan luxury goods,Traders_in_Highland_Nepal,Traders_in_Highland_Nepal.pdf,Traders_in_Highland_Nepal:330,Traders_in_Highland_Nepal:verified,Validated,The Sherpa merchants who took large numbers of yak/cattle cross-breeds to Tibet were able to sell them there for cash and use this for the purchase of Tibetan luxury goods in demand in Nepal.
787,sherpa merchants,trades_with,tibetans,Traders_in_Highland_Nepal,Traders_in_Highland_Nepal.pdf,Traders_in_Highland_Nepal:74,Traders_in_Highland_Nepal:candidate,Validated,"This trade was based on the import of young female yak from Tibet, and the sale of Khumbu-bom cross-breeds to Tibetans..."
788,sherpa people,governs,their economy,Traders_in_Highland_Nepal,Traders_in_Highland_Nepal.pdf,Traders_in_Highland_Nepal:126,Traders_in_Highland_Nepal:verified,Validated,...they were able to avoid entering into a relationship of dependence with any numerically and politically superior population...
789,sherpa traders,trades_with,chinese officials,Traders_in_Highland_Nepal,Traders_in_Highland_Nepal.pdf,Traders_in_Highland_Nepal:93,Traders_in_Highland_Nepal:candidate,Validated,"...they are not allowed to trade with Tibetans, but they may deal only with Chinese officials, who have to employ Tibetan interpreters."
790,sherpa women,trades_with,tea and home-brewed beer,Traders_in_Highland_Nepal,Traders_in_Highland_Nepal.pdf,Traders_in_Highland_Nepal:111,Traders_in_Highland_Nepal:candidate,Validated,Two Sherpa women moreover seized the opportunity of catering for the needs of the Japanese supervisors and Nepali craftsmen camping on the site. They opened a stall where they sold tea and home-brewed beer and on good days their takings were as much as R60-70 though at times they dropped to as little as Rio-15.
791,sherpas,controls,fields next to their houses,Traders_in_Highland_Nepal,Traders_in_Highland_Nepal.pdf,Traders_in_Highland_Nepal:50,Traders_in_Highland_Nepal:verified,Validated,This is also the time when the Sherpas dig pits in the fields next to their houses and store in them the potatoes not required for immediate use.
792,sherpas,controls,"mating of male yak and cows, or female yak and khirkoo bulls",Traders_in_Highland_Nepal,Traders_in_Highland_Nepal.pdf,Traders_in_Highland_Nepal:63,Traders_in_Highland_Nepal:verified,Validated,"As the male cross-breeds are infertile, the breeders must maintain a stock of pure yak as well as of ordinary cattle, and arrange for the controlled mating of male yak and cows, or female yak and khirkoo bulls."
793,sherpas,depends_on,cultivation of potatoes and meadows,Traders_in_Highland_Nepal,Traders_in_Highland_Nepal.pdf,Traders_in_Highland_Nepal:191,Traders_in_Highland_Nepal:candidate,Probable,"Without the need to tend potato plots and meadows, and to store their produce the Sherpas would be no more in need of subsidiary permanent houses than the Bhotias of Dolpo or Lo."
794,sherpas,depends_on,herdsmen,Traders_in_Highland_Nepal,Traders_in_Highland_Nepal.pdf,Traders_in_Highland_Nepal:75,Traders_in_Highland_Nepal:verified,Validated,Several Sherpas who used to own herds of yak told me that they had switched to the keeping of cross-breeds because they lacked the men to look after the yak in the high pastures.
795,sherpas,depends_on,local timber resources,Traders_in_Highland_Nepal,Traders_in_Highland_Nepal.pdf,Traders_in_Highland_Nepal:120,Traders_in_Highland_Nepal:verified,Validated,the Sherpas are conscious of the diminishment of local timber resources without being able to stop the inroads into forests
796,sherpas,depends_on,window glass,Traders_in_Highland_Nepal,Traders_in_Highland_Nepal.pdf,Traders_in_Highland_Nepal:36,Traders_in_Highland_Nepal:verified,Validated,"Laden porters take some fifteen days for the trip from Kathmandu to Khumbu, and window glass, which has to be carried carefully, is hence still a relatively expensive commodity."
797,sherpas,disputes,chinese rulers of tibet,Traders_in_Highland_Nepal,Traders_in_Highland_Nepal.pdf,Traders_in_Highland_Nepal:74,Traders_in_Highland_Nepal:verified,Validated,The export of female yak from Tibet is forbidden and the Chinese rarely permit Sherpas to sell male cross-breeds.
798,sherpas,disputes,tibet,Traders_in_Highland_Nepal,Traders_in_Highland_Nepal.pdf,Traders_in_Highland_Nepal:40,Traders_in_Highland_Nepal:verified,Validated,the dwindling of the trade with Tibet has deprived Sherpas of the possibility of making at a stroke large profits which could be used for the purchase of houses.
799,sherpas,extracts_from,yak blood,Traders_in_Highland_Nepal,Traders_in_Highland_Nepal.pdf,Traders_in_Highland_Nepal:69,Traders_in_Highland_Nepal:candidate,Probable,"The operation is comparatively simple, though skill and a steady hand are required. A rope is then fastened tightly round the animal's neck, and the operator pierces the artery with a sharp, iron instrument resembling a small skewer."
800,sherpas,governs,agricultural operations,Traders_in_Highland_Nepal,Traders_in_Highland_Nepal.pdf,Traders_in_Highland_Nepal:51,Traders_in_Highland_Nepal:candidate,Validated,"The result is a highly economic employment of the manpower available for agricultural work, and a level of food production which assures every inhabitant of Khumbu a more than adequate supply of basic foodstuffs throughout the year."
801,sherpas,governs,birth of calves in april and may,Traders_in_Highland_Nepal,Traders_in_Highland_Nepal.pdf,Traders_in_Highland_Nepal:65,Traders_in_Highland_Nepal:candidate,Missing,"Control of mating also insures, as far as possible, the birth of calves in April and May, when their chances of survival and healthy growth are best."
802,sherpas,governs,hearth,Traders_in_Highland_Nepal,Traders_in_Highland_Nepal.pdf,Traders_in_Highland_Nepal:36,Traders_in_Highland_Nepal:verified,Validated,"The hearth consists of a square of hardened clay let into the wooden floor-boards and an elevated clay-structure built against the front wall, where cooking pots can be kept warm."
803,sherpas,governs,labour market,Traders_in_Highland_Nepal,Traders_in_Highland_Nepal.pdf,Traders_in_Highland_Nepal:60,Traders_in_Highland_Nepal:verified,Validated,"By 1972 agricultural wages had caught up with those paid by contractors (see p. 91), but as in that year I did not visit Khumbu I had no opportunity to observe the effect of this development on the labour market."
804,sherpas,governs,village-communities,Traders_in_Highland_Nepal,Traders_in_Highland_Nepal.pdf,Traders_in_Highland_Nepal:114,Traders_in_Highland_Nepal:verified,Validated,The system worked well at a time when the village-communities were largely self-contained and contacts with outsiders were slight.
805,sherpas,governs,yak population,Traders_in_Highland_Nepal,Traders_in_Highland_Nepal.pdf,Traders_in_Highland_Nepal:68,Traders_in_Highland_Nepal:candidate,Probable,"In Solu many calves of cross-breeds are deliberately starved and allowed to die, because their value is small and cattle-owners want to utilize the mothers’ entire yield of milk."
806,sherpas,licenses,timber for jyemz-houses,Traders_in_Highland_Nepal,Traders_in_Highland_Nepal.pdf,Traders_in_Highland_Nepal:190,Traders_in_Highland_Nepal:verified,Validated,"Moreover, solid and permanent houses for herdsmen are un-known not only in Dolpo, but also in Thak Khola... Sherpas too have to bring the timber required for the construction ofjyemz-houses from a distance of one or two days’ journey."
807,sherpas,monopolizes,movements of goods from namche bazar across the nangpa la to kyabrak,Traders_in_Highland_Nepal,Traders_in_Highland_Nepal.pdf,Traders_in_Highland_Nepal:78,Traders_in_Highland_Nepal:candidate,Validated,The Sherpas of Khumbu had virtually a monopoly on the movements of goods from Namche Bazar across the Nangpa La to Kyabrak...
808,sherpas,negotiates_with,chinese rulers of tibet,Traders_in_Highland_Nepal,Traders_in_Highland_Nepal.pdf,Traders_in_Highland_Nepal:74,Traders_in_Highland_Nepal:candidate,Validated,The Chinese do not allow the transit of men and cattle from Khumbu to the Sherpas' old markets in Western Nepal.
809,sherpas,negotiates_with,mountaineering expeditions,Traders_in_Highland_Nepal,Traders_in_Highland_Nepal.pdf,Traders_in_Highland_Nepal:36,Traders_in_Highland_Nepal:candidate,Validated,"Sherpas working for mountaineering expeditions have occasionally the chance to bring window-panes by air as far as Lukla, an airstrip less than two days’ walk from Khumjung, and this facility, enjoyed free in some cases, has contributed to the spread of glass windows in the home villages of prominent climbers."
810,sherpas,supplies,casual labourers,Traders_in_Highland_Nepal,Traders_in_Highland_Nepal.pdf,Traders_in_Highland_Nepal:60,Traders_in_Highland_Nepal:verified,Validated,"As this pool of labour is not being replenished by new arrivals, Sherpas have to do without large numbers of casual labourers..."
811,sherpas,supplies,copper and brass vessels,Traders_in_Highland_Nepal,Traders_in_Highland_Nepal.pdf,Traders_in_Highland_Nepal:103,Traders_in_Highland_Nepal:verified,Validated,"The Sherpas cook mainly in iron pots and pans, and use copper and brass vessels for storing water."
812,sherpas,supplies,food and drink,Traders_in_Highland_Nepal,Traders_in_Highland_Nepal.pdf,Traders_in_Highland_Nepal:36,Traders_in_Highland_Nepal:verified,Validated,"One or more low tables stand in front of this bench, and all food and drink served to men of the house and male guests is placed on these tables."
813,sherpas,supplies,hay,Traders_in_Highland_Nepal,Traders_in_Highland_Nepal.pdf,Traders_in_Highland_Nepal:76|218,Traders_in_Highland_Nepal:candidate,Validated,Hay is sold for i rupee per 6 lbs and at times the price of 2 lbs of hay may even rise to i rupee.
814,sherpas,supplies,iron pots and pans,Traders_in_Highland_Nepal,Traders_in_Highland_Nepal.pdf,Traders_in_Highland_Nepal:103,Traders_in_Highland_Nepal:verified,Validated,"The Sherpas cook mainly in iron pots and pans, and use copper and brass vessels for storing water."
815,sherpas,supplies,potatoes,Traders_in_Highland_Nepal,Traders_in_Highland_Nepal.pdf,Traders_in_Highland_Nepal:29,Traders_in_Highland_Nepal:candidate,Validated,"Potatoes planted at such altitudes ripen earlier than those on the fields of the main villages, and this enables the Sherpas to spread the agricultural work over a longer period, and have new supplies of their basic food several weeks before the main harvest."
816,sherpas,trades_with,kathmandu,Traders_in_Highland_Nepal,Traders_in_Highland_Nepal.pdf,Traders_in_Highland_Nepal:97,Traders_in_Highland_Nepal:candidate,Validated,Several enterprising Sherpas combined to charter planes for the transport of rice and wheat-flour from Kathmandu to Lukla.
817,sherpas,trades_with,kathmandu valley,Traders_in_Highland_Nepal,Traders_in_Highland_Nepal.pdf,Traders_in_Highland_Nepal:96|110,Traders_in_Highland_Nepal:candidate,Validated,"Some of them found these in work for tourists, while others developed trade with the Kathmandu valley."
818,sherpas,trades_with,rais,Traders_in_Highland_Nepal,Traders_in_Highland_Nepal.pdf,Traders_in_Highland_Nepal:333,Traders_in_Highland_Nepal:verified,Validated,"The earnings of Sherpas from the tourist trade, which will be discussed presently, have given much of the Sherpa economy a money base and this in turn finds expression in the operation of a weekly market in Namche Bazar. | many Sherpas have ceremonial friends among the Rais who are their traditional partners in the exchange of salt for grain."
819,sherpas,trades_with,regions of lesser altitude,Traders_in_Highland_Nepal,Traders_in_Highland_Nepal.pdf,Traders_in_Highland_Nepal:103,Traders_in_Highland_Nepal:verified,Validated,"No pot-making of any kind takes place in Khumbu, and such pots as the Sherpas require have to be brought from regions of lesser altitude."
820,sherpas,trades_with,thakalis,Traders_in_Highland_Nepal,Traders_in_Highland_Nepal.pdf,Traders_in_Highland_Nepal:329,Traders_in_Highland_Nepal:candidate,Validated,"None of the Sherpa traders of Khumbu have attained such a position, and even the one outstanding family of Solu centred in Paphlu, though wealthier than any other Sherpa family, did not achieve a political dominance comparable to that of the subba-fmnly of Tukche."
821,sherpas,trades_with,tibet,Traders_in_Highland_Nepal,Traders_in_Highland_Nepal.pdf,Traders_in_Highland_Nepal:77,Traders_in_Highland_Nepal:verified,Validated,"Had the Chinese strangle-hold on the Sherpas' trade occurred even twenty years earlier the effect on their standard of living would have been catastrophic. | As long as there was unrestricted trade with Tibet, Sherpas could buy as much wool as they liked... | There are no salt deposits in Nepal, and salt has always been one of the main imports from Tibet."
822,sherpas,trades_with,tibetan wool and woollen cloth,Traders_in_Highland_Nepal,Traders_in_Highland_Nepal.pdf,Traders_in_Highland_Nepal:101,Traders_in_Highland_Nepal:candidate,Probable,"The drastic reduction in the supply of Tibetan wool as well as in the export ofwoollen cloth and made-up garments from Tibet, has forced the Sherpas to modify their style of dress."
823,sherpas,trades_with,tibetans,Traders_in_Highland_Nepal,Traders_in_Highland_Nepal.pdf,Traders_in_Highland_Nepal:95,Traders_in_Highland_Nepal:verified,Validated,"Although this village was always a settlement of traders and a place visited by Tibetans who came there to barter their goods for Nepalese commodities, it was not the site of a regular weekly market."
824,sherpas and bhotias,depends_on,relationships of personal trust,Traders_in_Highland_Nepal,Traders_in_Highland_Nepal.pdf,Traders_in_Highland_Nepal:325,Traders_in_Highland_Nepal:verified,Validated,Those Sherpas and Bhotias who travelled widely in Tibet were accustomed to a system of hospitality ideally suited to the needs of long-distance traders not only in need of shelter in an inclement climate but dependent for their business on relationships of personal trust established and strengthened by occasions for conviviality.
825,sherpas of khumbu,monopolizes,trade with tibet,Traders_in_Highland_Nepal,Traders_in_Highland_Nepal.pdf,Traders_in_Highland_Nepal:78,Traders_in_Highland_Nepal:verified,Validated,"The Khumbu Sherpas’ monopoly was confirmed by a government order, which ruled that Sherpas of Solu were not allowed to trade direct with Tibet, except for the purchase of necessities for their own use."
826,sherpas of khumbu,trades_with,grain,Traders_in_Highland_Nepal,Traders_in_Highland_Nepal.pdf,Traders_in_Highland_Nepal:81,Traders_in_Highland_Nepal:verified,Validated,Foremost among these ranked various kinds of grain which the Sherpas brought from the Rai country and exchanged at a favourable rate for salt in Kyabrak or Tingri.
827,sherpas of khumbu,trades_with,raw wool,Traders_in_Highland_Nepal,Traders_in_Highland_Nepal.pdf,,Traders_in_Highland_Nepal:not_found,Probable,"Tibetan salt was until recently one of the two principal commodities which, the Sherpas brought from Tibet, the other being raw wool."
828,sherpas of khumbu,trades_with,tibetan salt,Traders_in_Highland_Nepal,Traders_in_Highland_Nepal.pdf,Traders_in_Highland_Nepal:80,Traders_in_Highland_Nepal:candidate,Validated,Many of the fortunes of the great mercantile families of Namche Bazar were made through the import of salt and its resale throughout the lower regions of Nepal.
829,sherpas of lukla and chaurikharka,trades_with,kathmandu,Traders_in_Highland_Nepal,Traders_in_Highland_Nepal.pdf,Traders_in_Highland_Nepal:97,Traders_in_Highland_Nepal:verified,Validated,In the same season a consortium of Sherpas of Lukla and Chaurikharka chartered three flights to bring grain from Kathmandu.
830,shigatse,controls,monastery of 'l'ashi lhunpo,Report_On_Tibet_1903,Report_On_Tibet_1903.pdf,Report_On_Tibet_1903:24,Report_On_Tibet_1903:verified,Validated,"the residence of the Pellcheu Rinpoche, the second ecclesiastical dignitary of Tibet; and to the muth-west lies the ancient monastery of Sakya..."
831,shwa glen,depends_on,mountains,CentralAsia_Tibet_Vol1,CentralAsia_Tibet_Vol1.pdf,CentralAsia_Tibet_Vol1:47,CentralAsia_Tibet_Vol1:verified,Validated,"After riding a short distance up the glen of Shwa on our right, we climbed the steep slope which overhung it."
832,si-ning amban,controls,tibetan tribes,Report_On_Tibet_1903,Report_On_Tibet_1903.pdf,Report_On_Tibet_1903:27,Report_On_Tibet_1903:candidate,Probable,"...under the control of the Si-ning Amban, or in the case of tribes near the borders of Se-chuan, under the Governor General of that province."
833,sikhs,governs,sutlej valley,Becoming_India,Becoming_India.pdf,,Becoming_India:no_evidence,Validated,
834,simla,controls,position on a part of the mountain range,Gutenberg_EBook,Gutenberg_EBook.pdf,,Gutenberg_EBook:no_evidence,Validated,
835,simla,depends_on,to the borders of tibet,Becoming_India,Becoming_India.pdf,,Becoming_India:no_evidence,Validated,
836,sirkin,controls,a line for controlling my itineraries,CentralAsia_Tibet_Vol2,CentralAsia_Tibet_Vol2.pdf,CentralAsia_Tibet_Vol2:248,CentralAsia_Tibet_Vol2:verified,Validated,to measure ' a line for controlling my itineraries.
837,sirkin,controls,chronometers,CentralAsia_Tibet_Vol2,CentralAsia_Tibet_Vol2.pdf,CentralAsia_Tibet_Vol2:316,CentralAsia_Tibet_Vol2:verified,Validated,"These I left in charge of Sirkin, after instructing him to observe the utmost caution in winding them up."
838,sirkin,governs,meteorological observatory,CentralAsia_Tibet_Vol2,CentralAsia_Tibet_Vol2.pdf,CentralAsia_Tibet_Vol2:316,CentralAsia_Tibet_Vol2:verified,Validated,"It was also Sirkin's business to take charge of the meteorological observatory, and this he carried through without a hitch."
839,sirkin,supplies,"beds, warm clothes, and provisions",CentralAsia_Tibet_Vol1,CentralAsia_Tibet_Vol1.pdf,CentralAsia_Tibet_Vol1:460,CentralAsia_Tibet_Vol1:verified,Validated,"He brought with him beds, warm clothes, and provisions..."
840,social science research council,licenses,christoph von furer-haimendorf,Traders_in_Highland_Nepal,Traders_in_Highland_Nepal.pdf,Traders_in_Highland_Nepal:15,Traders_in_Highland_Nepal:verified,Validated,I benefited also from generous grants of the Social Science Research Council...
841,sociological and historical literature on india under colonialism,supplies,the social history of the western himalayas,Becoming_India,Becoming_India.pdf,,Becoming_India:no_evidence,Validated,
842,solu traders,trades_with,nepal valley merchants,Traders_in_Highland_Nepal,Traders_in_Highland_Nepal.pdf,Traders_in_Highland_Nepal:91,Traders_in_Highland_Nepal:verified,Validated,"It was they, rather than the Khumbu traders, who maintained regular contact with the Nepal valley."
843,state,controls,medical department of the state,J&K_Gazatteer_1909,J&K_Gazatteer_1909.pdf,J&K_Gazatteer_1909:92,J&K_Gazatteer_1909:verified,Validated,The Medical department of the State is under the control of a Superintending Surgeon.
844,state,controls,narsingji,Mandi_Gazatteer,Mandi_Gazatteer.pdf,Mandi_Gazatteer:132,Mandi_Gazatteer:candidate,Validated,"AR a rule no one can see Narsingji, but if anyone wishes to do so, he has to get permission from the State."
845,state,governs,colleges at lahore,J&K_Gazatteer_1909,J&K_Gazatteer_1909.pdf,J&K_Gazatteer_1909:91,J&K_Gazatteer_1909:candidate,Validated,"There being no State college, I 7 scholar-ships are annually granted by the Darbiir to students for prosecuting their studies at colleges at Lahore."
846,state,governs,drainage system of jammu town,J&K_Gazatteer_1909,J&K_Gazatteer_1909.pdf,J&K_Gazatteer_1909:89,J&K_Gazatteer_1909:verified,Validated,Great improvements have lately been made in the drainage system of Jammu town.
847,state,governs,irrigation,J&K_Gazatteer_1909,J&K_Gazatteer_1909.pdf,J&K_Gazatteer_1909:56,J&K_Gazatteer_1909:candidate,Validated,"In former days, when the State took a share of the crop, it was to the interest of the Darb3r to look after irrigation and to assist in repairs."
848,state,governs,municipal committees in the state,J&K_Gazatteer_1909,J&K_Gazatteer_1909.pdf,J&K_Gazatteer_1909:89,J&K_Gazatteer_1909:verified,Validated,"There are two municipal committees in the State, one at Monici- Srinagar, and the other at Jammu, presided over by the Chief palities."
849,state,governs,sugarcane and tobacco cultivation,Mandi_Gazatteer,Mandi_Gazatteer.pdf,Mandi_Gazatteer:73,Mandi_Gazatteer:candidate,Validated,The collection of the State dues on account of sugarcane and tobacco cultivation...
850,state,governs,torches,Mandi_Gazatteer,Mandi_Gazatteer.pdf,Mandi_Gazatteer:102,Mandi_Gazatteer:candidate,Missing,Torches are to be made of dry wood only.
851,state,supplies,army,J&K_Gazatteer_1909,J&K_Gazatteer_1909.pdf,J&K_Gazatteer_1909:90,J&K_Gazatteer_1909:candidate,Validated,"The State has splendid materials for an army, as the Dogras are, in the opinion of competent authorities, second to none in martial qualities."
852,state,taxes,landholders,British_Garhwal,British_Garhwal.pdf,British_Garhwal:95,British_Garhwal:verified,Validated,To supply the increasing expenditure of the state numerous other taxes were successively imposed on the landholders ;
853,state,taxes,"village headmen, patwzris, and zaildzrs",J&K_Gazatteer_1909,J&K_Gazatteer_1909.pdf,J&K_Gazatteer_1909:89,J&K_Gazatteer_1909:candidate,Probable,"A considerable income is derived from customs and octroi revenue, for the following objects : payments to lambardirs (village headmen), 5 per cent."
854,state,taxes,"walnuts, lemons, pomegranates, etc",Mandi_Gazatteer,Mandi_Gazatteer.pdf,Mandi_Gazatteer:103,Mandi_Gazatteer:candidate,Validated,"The State takes a share of walnuts, lemons, pomegranates, etc."
855,state economy,governs,space in bhutan,Santiago_Lazcano,Santiago_Lazcano.pdf,Santiago_Lazcano:31,Santiago_Lazcano:verified,Validated,In the Early Part of the 19th Century
856,state officials,taxes,of the states,Becoming_India,Becoming_India.pdf,,Becoming_India:no_evidence,Probable,
857,subba-fmnly of tukche,trades_with,sherpas,Traders_in_Highland_Nepal,Traders_in_Highland_Nepal.pdf,Traders_in_Highland_Nepal:329,Traders_in_Highland_Nepal:candidate,Missing,"None of the Sherpa traders of Khumbu have attained such a position, and even the one outstanding family of Solu centred in Paphlu, though wealthier than any other Sherpa family, did not achieve a political dominance comparable to that of the subba-fmnly of Tukche."
858,suket state,governs,state officials,Mandi_Gazatteer,Mandi_Gazatteer.pdf,,Mandi_Gazatteer:not_found,Probable,The State of Suket is administered by a Rajah in person who exercises a complete authority over the various departments.
859,suraj sen,controls,kamla hill fort,Mandi_Gazatteer,Mandi_Gazatteer.pdf,Mandi_Gazatteer:16,Mandi_Gazatteer:candidate,Probable,Suraj Sen built the celebrated hill fort of Kamla in 1625
860,suraj sen,negotiates_with,golel'la raja,Mandi_Gazatteer,Mandi_Gazatteer.pdf,Mandi_Gazatteer:15,Mandi_Gazatteer:verified,Validated,With the Golel'la Raja he was equally unsuccessful and the K Ilngra troops on two occasions sacked his capital.
861,suraj sen,supplies,revenue,Mandi_Gazatteer,Mandi_Gazatteer.pdf,,Mandi_Gazatteer:not_found,Validated,The Kulu troops overran Mani and seized the Salt Mines of Guma and Drang which provided the greater portion of Mandi revenue.
862,"takayama, ryuzo",supplies,tibetans,Traders_in_Highland_Nepal,Traders_in_Highland_Nepal.pdf,,Traders_in_Highland_Nepal:no_evidence,Validated,
863,tanguts,trades_with,tea,CentralAsia_Tibet_Vol2,CentralAsia_Tibet_Vol2.pdf,CentralAsia_Tibet_Vol2:372,CentralAsia_Tibet_Vol2:verified,Validated,"They were on their way to ... the bazaars of Shigatse, where they would sell their tea."
864,tarakot,depends_on,trade with the bhotias,Traders_in_Highland_Nepal,Traders_in_Highland_Nepal.pdf,Traders_in_Highland_Nepal:238,Traders_in_Highland_Nepal:verified,Validated,We were dependent on trade with the Bhotias and had to work closely with them.
865,tarakot,disputes,with each other,Traders_in_Highland_Nepal,Traders_in_Highland_Nepal.pdf,Traders_in_Highland_Nepal:237,Traders_in_Highland_Nepal:verified,Validated,"They had no headman to settle their disputes and when men from Dolpo came to trade the Taralis complained to them against each other, asking them to act as arbitrators."
866,tarakot,governs,toll,Traders_in_Highland_Nepal,Traders_in_Highland_Nepal.pdf,Traders_in_Highland_Nepal:239,Traders_in_Highland_Nepal:verified,Validated,of this toll at Yalakot was farmed out as in the case of the customs fee on the Kali Gandaki route but local people remember that the customs office at Dunay was not run by a contractor but was under the control of the government officials at Jumla.
867,tarakot,supplies,grain,Traders_in_Highland_Nepal,Traders_in_Highland_Nepal.pdf,Traders_in_Highland_Nepal:234,Traders_in_Highland_Nepal:verified,Validated,They have other outlets for their products and alternative sources of supplies of grain.
868,tarali traders,trades_with,"cloth, cigarettes, sugar and a few other commodities",Traders_in_Highland_Nepal,Traders_in_Highland_Nepal.pdf,Traders_in_Highland_Nepal:244,Traders_in_Highland_Nepal:candidate,Probable,"To Khasan they take cloth, cigarettes, sugar and a few other commodities, and again often give the goods on credit."
869,tarali traders,trades_with,"cotton cloth, shoes, tea, oil, soap, cigarettes and various household goods",Traders_in_Highland_Nepal,Traders_in_Highland_Nepal.pdf,Traders_in_Highland_Nepal:243,Traders_in_Highland_Nepal:candidate,Missing,When a Tarali has collected all his money he travels to one of the larger towns in the Terai and there purchases his personal require-ments for the year...
870,tarali traders,trades_with,grain,Traders_in_Highland_Nepal,Traders_in_Highland_Nepal.pdf,Traders_in_Highland_Nepal:245,Traders_in_Highland_Nepal:verified,Validated,"In addition to the salt bought in such villages as Do, Saldang, Namdo and Shimen the Tarali traders also buy salt which Bhotias bring on the backs of yak, sheep and goats to Tarakot, and barter these for grain."
871,tarali traders,trades_with,machine-made blankets imported from india,Traders_in_Highland_Nepal,Traders_in_Highland_Nepal.pdf,Traders_in_Highland_Nepal:242,Traders_in_Highland_Nepal:candidate,Validated,The value of multi-coloured woollen blan-kets has dropped because of the competition from cheaper though inferior machine-made blankets imported from India.
872,tarali traders,trades_with,"tea, tibetan boots and coats, leather belts with pockets and similar goods",Traders_in_Highland_Nepal,Traders_in_Highland_Nepal.pdf,Traders_in_Highland_Nepal:244,Traders_in_Highland_Nepal:verified,Validated,"To the former they take tea, Tibetan boots and coats, leather belts with pockets and similar goods, and there they sell pardy on credit and partiy for cash."
873,tarali traders,trades_with,textiles,Traders_in_Highland_Nepal,Traders_in_Highland_Nepal.pdf,Traders_in_Highland_Nepal:244,Traders_in_Highland_Nepal:verified,Validated,Distinct from the trade in textiles is the buying and selling of sheep and goats...
874,tarali traders,trades_with,"tibetan boots, coats (bakhu)",Traders_in_Highland_Nepal,Traders_in_Highland_Nepal.pdf,Traders_in_Highland_Nepal:243,Traders_in_Highland_Nepal:verified,Validated,Some rich traders even travel by train to Kalimpong in order to purchase goods of the type required by the Bhotias of Dolpo...
875,taralis,depends_on,cash,Traders_in_Highland_Nepal,Traders_in_Highland_Nepal.pdf,Traders_in_Highland_Nepal:242,Traders_in_Highland_Nepal:verified,Validated,"they call first on their ceremonial friends and then hire a house for about fifteen to twenty days. There they store the bulk of their trade goods, and leaving their wives in the house, they set out with a small selection of commodities and go from house to house within a radius of a few hours’ walk."
876,taralis,governs,the produce and needs of dolpo,Traders_in_Highland_Nepal,Traders_in_Highland_Nepal.pdf,Traders_in_Highland_Nepal:249,Traders_in_Highland_Nepal:verified,Validated,the Taralis could operate only within the much more restricted framework of a trade largely determined by the produce and the needs of an area as economically backward as Dolpo.
877,taralis,negotiates_with,their neighbours,Traders_in_Highland_Nepal,Traders_in_Highland_Nepal.pdf,Traders_in_Highland_Nepal:249,Traders_in_Highland_Nepal:candidate,Validated,"Thus a man who has no plough bullocks may hire a bullock from a neighbour, and pay the hire by working in his fields."
878,taralis,trades_with,bhotias,Traders_in_Highland_Nepal,Traders_in_Highland_Nepal.pdf,,Traders_in_Highland_Nepal:not_found,Validated,The payment of wages in cash or grain is another distinguishing feature of the relationship between Taralis and Bhotias.
879,taralis,trades_with,bhotias of dolpo,Traders_in_Highland_Nepal,Traders_in_Highland_Nepal.pdf,Traders_in_Highland_Nepal:247,Traders_in_Highland_Nepal:verified,Validated,Some Taralis breed horses and others purchase horses from the Bhotias ofDolpo.
880,taralis,trades_with,dolpo people,Traders_in_Highland_Nepal,Traders_in_Highland_Nepal.pdf,Traders_in_Highland_Nepal:238,Traders_in_Highland_Nepal:verified,Validated,The pattern of trade seems to have slightly shifted in recent years but basically the position of the people of Tichurong has always been similar to that of the Thakalis ofThak Khola.
881,taralis,trades_with,kinsmen,Traders_in_Highland_Nepal,Traders_in_Highland_Nepal.pdf,Traders_in_Highland_Nepal:249,Traders_in_Highland_Nepal:verified,Validated,"If a family is in need other villagers and even people from neighbouring villages will help with substantial gifts of grain and other foodstuffs, and even household and agricultural implements without any thought of return."
882,taralis,trades_with,neighbouring villages,Traders_in_Highland_Nepal,Traders_in_Highland_Nepal.pdf,Traders_in_Highland_Nepal:249,Traders_in_Highland_Nepal:verified,Validated,"other villagers and even people from neighbouring villages will help with substantial gifts of grain and other foodstuffs, and even household and agricultural implements without any thought of return."
883,taralis,trades_with,pokhara,Traders_in_Highland_Nepal,Traders_in_Highland_Nepal.pdf,Traders_in_Highland_Nepal:248,Traders_in_Highland_Nepal:verified,Validated,Among those I met were two men who had gone to Pokhara carrying with them eighteen woollen blankets...
884,taralis,trades_with,tibetans of kalimpong,Traders_in_Highland_Nepal,Traders_in_Highland_Nepal.pdf,Traders_in_Highland_Nepal:248,Traders_in_Highland_Nepal:verified,Validated,"He bought balls of Tibetan tea, woollen Tibetan-style men’s coats (bakhu), other woollen clothes, Tibetan boots and velvet."
885,taralis,trades_with,yamakhar,Traders_in_Highland_Nepal,Traders_in_Highland_Nepal.pdf,Traders_in_Highland_Nepal:248,Traders_in_Highland_Nepal:verified,Validated,With some of the money received they bought in Yamakhar two plough bullocks costing R300 and R260 respectively.
886,tarangpur,controls,wealth,TransHimalayan_Traders_Fisher,TransHimalayan_Traders_Fisher.pdf,TransHimalayan_Traders_Fisher:160,TransHimalayan_Traders_Fisher:verified,Validated,"No one's financial position is frozen, and in an economy as diversified as Tarangpur's, the fortunes of particular families do rise and fall over time."
887,tarangpur,depends_on,dolpo district,TransHimalayan_Traders_Fisher,TransHimalayan_Traders_Fisher.pdf,TransHimalayan_Traders_Fisher:248,TransHimalayan_Traders_Fisher:verified,Validated,"Dolpo District, 15-20,34; borders of, 19;"
888,tarangpur,depends_on,land ownership,TransHimalayan_Traders_Fisher,TransHimalayan_Traders_Fisher.pdf,TransHimalayan_Traders_Fisher:79,TransHimalayan_Traders_Fisher:verified,Validated,"To calculate the size of the surplus for all of Tarangpur, it is necessary to determine how much land is owned by each family."
889,tarangpur,depends_on,salt market,TransHimalayan_Traders_Fisher,TransHimalayan_Traders_Fisher.pdf,TransHimalayan_Traders_Fisher:207,TransHimalayan_Traders_Fisher:verified,Validated,"A declining salt market, brought about by a variety of local and international causes..."
890,tarangpur,governs,agricultural activities,TransHimalayan_Traders_Fisher,TransHimalayan_Traders_Fisher.pdf,TransHimalayan_Traders_Fisher:62,TransHimalayan_Traders_Fisher:candidate,Probable,"Unlike some trading villages elsewhere in Nepal, Tarangpur has a full complement of agricultural ac-tivities at the base of its economy."
891,tarangpur,governs,gomba,TransHimalayan_Traders_Fisher,TransHimalayan_Traders_Fisher.pdf,TransHimalayan_Traders_Fisher:37,TransHimalayan_Traders_Fisher:verified,Validated,The following households patronize the gomba at house 5: ...
892,tarangpur,governs,taratigp~~r,TransHimalayan_Traders_Fisher,TransHimalayan_Traders_Fisher.pdf,TransHimalayan_Traders_Fisher:192,TransHimalayan_Traders_Fisher:candidate,Validated,"This intetlsification of political activity is more characteristic of Taratigp~~r than of other -TicIiurong villages, partly because of Tarangpur's longer and more penetrating association with Hindu areas..."
893,tarangpur,governs,village context,TransHimalayan_Traders_Fisher,TransHimalayan_Traders_Fisher.pdf,TransHimalayan_Traders_Fisher:177,TransHimalayan_Traders_Fisher:verified,Validated,Transactions with the outside world are so critical to an understanding of the gradual transformation of Tarangpur...
894,tarangpur,governs,village meeting,TransHimalayan_Traders_Fisher,TransHimalayan_Traders_Fisher.pdf,TransHimalayan_Traders_Fisher:72,TransHimalayan_Traders_Fisher:verified,Validated,"About that time a village meeting was held and it was decided that it was all right to grow corn, which is thought to yield about five times as much grain as chinu millet (Panicurn miliaceum)."
895,tarangpur,trades_with,nepali south,TransHimalayan_Traders_Fisher,TransHimalayan_Traders_Fisher.pdf,TransHimalayan_Traders_Fisher:2,TransHimalayan_Traders_Fisher:candidate,Validated,"Marginal to both these traditions, and trilingual, the Magars have over the centuries become a cultural, linguistic, and economic hinge between the Tibetan north and the Nepali south."
896,tarangpur,trades_with,tibetan north,TransHimalayan_Traders_Fisher,TransHimalayan_Traders_Fisher.pdf,TransHimalayan_Traders_Fisher:2,TransHimalayan_Traders_Fisher:candidate,Validated,"Marginal to both these traditions, and trilingual, the Magars have over the centuries become a cultural, linguistic, and economic hinge between the Tibetan north and the Nepali south."
897,tarangpur magars,controls,class i tichurong magars,TransHimalayan_Traders_Fisher,TransHimalayan_Traders_Fisher.pdf,TransHimalayan_Traders_Fisher:184,TransHimalayan_Traders_Fisher:candidate,Probable,"To become a new class I member one must pay a large sum of money (several hundred rupees) and secure the acceptance of all other class I members, symbolized by drinking from a common cup."
898,tarangpur magars,disputes,magars elsewhere in nepal,TransHimalayan_Traders_Fisher,TransHimalayan_Traders_Fisher.pdf,TransHimalayan_Traders_Fisher:184,TransHimalayan_Traders_Fisher:verified,Validated,"Marriage normally takes place within the group, since it is the criterion which establishes them, but exceptions to the rules, which account for most of class 111, do take place among the Magar groups up to and including group 5."
899,tarangpur magars,governs,groups 1 through 7,TransHimalayan_Traders_Fisher,TransHimalayan_Traders_Fisher.pdf,TransHimalayan_Traders_Fisher:184,TransHimalayan_Traders_Fisher:verified,Validated,Groups 1 through 7 constitute a continuum along which interdining and entrance to houses and kitchens is permitted.
900,tarangpur magars,governs,groups 8 and 9,TransHimalayan_Traders_Fisher,TransHimalayan_Traders_Fisher.pdf,TransHimalayan_Traders_Fisher:185,TransHimalayan_Traders_Fisher:candidate,Probable,Only groups 8 and 9 are not permitted to enter the houses of or interdine with Tarangpurian members of the first seven categories.
901,tarangpur magars,negotiates_with,tibetans,TransHimalayan_Traders_Fisher,TransHimalayan_Traders_Fisher.pdf,TransHimalayan_Traders_Fisher:185,TransHimalayan_Traders_Fisher:verified,Validated,Marriage between a Tarangpur Magar and someone from group 6 or below would be unthinkable.
902,tarangpur magars,supplies,food and drink,TransHimalayan_Traders_Fisher,TransHimalayan_Traders_Fisher.pdf,TransHimalayan_Traders_Fisher:174,TransHimalayan_Traders_Fisher:candidate,Missing,"40 manas (pints) rice, 20 manas (pints) Tibetan dried cheese, ... 10 manas (pints) salt, 30 manas (pints) chili peppers"
903,tarangpur traders,trades_with,tibetan buddhists,TransHimalayan_Traders_Fisher,TransHimalayan_Traders_Fisher.pdf,TransHimalayan_Traders_Fisher:105,TransHimalayan_Traders_Fisher:candidate,Missing,"With the salt comes contact with the distinctive life-style, pervasive over the northern border areas of Nepal, of Tibetan Buddhism..."
904,tarangpur villagers,depends_on,bhotia traders,TransHimalayan_Traders_Fisher,TransHimalayan_Traders_Fisher.pdf,TransHimalayan_Traders_Fisher:102,TransHimalayan_Traders_Fisher:candidate,Missing,"They rely on Bhotias who enter Tibet, where they exchange grain for salt at villages and entrepots just over the border."
905,tarangpurians,controls,their wealth,TransHimalayan_Traders_Fisher,TransHimalayan_Traders_Fisher.pdf,TransHimalayan_Traders_Fisher:175|176,TransHimalayan_Traders_Fisher:candidate,Probable,"In any given year there are some Tarangpurians on pilgrimage, but each individual goes rarely, in control and Uses of Wealth: The Traditional Context many cases only once in a lifetime..."
906,tarangpurians,depends_on,tibetan lamas,TransHimalayan_Traders_Fisher,TransHimalayan_Traders_Fisher.pdf,TransHimalayan_Traders_Fisher:106,TransHimalayan_Traders_Fisher:candidate,Probable,"Many of them have visited Tichurong. Tarangpurians have long since engaged the services of lamas for performing life-cycle rituals, rites purging houses of malevolent forces, and medical curing of disease."
907,tarangpurians,depends_on,wealth,TransHimalayan_Traders_Fisher,TransHimalayan_Traders_Fisher.pdf,TransHimalayan_Traders_Fisher:188,TransHimalayan_Traders_Fisher:verified,Validated,"Their meaning and amount does not seem to have changed in the last forty years, so these measures do not give any indication of what Tarangpurians do with the wealth that has been accumulating since the onset and firm entrenchment of the commodities circuit."
908,tarangpurians,depends_on,world beyond their valley,TransHimalayan_Traders_Fisher,TransHimalayan_Traders_Fisher.pdf,TransHimalayan_Traders_Fisher:17,TransHimalayan_Traders_Fisher:verified,Validated,...have evolved various strategies for dealing with their remoteness.
909,tarangpurians,governs,credit,TransHimalayan_Traders_Fisher,TransHimalayan_Traders_Fisher.pdf,TransHimalayan_Traders_Fisher:150,TransHimalayan_Traders_Fisher:verified,Validated,"Finally, Tarangpurians regard the widespread practice of giving credit as a brake on their economic activity"
910,tarangpurians,governs,land taxes,TransHimalayan_Traders_Fisher,TransHimalayan_Traders_Fisher.pdf,TransHimalayan_Traders_Fisher:165,TransHimalayan_Traders_Fisher:candidate,Missing,The land taxes average about $0.07 per person annually...
911,tarangpurians,supplies,animals,TransHimalayan_Traders_Fisher,TransHimalayan_Traders_Fisher.pdf,TransHimalayan_Traders_Fisher:88,TransHimalayan_Traders_Fisher:candidate,Validated,"It can also be done by purchasing animals, which produce ghee, wools, meat, eggs, and so on."
912,tarangpurians,supplies,sheep and goats or horses,TransHimalayan_Traders_Fisher,TransHimalayan_Traders_Fisher.pdf,TransHimalayan_Traders_Fisher:137,TransHimalayan_Traders_Fisher:verified,Validated,"But by converting the cash into scarce goods, a profit can be made in both directions rather than just in one, and trade in each direction then becomes worthwhile in itself."
913,tarangpurians,trades_with,bhot to the terai,TransHimalayan_Traders_Fisher,TransHimalayan_Traders_Fisher.pdf,TransHimalayan_Traders_Fisher:149,TransHimalayan_Traders_Fisher:candidate,Validated,"The reasons for Tarangpur's commercial dominance lie partly in its physical location, astride the shortest route, just below the Jangla passes, from Bhot to the Terai."
914,tarangpurians,trades_with,bhotias,TransHimalayan_Traders_Fisher,TransHimalayan_Traders_Fisher.pdf,TransHimalayan_Traders_Fisher:105|107|108|110,TransHimalayan_Traders_Fisher:candidate,Validated,...and Hindus to the north and Hindus to the south.
915,tarangpurians,trades_with,butwal,TransHimalayan_Traders_Fisher,TransHimalayan_Traders_Fisher.pdf,TransHimalayan_Traders_Fisher:138,TransHimalayan_Traders_Fisher:verified,Validated,"The most accessible Terai market is the boomtown of Butwal, just at the edge of the hills."
916,tarangpurians,trades_with,commodities circuit,TransHimalayan_Traders_Fisher,TransHimalayan_Traders_Fisher.pdf,TransHimalayan_Traders_Fisher:211,TransHimalayan_Traders_Fisher:candidate,Validated,"Thus as a direct result of ideas that have been imported via the commodities circuit, Tarangpurians have consciously and deliberately altered a fundamental part of their social structure."
917,tarangpurians,trades_with,dolpo,TransHimalayan_Traders_Fisher,TransHimalayan_Traders_Fisher.pdf,TransHimalayan_Traders_Fisher:137,TransHimalayan_Traders_Fisher:verified,Validated,"The middle hills can give them money for what they bring with them from Dolpo, but this cash must be converted back into something which will be in demand in Dolpo."
918,tarangpurians,trades_with,goods,TransHimalayan_Traders_Fisher,TransHimalayan_Traders_Fisher.pdf,TransHimalayan_Traders_Fisher:19|88,TransHimalayan_Traders_Fisher:verified,Validated,"Examples of this kind of material are found in the discussion of culture and impression management in chapter 4. | Since they speak both Tibetan and Nepali, Tarangpurians are able to transport and market goods, including grain, from the south to the north and vice versa."
919,tarangpurians,trades_with,middle hills,TransHimalayan_Traders_Fisher,TransHimalayan_Traders_Fisher.pdf,TransHimalayan_Traders_Fisher:121,TransHimalayan_Traders_Fisher:verified,Validated,"The Bhotia women who spend the winter in Tarangpur earn their living by weaving blankets, waist sashes, and scarves for Tarangpurians, who will then sell them in the middle hills during the next trading expedition."
920,tarangpurians,trades_with,other villages of tichurong,TransHimalayan_Traders_Fisher,TransHimalayan_Traders_Fisher.pdf,TransHimalayan_Traders_Fisher:149,TransHimalayan_Traders_Fisher:verified,Validated,"Detailing all the multifarious transactions that these Tarangpur traders engage in each year should not make us forget how atypical they are for most of this part of Nepal, including several of the other villages of Tichurong."
921,tarangpurians,trades_with,salt,TransHimalayan_Traders_Fisher,TransHimalayan_Traders_Fisher.pdf,TransHimalayan_Traders_Fisher:153,TransHimalayan_Traders_Fisher:verified,Validated,"exchanged within the traditional, interregional symbiotic area, in which exchanges are made at well-established rates that change only glacially."
922,tarangpurians,trades_with,terai,TransHimalayan_Traders_Fisher,TransHimalayan_Traders_Fisher.pdf,TransHimalayan_Traders_Fisher:138,TransHimalayan_Traders_Fisher:verified,Validated,"Taking the cash that they have received for their animals and woolen goods, traders from Tarangpur move on from the villages of the middle hills and descend to the Terai..."
923,tarangpurians,trades_with,wool,TransHimalayan_Traders_Fisher,TransHimalayan_Traders_Fisher.pdf,TransHimalayan_Traders_Fisher:120,TransHimalayan_Traders_Fisher:candidate,Validated,"But while a not inconsid-erable number of households deal in livestock, many more buy, make, and sell woolen goods either instead of or in addition to the sale of animals."
924,tarim,supplies,big river,CentralAsia_Tibet_Vol1,CentralAsia_Tibet_Vol1.pdf,CentralAsia_Tibet_Vol1:540,CentralAsia_Tibet_Vol1:verified,Validated,"It appeared to have its source in three large rounded mountains, which stood side by side like three-comered hats in the east-south-east, and flowed towards the west-north-west."
925,tarim river,governs,its own flow,CentralAsia_Tibet_Vol1,CentralAsia_Tibet_Vol1.pdf,CentralAsia_Tibet_Vol1:251,CentralAsia_Tibet_Vol1:candidate,Probable,"The volume of the current is also regulated to no slight degree by the innumerable lagoons and marginal lakes which cling like parasites to the Tarim, and suck up its life-blood all the way down its lower course."
926,tarim system,supplies,water,CentralAsia_Tibet_Vol2,CentralAsia_Tibet_Vol2.pdf,CentralAsia_Tibet_Vol2:200|201,CentralAsia_Tibet_Vol2:verified,Validated,"It is a matter of mere physical necessity that the water should overflow and run towards the relatively lower depressions. | The next day I measured the volume of the river ; it amounted to 5,517 cubic feet in the second, the greatest volume I have recorded anywhere throughout the Tarim system ; it was due, as I have already explained, to the cold, snowy winter and the unusually thick formation and long continuance of the ice."
927,tatar shepherds,supplies,"meat from animals which have died of starvation), bone broth and roots",TransformationProcessesInNomadicPastoralism,TransformationProcessesInNomadicPastoralism.pdf,TransformationProcessesInNomadicPastoralism:4,TransformationProcessesInNomadicPastoralism:candidate,Missing,"They eat meat from animals which have died of starvation), bone broth and roots."
928,tea plantations,supplies,revenue,Himalayan_Gazatteer,Himalayan_Gazatteer.pdf,,Himalayan_Gazatteer:not_found,Probable,The following table gives a list of the tea-plantations in existence at the current settlement with borne statistics as to tenure and area...
929,tea plantations,supplies,tea,Himalayan_Gazatteer,Himalayan_Gazatteer.pdf,,Himalayan_Gazatteer:not_found,Probable,...the only industry in Garhwhl under European superintendence...
930,tehri state,governs,garhwal district,British_Garhwal,British_Garhwal.pdf,British_Garhwal:218,British_Garhwal:candidate,Validated,"The early history of the state is that of the Garhwal district, the two tracts being formerly ruled by the same dynasty."
931,thakali families,supplies,salt,Traders_in_Highland_Nepal,Traders_in_Highland_Nepal.pdf,Traders_in_Highland_Nepal:217,Traders_in_Highland_Nepal:candidate,Validated,"The abolition of the salt monopoly in 1928 meant not only that the royalty previously paid to the government no longer flowed out of Thak Khola, but also that the profits made by the contractor were now spread among a large number of Thakali families."
932,thakali merchants,trades_with,grain and salt,Traders_in_Highland_Nepal,Traders_in_Highland_Nepal.pdf,Traders_in_Highland_Nepal:211,Traders_in_Highland_Nepal:verified,Validated,Based on their houses in Thaksatsae they dealt in a variety of commodities from grain and salt to cloth and cigarettes.
933,thakali settlements,supplies,trade goods,Traders_in_Highland_Nepal,Traders_in_Highland_Nepal.pdf,Traders_in_Highland_Nepal:188,Traders_in_Highland_Nepal:verified,Validated,...and there may also be a stable for horses and mules.
934,thakali traders,trades_with,caravans of yak-cattle cross-breeds and mules,Traders_in_Highland_Nepal,Traders_in_Highland_Nepal.pdf,Traders_in_Highland_Nepal:219,Traders_in_Highland_Nepal:candidate,Missing,In the time between July and October they would then take caravans of yak-cattle cross-breeds and mules to Netsung and purchase the agreed quantities of wool.
935,thakali traders,trades_with,sheep and goats,Traders_in_Highland_Nepal,Traders_in_Highland_Nepal.pdf,Traders_in_Highland_Nepal:223,Traders_in_Highland_Nepal:verified,Validated,"Most were bought up by Thakali traders, and temporarily kept in Thaksatsae."
936,thakali traders,trades_with,tibetan salt and wool,Traders_in_Highland_Nepal,Traders_in_Highland_Nepal.pdf,Traders_in_Highland_Nepal:336,Traders_in_Highland_Nepal:verified,Validated,"The Magars, Gurungs and occasional Chetris and Brahmans whom the Thakalis encountered when bartering Tibetan salt and wool for grain were not representative of a civilization or social order superior to that of Thak Khola..."
937,thakali traders,trades_with,tibetan wool,Traders_in_Highland_Nepal,Traders_in_Highland_Nepal.pdf,Traders_in_Highland_Nepal:219,Traders_in_Highland_Nepal:verified,Validated,"Trade in wool Tibet was for a long time one of the main sources of the wool processed in India and one of the routes along which supplies of Tibetan wool filtered through the Himalayan barrier... | In 1960s an average of R6oo,ooo worth of wool was being annually sold to India by Thakali traders."
938,thakali traders,trades_with,tukche,Traders_in_Highland_Nepal,Traders_in_Highland_Nepal.pdf,Traders_in_Highland_Nepal:220,Traders_in_Highland_Nepal:verified,Validated,From Netsung the wool was taken to Tukche on the backs of dzo or mules.
939,thakali village oftukche,supplies,water,Traders_in_Highland_Nepal,Traders_in_Highland_Nepal.pdf,Traders_in_Highland_Nepal:192,Traders_in_Highland_Nepal:candidate,Missing,Panch-gaon has even less precipitation and the regions of Baragaon and Lo form part of an almost completely arid zone where rain falls only on the upper slopes of high mountain ranges.
940,thakalis,controls,salt-trade,Traders_in_Highland_Nepal,Traders_in_Highland_Nepal.pdf,Traders_in_Highland_Nepal:158,Traders_in_Highland_Nepal:candidate,Validated,The Thakalis are a trading community which for long periods exercised unchallenged control over the salt-trade following the Kali Gandaki route.
941,thakalis,controls,the route along the kali gandaki river,Traders_in_Highland_Nepal,Traders_in_Highland_Nepal.pdf,Traders_in_Highland_Nepal:249,Traders_in_Highland_Nepal:verified,Validated,The route along the Kali Gandaki river leads from the Tibetan frontier entirely through inhabited country and is unimpeded by any high ranges...
942,thakalis,depends_on,agriculture and trading,Traders_in_Highland_Nepal,Traders_in_Highland_Nepal.pdf,Traders_in_Highland_Nepal:210,Traders_in_Highland_Nepal:candidate,Missing,"While there have always been a good many Thakalis who depended for their subsistence on agriculture and spend most of their energy on the 'tillage of their land, such farmers could never have created the wealth on which the highly civilized style of living of the great merchant families of Tukche was based."
943,thakalis,governs,dhigur system,Traders_in_Highland_Nepal,Traders_in_Highland_Nepal.pdf,Traders_in_Highland_Nepal:227,Traders_in_Highland_Nepal:verified,Validated,"The Thakalis operate a system of credit known as dhigur which is a rotating credit association admirably adjusted to the needs of traders who are often faced by the need for relatively large cash sums, but do not enjoy the facilities of regular banking."
944,thakalis,governs,dolpo villages,Traders_in_Highland_Nepal,Traders_in_Highland_Nepal.pdf,Traders_in_Highland_Nepal:171,Traders_in_Highland_Nepal:candidate,Validated,"In 1966 the revenue of Dolpo villages was still being collected by Thakalis of Tukche, but the recently introduced system of district and village panchayats throughout Nepal has now superseded this arrangement."
945,thakalis,governs,trade,Traders_in_Highland_Nepal,Traders_in_Highland_Nepal.pdf,Traders_in_Highland_Nepal:234,Traders_in_Highland_Nepal:verified,Validated,The trade sphere of Thak Khola embraces the various ethnic groups dwelling along the banks of the upper Kali Gandaki and its tributaries and extends in some respects also into the highlands of Dolpo.
946,thakalis,supplies,pokhara,Traders_in_Highland_Nepal,Traders_in_Highland_Nepal.pdf,Traders_in_Highland_Nepal:233,Traders_in_Highland_Nepal:candidate,Validated,"Vegetables and fruit are being grown throughout Thaksatsae and Panchgaon, and the caravans of mules and ponies which used to transport salt to the middle-ranges are now being used to supply Pokhara with potatoes, cabbages, carrots, cauliflowers and other vegetables grown by ThakaHs."
947,thakalis,trades_with,bhotias,Traders_in_Highland_Nepal,Traders_in_Highland_Nepal.pdf,Traders_in_Highland_Nepal:329,Traders_in_Highland_Nepal:candidate,Validated,"The Sherpas and other Bhotias are the equals of the Thakalis in their indifference to the hardship of travel and willingness to spend long periods away from home, but they have one quality which militates against the building up and retention of great fortunes."
948,thakalis,trades_with,dana customs house,Traders_in_Highland_Nepal,Traders_in_Highland_Nepal.pdf,Traders_in_Highland_Nepal:216,Traders_in_Highland_Nepal:verified,Validated,Thakalis taking salt on pack animals must sell it at the Dana customs house at the current rate.
949,thakalis,trades_with,great trading families,Traders_in_Highland_Nepal,Traders_in_Highland_Nepal.pdf,Traders_in_Highland_Nepal:326,Traders_in_Highland_Nepal:candidate,Validated,"Content with their simple houses and the adequate supply of locally grown food grain they do not hanker after the luxury and artistic embellishment found in the houses of the great trading families of such Buddhist communities as Sherpas, Bhotias of Walonchung or Thakalis of Tukche."
950,thakalis,trades_with,newars,Traders_in_Highland_Nepal,Traders_in_Highland_Nepal.pdf,Traders_in_Highland_Nepal:328,Traders_in_Highland_Nepal:verified,Validated,"Long-distance caravan trade makes great demands on the stamina and personal courage of the operators, and in both these qualities the Thakalis of the older generation surpassed the basically urban, comfort-loving and perhaps somewhat timid Newars."
951,thakalis,trades_with,pokhara,Traders_in_Highland_Nepal,Traders_in_Highland_Nepal.pdf,Traders_in_Highland_Nepal:233|328,Traders_in_Highland_Nepal:candidate,Validated,"The inhabitants of the largely agricultural villages were less dependent on trade than the merchants of Tukche and they survived the dwindling of the salt-trade without having to adjust their entire economy. They too, however, took advantage of the growth of Pokhara as a marketing centre, | It is significant that the Thakali merchants soon outstripped their Newar competitors, and are on the way to dominating the mercantile life of Pokhara."
952,thakalis,trades_with,salt,Traders_in_Highland_Nepal,Traders_in_Highland_Nepal.pdf,Traders_in_Highland_Nepal:329,Traders_in_Highland_Nepal:verified,Validated,"Thus, the salt/grain barter can be operated easily by egalitarian societies with constant and predictable needs and a fairly even standard of living."
953,thakalis,trades_with,sherpas,Traders_in_Highland_Nepal,Traders_in_Highland_Nepal.pdf,Traders_in_Highland_Nepal:329,Traders_in_Highland_Nepal:candidate,Validated,"The Sherpas and other Bhotias are the equals of the Thakalis in their indifference to the hardship of travel and willingness to spend long periods away from home, but they have one quality which militates against the building up and retention of great fortunes."
954,thakalis,trades_with,tibetans,Traders_in_Highland_Nepal,Traders_in_Highland_Nepal.pdf,Traders_in_Highland_Nepal:335,Traders_in_Highland_Nepal:candidate,Validated,"At the height of their economic links with Tibet, Buddhist influence dominated, and this dominance expressed itself in the foundation of monasteries and nunneries and the construction of innumerable religious monuments."
955,thakalis,trades_with,yak,Traders_in_Highland_Nepal,Traders_in_Highland_Nepal.pdf,,Traders_in_Highland_Nepal:not_found,Validated,For the Thakalis have given up the eating of yak and the Bhotias of Baragaon are now the main consumers of yak meat.
956,thakalis of tukche,governs,baragaon,Traders_in_Highland_Nepal,Traders_in_Highland_Nepal.pdf,Traders_in_Highland_Nepal:177,Traders_in_Highland_Nepal:verified,Validated,"Later most people of Baragaon became economically dependent on the Thakalis of Tukche, who then monopolized the salt-trade with Tibet."
957,thakuris,controls,behaviour,Traders_in_Highland_Nepal,Traders_in_Highland_Nepal.pdf,Traders_in_Highland_Nepal:313,Traders_in_Highland_Nepal:candidate,Validated,By this criterion Thakuris and Bhotias certainly appear as clearly defined ethnic groups.
958,thakuris,governs,bhotia villages,Traders_in_Highland_Nepal,Traders_in_Highland_Nepal.pdf,Traders_in_Highland_Nepal:307,Traders_in_Highland_Nepal:candidate,Validated,Involvement of Thakuris in the administration of Bhotia villages is not confined to the function of lora.
959,thakuris,governs,certain thakuris,Traders_in_Highland_Nepal,Traders_in_Highland_Nepal.pdf,Traders_in_Highland_Nepal:307,Traders_in_Highland_Nepal:verified,Validated,In the following section we shall discuss the authority wielded by certain Thakuris at greater length.
960,thakuris,governs,dietary rules,Traders_in_Highland_Nepal,Traders_in_Highland_Nepal.pdf,Traders_in_Highland_Nepal:314,Traders_in_Highland_Nepal:candidate,Validated,"All those men who have undergone the initiation rite which entitles them to the wearing of the sacred thread (janai) observe strict dietary rules avoiding the eating of beef, pork, chicken and eggs and the drinking of all types of alcoholic beverages, and do not accept cooked food from the hands of anyone of a status other than that of Brahmans and Thakuris."
961,thakuris,trades_with,acham,Traders_in_Highland_Nepal,Traders_in_Highland_Nepal.pdf,Traders_in_Highland_Nepal:295,Traders_in_Highland_Nepal:verified,Validated,"Five out of seven Upadhya households trade with Taklakot and also with Acham, transporting grain and salt on dzo as well as on sheep."
962,thakuris,trades_with,bhotia neighbours,Traders_in_Highland_Nepal,Traders_in_Highland_Nepal.pdf,Traders_in_Highland_Nepal:327,Traders_in_Highland_Nepal:verified,Validated,"Many Thakuris and Chetris are as deeply involved in the salt/grain-trade as any of their Bhotia neighbours. They spend several months every year travelling with caravans of sheep and goats between the Tibetan trade-centre of Taklakot, the middle-ranges of Nepal and often even the Terai."
963,thakuris,trades_with,bhotias of middle-ranges,Traders_in_Highland_Nepal,Traders_in_Highland_Nepal.pdf,Traders_in_Highland_Nepal:316,Traders_in_Highland_Nepal:candidate,Probable,The Chetris with whom the Bhotias of Humla do have business relations are those living in the middle-ranges where the Humlis sell their salt and graze their sheep.
964,thakuris,trades_with,byansis of darchula,Traders_in_Highland_Nepal,Traders_in_Highland_Nepal.pdf,Traders_in_Highland_Nepal:295,Traders_in_Highland_Nepal:verified,Validated,"The cash required for this whole operation was obtained by selling rams to Byansis of Darchula, either in Bajura or earlier in the year in Taklakot."
965,thakuris,trades_with,taklakot,Traders_in_Highland_Nepal,Traders_in_Highland_Nepal.pdf,Traders_in_Highland_Nepal:295,Traders_in_Highland_Nepal:candidate,Validated,The very elaborate trading schedule of the Thakuris is remarkable for more than one reason.
966,thakuris,trades_with,tibet,Traders_in_Highland_Nepal,Traders_in_Highland_Nepal.pdf,Traders_in_Highland_Nepal:309,Traders_in_Highland_Nepal:verified,Validated,Today many Thakuris are engaged in the salt/grain-trade with Tibet and the middle-ranges of Nepal...
967,thakuris,trades_with,tibet and lower regions of nepal,Traders_in_Highland_Nepal,Traders_in_Highland_Nepal.pdf,Traders_in_Highland_Nepal:269,Traders_in_Highland_Nepal:verified,Validated,apart from engaging in agriculture they all trade with Tibet and the lower regions ofNepal.
968,the ancient inhabitants,supplies,"the horses, cattle, sheep and camels",CentralAsia_Tibet_Vol2,CentralAsia_Tibet_Vol2.pdf,CentralAsia_Tibet_Vol2:139,CentralAsia_Tibet_Vol2:verified,Validated,"In one enclosure, which had probably been a stall or fold, they came across a thick layer of manure, showing that horses, cattle, sheep and camels had been sheltered there."
969,the author,depends_on,the fire,CentralAsia_Tibet_Vol1,CentralAsia_Tibet_Vol1.pdf,CentralAsia_Tibet_Vol1:319,CentralAsia_Tibet_Vol1:verified,Validated,"we must have a fire that night, for we were all literally stiff with cold."
970,the bhoksas,disputes,water,Himalayan_Gazatteer,Himalayan_Gazatteer.pdf,Himalayan_Gazatteer:72,Himalayan_Gazatteer:candidate,Validated,"The Bhoksas having moved down to Gadarpur, and compensation is still paid to the heirs of Moti Chakrbynt amounting to Rs."
971,the bhotiyas,depends_on,india,Himalayan_Gazatteer,Himalayan_Gazatteer.pdf,Himalayan_Gazatteer:143,Himalayan_Gazatteer:candidate,Validated,"The agricultural productions of Hundes being utterly insufficient for the support of its inhabitants, the country almost entirely depends for its supplies on India."
972,the bhotiyas,trades_with,najibabad and rbinnagar,Himalayan_Gazatteer,Himalayan_Gazatteer.pdf,Himalayan_Gazatteer:144,Himalayan_Gazatteer:candidate,Missing,"Very little borax is consumed in these districts, so that the whole of the imports are carried to Najibabad or disposed of at Rbinnagar, and there prepared for export to Farukhabad, Calcutta, and Europe."
973,the boat,depends_on,canvas hull,CentralAsia_Tibet_Vol1,CentralAsia_Tibet_Vol1.pdf,CentralAsia_Tibet_Vol1:574,CentralAsia_Tibet_Vol1:verified,Validated,MTe were afraid the sharp gravel would cut the canvas hull of the boat ; but we managed to get the sail down in time.
974,the boat,depends_on,"sound, rough-hewn planks",CentralAsia_Tibet_Vol1,CentralAsia_Tibet_Vol1.pdf,CentralAsia_Tibet_Vol1:86,CentralAsia_Tibet_Vol1:verified,Validated,"The boat which Islam had picked out was a first-rate affair, newly built of sound, rough-hewn planks..."
975,the boat,supplies,fuel,CentralAsia_Tibet_Vol1,CentralAsia_Tibet_Vol1.pdf,CentralAsia_Tibet_Vol1:576,CentralAsia_Tibet_Vol1:candidate,Validated,"We made haste to gather a fresh supply of fuel, which we lighted with our last two or three matches."
976,the boat,transports_via,southern shore,CentralAsia_Tibet_Vol1,CentralAsia_Tibet_Vol1.pdf,CentralAsia_Tibet_Vol1:576,CentralAsia_Tibet_Vol1:candidate,Validated,"We put the boat together again, rigged her up, launched her, manned her, and shook out the sail, using one of the oars as the boom and the other as the rudder, and away we skimmed like a swallow, hugging the southern shore."
977,the boat,transports_via,the river,CentralAsia_Tibet_Vol1,CentralAsia_Tibet_Vol1.pdf,CentralAsia_Tibet_Vol1:589,CentralAsia_Tibet_Vol1:verified,Validated,"After the horses had waded across the river, getting only the lower half of their pack-saddles wet, we easily carried our loose luggage across in the boat."
978,the british,governs,rumtore district,Himalayan_Gazatteer,Himalayan_Gazatteer.pdf,,Himalayan_Gazatteer:not_found,Missing,"Under such a system, cultivation rapidly increased and what were once flourishing villages relapsed into jungle and became the home of wild beasts."
979,the british government,governs,hill states,Becoming_India,Becoming_India.pdf,,Becoming_India:no_evidence,Validated,
980,the british government,trades_with,through palampur and from leh to kashmir,Becoming_India,Becoming_India.pdf,,Becoming_India:no_evidence,Missing,
981,the camels,depends_on,"broad, flat pads",CentralAsia_Tibet_Vol1,CentralAsia_Tibet_Vol1.pdf,CentralAsia_Tibet_Vol1:557,CentralAsia_Tibet_Vol1:verified,Validated,"The camels, patient and submissive, as they always were, struggled along in their wake, sinking in a foot or more at each step ; and yet their broad, flat pads were better than the horses' hoofs."
982,the camels,depends_on,firm ground,CentralAsia_Tibet_Vol2,CentralAsia_Tibet_Vol2.pdf,CentralAsia_Tibet_Vol2:313,CentralAsia_Tibet_Vol2:verified,Validated,"A little bit lower down I observed some grass on the right bank, and there too, Shagdur picked up a big earthenware vessel."
983,the camels,depends_on,grass,CentralAsia_Tibet_Vol1,CentralAsia_Tibet_Vol1.pdf,CentralAsia_Tibet_Vol1:540,CentralAsia_Tibet_Vol1:candidate,Validated,"Their nostrils were widely distended, they wanted more air; and their eyes turned with a weary and indifferent look to the south, as if, amid this universe of barren, naked mountains, they had abandoned all hope of ever getting a good feed of grass again."
984,the camels,depends_on,water,CentralAsia_Tibet_Vol1|CentralAsia_Tibet_Vol2,CentralAsia_Tibet_Vol1.pdf|CentralAsia_Tibet_Vol2.pdf,CentralAsia_Tibet_Vol1:293|CentralAsia_Tibet_Vol2:115,CentralAsia_Tibet_Vol1:verified|CentralAsia_Tibet_Vol2:verified,Validated,"On the 16th of February I was forced to the conclusion that the only way to avoid disaster was to strike straight for the south, and try to reach once more the salt wells of the astyn-yoll. We were engaged in an exciting hunt for water...|we halted, cut four small holes in the ice, and let the camels drink all they possibly could hold ; this was the last water they would get for a long time to come."
985,the camels,supplies,food and water,CentralAsia_Tibet_Vol1,CentralAsia_Tibet_Vol1.pdf,CentralAsia_Tibet_Vol1:319,CentralAsia_Tibet_Vol1:candidate,Missing,"Everything we wanted, every single thing we possessed in fact, had to be fished out from underneath this soft white coverlet."
986,the canoes,trades_with,the wind,CentralAsia_Tibet_Vol1,CentralAsia_Tibet_Vol1.pdf,CentralAsia_Tibet_Vol1:460,CentralAsia_Tibet_Vol1:candidate,Validated,"they tried to paddle still harder. Every man was on his knees, and the paddle-strokes followed one another so fast they seemed to be driven by steam."
987,the caravan,depends_on,our animals,CentralAsia_Tibet_Vol1,CentralAsia_Tibet_Vol1.pdf,CentralAsia_Tibet_Vol1:629,CentralAsia_Tibet_Vol1:verified,Validated,"The district was dotted over with hundreds of kulans, and more particularly with orongo antelopes."
988,the caravan,depends_on,water supply,CentralAsia_Tibet_Vol1,CentralAsia_Tibet_Vol1.pdf,CentralAsia_Tibet_Vol1:300,CentralAsia_Tibet_Vol1:verified,Validated,Our supply of water would last longer now that there were six lives less dependent upon it.
989,the caravan,depends_on,yak,CentralAsia_Tibet_Vol2,CentralAsia_Tibet_Vol2.pdf,CentralAsia_Tibet_Vol2:535,CentralAsia_Tibet_Vol2:verified,Validated,"we had to tie it up in smaller loads, for a yak cannot carry as much as a camel."
990,the caravan,trades_with,scanty grass,CentralAsia_Tibet_Vol2,CentralAsia_Tibet_Vol2.pdf,CentralAsia_Tibet_Vol2:284,CentralAsia_Tibet_Vol2:verified,Validated,"The caravan animals were scattered over the hill-sides, eagerly plucking the scanty grass."
991,the caravan,trades_with,tashi-lumpo,CentralAsia_Tibet_Vol2,CentralAsia_Tibet_Vol2.pdf,CentralAsia_Tibet_Vol2:368,CentralAsia_Tibet_Vol2:candidate,Missing,"They were carrying it [cube tea] from Kum-bum, in the west of the Chinese province of Kan-su, to Tashi-lumpo, on the Brahmaputra."
992,the caravan,trades_with,the earth,CentralAsia_Tibet_Vol1,CentralAsia_Tibet_Vol1.pdf,CentralAsia_Tibet_Vol1:311,CentralAsia_Tibet_Vol1:verified,Validated,...which made the earth all the colder.'
993,the chang-pa tribe,trades_with,traders from northern british india,TransformationProcessesInNomadicPastoralism,TransformationProcessesInNomadicPastoralism.pdf,TransformationProcessesInNomadicPastoralism:5,TransformationProcessesInNomadicPastoralism:verified,Validated,...where they are met by traders from Northern British India...
994,the cossacks,trades_with,the district,CentralAsia_Tibet_Vol2,CentralAsia_Tibet_Vol2.pdf,CentralAsia_Tibet_Vol2:244,CentralAsia_Tibet_Vol2:candidate,Missing,"The district abounded in game and other animals-arkharis, ibexes, yaks, bears, and wolves."
995,the cossacks,trades_with,the shepherds,CentralAsia_Tibet_Vol2,CentralAsia_Tibet_Vol2.pdf,CentralAsia_Tibet_Vol2:244,CentralAsia_Tibet_Vol2:candidate,Validated,"They rode to the mountaineers to buy from them fuel and milk, and a dozen or so of sheep."
996,the desert,controls,the weather,CentralAsia_Tibet_Vol1,CentralAsia_Tibet_Vol1.pdf,CentralAsia_Tibet_Vol1:319,CentralAsia_Tibet_Vol1:verified,Validated,The black clouds... had been induced to part with their contents.
997,the desert,depends_on,salt,CentralAsia_Tibet_Vol1,CentralAsia_Tibet_Vol1.pdf,CentralAsia_Tibet_Vol1:297,CentralAsia_Tibet_Vol1:verified,Validated,"Although the ground was moist right up to the surface, it was nowhere frozen, owing to its very strong impregnation of salt."
998,the forest,depends_on,the river,CentralAsia_Tibet_Vol1,CentralAsia_Tibet_Vol1.pdf,CentralAsia_Tibet_Vol1:204,CentralAsia_Tibet_Vol1:candidate,Validated,"The main mass of the forest stood however somewhat back from the margin of the river, and only sent a few outposts close up to it."
999,the four chief executive officers,governs,the five districts,J&K_Gazatteer_1909,J&K_Gazatteer_1909.pdf,J&K_Gazatteer_1909:85,J&K_Gazatteer_1909:verified,Validated,"In Jamnlu there are five districts, each in charge of a llrazir Waziirat..."
1000,the government,governs,the land revenue,Himalayan_Gazatteer,Himalayan_Gazatteer.pdf,Himalayan_Gazatteer:323|387,Himalayan_Gazatteer:candidate,Probable,...the land revenue of the current settlement on the aaddbart villages amounted to Rs.
1001,the government,taxes,revenue,Himalayan_Gazatteer,Himalayan_Gazatteer.pdf,Himalayan_Gazatteer:323|387,Himalayan_Gazatteer:candidate,Validated,The land revenue of the current settlement on the aaddbart villages amounted to Rs.
1002,the government of his majesty the king of nepal,licenses,outsiders,Traders_in_Highland_Nepal,Traders_in_Highland_Nepal.pdf,Traders_in_Highland_Nepal:14,Traders_in_Highland_Nepal:verified,Validated,permission to work in many areas normally closed to outsiders but also for numerous facilities provided by officials and government servants of every rank.
1003,the hill state,governs,movement of goods,Becoming_India,Becoming_India.pdf,,Becoming_India:no_evidence,Validated,
1004,the horses,depends_on,firm ground,CentralAsia_Tibet_Vol1,CentralAsia_Tibet_Vol1.pdf,CentralAsia_Tibet_Vol1:556,CentralAsia_Tibet_Vol1:verified,Validated,"At first the going was indeed not bad : the surface consisted of yellow clay, littered with stones and flakes of shale, and the ascent was easy."
1005,the kashmir state,governs,kashmiri subjects,J&K_Gazatteer_1909,J&K_Gazatteer_1909.pdf,J&K_Gazatteer_1909:18,J&K_Gazatteer_1909:verified,Validated,conferred on the Kashmiri subjects of the MahBrgjg.
1006,the king,governs,population,Becoming_India,Becoming_India.pdf,,Becoming_India:no_evidence,Validated,
1007,the king,governs,the political power of the clans and their deities,Becoming_India,Becoming_India.pdf,,Becoming_India:no_evidence,Validated,
1008,the lake,depends_on,salter water,CentralAsia_Tibet_Vol2,CentralAsia_Tibet_Vol2.pdf,CentralAsia_Tibet_Vol2:37,CentralAsia_Tibet_Vol2:verified,Validated,"It appeared to me as if a thin layer of fresh water, coming from the stream, had spread itself over the salter water of the lake..."
1009,the lake,depends_on,the river tarim,CentralAsia_Tibet_Vol1,CentralAsia_Tibet_Vol1.pdf,CentralAsia_Tibet_Vol1:453,CentralAsia_Tibet_Vol1:candidate,Probable,"The whole of this series of lakes, which hang like leaves on a stalk along the right bank of the Tarim, are parasites or outgrowths upon the river, in that they derive their vitality from it, and would die if it were to flow in some other direction."
1010,the lake,governs,salt,CentralAsia_Tibet_Vol1,CentralAsia_Tibet_Vol1.pdf,CentralAsia_Tibet_Vol1:575,CentralAsia_Tibet_Vol1:candidate,Validated,"On a hill-side was the bleached skull of a kulan, and not very far away we noticed the foot-prints of a bear. The salt lay like ice, merely covered by a thin film of water."
1011,the lama,trades_with,river,CentralAsia_Tibet_Vol2,CentralAsia_Tibet_Vol2.pdf,CentralAsia_Tibet_Vol2:363,CentralAsia_Tibet_Vol2:verified,Validated,"Our Lama, who always led the way, rode straight into the water..."
1012,the little white horse,depends_on,water,CentralAsia_Tibet_Vol1,CentralAsia_Tibet_Vol1.pdf,CentralAsia_Tibet_Vol1:293,CentralAsia_Tibet_Vol1:verified,Validated,"The little white horse also-he came from Kashgar- as well as the dogs, and the men, all had a good drink ; for, although we carried a supply of ice with us, it might easily happen that later on we should be pinched for the precious fluid."
1013,the men,depends_on,frozen ground,CentralAsia_Tibet_Vol1,CentralAsia_Tibet_Vol1.pdf,CentralAsia_Tibet_Vol1:241,CentralAsia_Tibet_Vol1:verified,Validated,"The ground was everywhere frozen hard, so that the men were no longer afraid of venturing into marshy or recently inundated places."
1014,the men,depends_on,kirgui pavan,CentralAsia_Tibet_Vol1,CentralAsia_Tibet_Vol1.pdf,CentralAsia_Tibet_Vol1:460,CentralAsia_Tibet_Vol1:candidate,Probable,"But Kirgui Pavan and his canoemen were equal to the occasion ; every time a high 'curler' threatened to engulf us they switched the canoes a little into the wind, and so kept out the greater part of its breaking crest,"
1015,the men,negotiates_with,wild asses (kulans),CentralAsia_Tibet_Vol1,CentralAsia_Tibet_Vol1.pdf,CentralAsia_Tibet_Vol1:528,CentralAsia_Tibet_Vol1:verified,Validated,"The mother finally deserted her offspring, which proved to be only four days old."
1016,the men,supplies,fresh meat,CentralAsia_Tibet_Vol1,CentralAsia_Tibet_Vol1.pdf,CentralAsia_Tibet_Vol1:386,CentralAsia_Tibet_Vol1:candidate,Missing,"During the hot weather, it was always a difficult problem in Central Asia how to supply ourselves with fresh meat."
1017,the men in the caravan,trades_with,abdu rehim,CentralAsia_Tibet_Vol1,CentralAsia_Tibet_Vol1.pdf,CentralAsia_Tibet_Vol1:401,CentralAsia_Tibet_Vol1:verified,Validated,"Their eyes glowed with excitement, and they neither heard nor saw anything except the game they were stalking."
1018,the mollah,governs,the river,CentralAsia_Tibet_Vol1,CentralAsia_Tibet_Vol1.pdf,CentralAsia_Tibet_Vol1:169,CentralAsia_Tibet_Vol1:verified,Validated,"On we flew before the wind, the banks swept past us like railway-trains, the water hissed off our bow."
1019,the night-watchmen,depends_on,cossacks,CentralAsia_Tibet_Vol1,CentralAsia_Tibet_Vol1.pdf,CentralAsia_Tibet_Vol1:272,CentralAsia_Tibet_Vol1:candidate,Probable,"in fact during the cold winter nights they generally sat beside it when not making their periodical rounds, looked after by the Cossacks."
1020,the people of tarangpur,trades_with,other places and peoples,TransHimalayan_Traders_Fisher,TransHimalayan_Traders_Fisher.pdf,TransHimalayan_Traders_Fisher:101,TransHimalayan_Traders_Fisher:verified,Validated,Despite their geographical isolation the people of Tichurong have been linked with other places and peoples from primordial times.
1021,the pilgrims from kum-bum,trades_with,tashi-lumpo,CentralAsia_Tibet_Vol2,CentralAsia_Tibet_Vol2.pdf,CentralAsia_Tibet_Vol2:368,CentralAsia_Tibet_Vol2:candidate,Probable,"They were carrying it [cube tea] from Kum-bum, in the west of the Chinese province of Kan-su, to Tashi-lumpo, on the Brahmaputra."
1022,the raja,governs,all the land in the state,Mandi_Gazatteer,Mandi_Gazatteer.pdf,Mandi_Gazatteer:68,Mandi_Gazatteer:candidate,Validated,The Raja is sole proprietor of all the land in the State and land-holders have no right to mortgage or sell their lands.
1023,the raja,supplies,clothes,Mandi_Gazatteer,Mandi_Gazatteer.pdf,Mandi_Gazatteer:138,Mandi_Gazatteer:verified,Validated,Ono party i::i pl'uvided with clothes by. the Raja
1024,the river,depends_on,weather in the mountains,CentralAsia_Tibet_Vol1,CentralAsia_Tibet_Vol1.pdf,CentralAsia_Tibet_Vol1:120,CentralAsia_Tibet_Vol1:verified,Validated,"During the night, the river had risen six inches, a circumstance not at all surprising when you bear in mind that its height was dependent upon the state of the weather in the mountains."
1025,the river,supplies,floating disks,CentralAsia_Tibet_Vol1,CentralAsia_Tibet_Vol1.pdf,CentralAsia_Tibet_Vol1:241,CentralAsia_Tibet_Vol1:candidate,Validated,"Thus we were surrounded by a countless number of snow-white rings, the burial-wreaths, as it were, of the great river."
1026,the river,supplies,the canoes,CentralAsia_Tibet_Vol1,CentralAsia_Tibet_Vol1.pdf,CentralAsia_Tibet_Vol1:476,CentralAsia_Tibet_Vol1:verified,Validated,"Although the boatmen received considerable assistance from the current, they were also compelled to ply their paddles well to make headway."
1027,the river,supplies,water,CentralAsia_Tibet_Vol2,CentralAsia_Tibet_Vol2.pdf,CentralAsia_Tibet_Vol2:362,CentralAsia_Tibet_Vol2:candidate,Validated,"...it was a river; and as we stood on the brink, and saw it rolling its overwhelming masses west-south-west, we realized that our fate was sealed."
1028,the river tarim,governs,the lakes,CentralAsia_Tibet_Vol1,CentralAsia_Tibet_Vol1.pdf,CentralAsia_Tibet_Vol1:453,CentralAsia_Tibet_Vol1:candidate,Probable,"The whole of this series of lakes, which hang like leaves on a stalk along the right bank of the Tarim, are parasites or outgrowths upon the river, in that they derive their vitality from it, and would die if it were to flow in some other direction."
1029,the rulers of these hill states,disputes,the crown,Becoming_India,Becoming_India.pdf,,Becoming_India:no_evidence,Validated,
1030,the rupshu people,depends_on,"their cattle, on their sheep and goats",TransformationProcessesInNomadicPastoralism,TransformationProcessesInNomadicPastoralism.pdf,TransformationProcessesInNomadicPastoralism:4,TransformationProcessesInNomadicPastoralism:verified,Validated,"they depend entirely on their cattle, on their sheep and goats for merchandise that is easily divisible..."
1031,the state,controls,land,J&K_Gazatteer_1909,J&K_Gazatteer_1909.pdf,J&K_Gazatteer_1909:87,J&K_Gazatteer_1909:verified,Validated,Land was regarded as the absolute property of the State...
1032,the state,governs,area,Becoming_India,Becoming_India.pdf,,Becoming_India:no_evidence,Validated,
1033,the state,governs,roads,Mandi_Gazatteer,Mandi_Gazatteer.pdf,Mandi_Gazatteer:127,Mandi_Gazatteer:candidate,Validated,The State roads have been maintained in good repair...
1034,the state,governs,the administration of the state,J&K_Gazatteer_1909,J&K_Gazatteer_1909.pdf,J&K_Gazatteer_1909:85,J&K_Gazatteer_1909:verified,Validated,"On his accession to the gaddi in 1885, the present MahBrSjB Administra was entrusted with the administration of the State..."
1035,the state,governs,the petty states,J&K_Gazatteer_1909,J&K_Gazatteer_1909.pdf,J&K_Gazatteer_1909:85,J&K_Gazatteer_1909:verified,Validated,"At Gilgit a Political Agent exercises some degree of supervision over the Wazir WazBrat, and is directly responsible to the Government of India for the administration of the outlying petty States."
1036,the tibetans,controls,access to outsiders,Memo_Relations_with_Tibet,Memo_Relations_with_Tibet.pdf,Memo_Relations_with_Tibet:10,Memo_Relations_with_Tibet:candidate,Missing,"The difficulties of obtaining access to them, even for natives of India, is too well known to need repetition; and the Tibetan delegates from Lhasa who are here at the present time have strict orders to hold no personal intercourse with us, and they thoroughly follow out their orders."
1037,the tibetans,controls,the nomad tents,CentralAsia_Tibet_Vol2,CentralAsia_Tibet_Vol2.pdf,CentralAsia_Tibet_Vol2:391,CentralAsia_Tibet_Vol2:candidate,Probable,Then they asked us whether our big camp was sufficiently near to the nomad tents
1038,the tibetans,controls,the route to ladak,CentralAsia_Tibet_Vol2,CentralAsia_Tibet_Vol2.pdf,CentralAsia_Tibet_Vol2:504,CentralAsia_Tibet_Vol2:verified,Validated,"The Tibetans declared we should have an escort all the way, and they undertook to procure us everything we wanted until we reached Ladak."
1039,the tibetans,governs,the country,CentralAsia_Tibet_Vol2,CentralAsia_Tibet_Vol2.pdf,CentralAsia_Tibet_Vol2:392,CentralAsia_Tibet_Vol2:verified,Validated,"The people of the country would not allow us to go where we wanted to go, and yet they were anxious to get rid of us at all costs."
1040,the tibetans,governs,the yaggyu-rapga valley,CentralAsia_Tibet_Vol2,CentralAsia_Tibet_Vol2.pdf,CentralAsia_Tibet_Vol2:503,CentralAsia_Tibet_Vol2:verified,Validated,"I pointed west, up the valley of the Yaggyu-rapga. "" It is impossible for you to advance that way,"" they asserted, ""you must go to the north-west."""
1041,the tibetans,governs,war,CentralAsia_Tibet_Vol2,CentralAsia_Tibet_Vol2.pdf,CentralAsia_Tibet_Vol2:507,CentralAsia_Tibet_Vol2:verified,Validated,they never advanced beyond threats and the empty alarums of war.
1042,the tibetans,supplies,us,CentralAsia_Tibet_Vol2,CentralAsia_Tibet_Vol2.pdf,CentralAsia_Tibet_Vol2:504,CentralAsia_Tibet_Vol2:verified,Validated,"Before he went the old man bought a teacup from us, and told us that he would be happy to supply us with anything we wanted. | They undertook to procure us everything we wanted until we reached Ladak."
1043,the tibetans,trades_with,the nomads,CentralAsia_Tibet_Vol2,CentralAsia_Tibet_Vol2.pdf,CentralAsia_Tibet_Vol2:376,CentralAsia_Tibet_Vol2:verified,Validated,"As we advanced the track grew broader and more distinctly marked ; but it was a remarkable fact that we never met any person travelling alone, either on horseback or on foot."
1044,the village,governs,revenue,British_Garhwal,British_Garhwal.pdf,British_Garhwal:99,British_Garhwal:candidate,Validated,"the revenue of the whole village was issued to one or at most two sharers in the estate, and these tendered for and paid the revenue of the whole village."
1045,the water,depends_on,salt,CentralAsia_Tibet_Vol1,CentralAsia_Tibet_Vol1.pdf,CentralAsia_Tibet_Vol1:573,CentralAsia_Tibet_Vol1:verified,Validated,The water was so heavily charged with salt that the drops which fell into the boat stiffened like stearine;
1046,these mountain communities,trades_with,cash,Becoming_India,Becoming_India.pdf,,Becoming_India:no_evidence,Validated,
1047,these people,depends_on,irrigation,CentralAsia_Tibet_Vol1,CentralAsia_Tibet_Vol1.pdf,CentralAsia_Tibet_Vol1:259,CentralAsia_Tibet_Vol1:verified,Validated,they might easily have irrigated their fields by digging rivulets from the river...
1048,these states,trades_with,large tracts of agricultural and pastoral lands into a stable state system,Becoming_India,Becoming_India.pdf,,Becoming_India:no_evidence,Validated,
1049,thousanns of mules,trades_with,yarkand and ladakh,Mandi_Gazatteer,Mandi_Gazatteer.pdf,Mandi_Gazatteer:62,Mandi_Gazatteer:verified,Validated,"They carry tobacco, tea, su!!'ar, coars(~ cloth and English-made piece-goods to Yarkand and on their I eturn bring ooarse woollen cloth and Cl!lrpetll, cAaras and spices from yarkand."
1050,thudam,trades_with,tibet,Traders_in_Highland_Nepal,Traders_in_Highland_Nepal.pdf,Traders_in_Highland_Nepal:142,Traders_in_Highland_Nepal:verified,Validated,"Thudam people used to purchase wool in Tibet, and many ofthe women were engaged in spinning and weaving."
1051,tibet,controls,export of female yak,Traders_in_Highland_Nepal,Traders_in_Highland_Nepal.pdf,Traders_in_Highland_Nepal:63|74|75|94,Traders_in_Highland_Nepal:candidate,Validated,The export of female yak from Tibet is forbidden.
1052,tibet,depends_on,mining and minerals,Memo_Relations_with_Tibet,Memo_Relations_with_Tibet.pdf,Memo_Relations_with_Tibet:37,Memo_Relations_with_Tibet:verified,Validated,"Their mines and minerals are capable of opening to them such inexhaustible sources 01 wealth, a s  to be alone sufficient to purchase everything of which they stand in need."
1053,tibet,depends_on,moradabad,Himalayan_Gazatteer,Himalayan_Gazatteer.pdf,Himalayan_Gazatteer:142,Himalayan_Gazatteer:candidate,Validated,"In 1815 Dr. Rutherford, who had charge of the Company's investment in Moradabad, proposed his depotation to Tibet with a view to open up the trade between the Company and the natives of that country."
1054,tibet,depends_on,supply of water,Gutenberg_EBook,Gutenberg_EBook.pdf,,Gutenberg_EBook:no_evidence,Validated,
1055,tibet,disputes,british,Memo_Relations_with_Tibet,Memo_Relations_with_Tibet.pdf,Memo_Relations_with_Tibet:24,Memo_Relations_with_Tibet:candidate,Validated,that the Tibetans had refused to receive a mission which the British had agreed to let us send;
1056,tibet,governs,highlands,CentralAsia_Tibet_Vol2,CentralAsia_Tibet_Vol2.pdf,,CentralAsia_Tibet_Vol2:no_evidence,Validated,"Highlands, Tibetan. See TIBET,"
1057,tibet,governs,lower tarim,CentralAsia_Tibet_Vol2,CentralAsia_Tibet_Vol2.pdf,,CentralAsia_Tibet_Vol2:not_found,Validated,"' detains Tibetan shepherds, of Lower Tarim..."
1058,tibet,governs,monasteries,Memo_Relations_with_Tibet,Memo_Relations_with_Tibet.pdf,Memo_Relations_with_Tibet:13,Memo_Relations_with_Tibet:candidate,Validated,"The buildings of Tibet, the monasteries and forts, are more remarkable for their soliditv and strength than for their beauty."
1059,tibet,governs,shafis or tibetan councillors,Memo_Relations_with_Tibet,Memo_Relations_with_Tibet.pdf,Memo_Relations_with_Tibet:24,Memo_Relations_with_Tibet:candidate,Validated,that the Shafis or Tibetan councillors now in Chumbi are wholly incompetent to affix their signatures.
1060,tibet,governs,tawang district,Report_On_Tibet_1903,Report_On_Tibet_1903.pdf,,Report_On_Tibet_1903:not_found,Validated,The country is now governed in the recognized manner by Jongpons deputed from Lha~a.
1061,tibet,governs,yo-yul,Report_On_Tibet_1903,Report_On_Tibet_1903.pdf,Report_On_Tibet_1903:11,Report_On_Tibet_1903:candidate,Validated,"Yo-yul, although practically independent, is nominally subject to Ll~asa and must be included in Tibetau territory."
1062,tibet,trades_with,china,Report_On_Tibet_1903,Report_On_Tibet_1903.pdf,Report_On_Tibet_1903:56,Report_On_Tibet_1903:verified,Validated,...returns are kept and the trade is registered; but elsewhere no statistics are forthcoming... The inland trade of Tibet is focuesed at the great markets of Lhasa and Shigatse...
1063,tibet,trades_with,india,Report_On_Tibet_1903,Report_On_Tibet_1903.pdf,Report_On_Tibet_1903:56,Report_On_Tibet_1903:verified,Validated,"...returns are kept and the trade is registered; but elsewhere no statistics are forthcoming... The inland trade of Tibet is focuesed at the great markets of Lhasa and Shigatse... | The annual value of the trade of Tibet with India is some thirty lakhs of rupees (J2,200,000)"
1064,tibet,trades_with,ladakh,J&K_Gazatteer_1909,J&K_Gazatteer_1909.pdf,,J&K_Gazatteer_1909:no_evidence,Validated,its intimate relations with LadHkh
1065,tibet,trades_with,neighbouring countries,Report_On_Tibet_1903,Report_On_Tibet_1903.pdf,Report_On_Tibet_1903:56,Report_On_Tibet_1903:verified,Validated,"...in the case of India, it is true, returns are kept and the trade is registered; but elsewhere no statistics are forthcoming... The inland trade of Tibet is focuesed at the great markets of Lhasa and Shigatse..."
1066,tibet,trades_with,nepal,Traders_in_Highland_Nepal,Traders_in_Highland_Nepal.pdf,Traders_in_Highland_Nepal:81,Traders_in_Highland_Nepal:verified,Validated,Other commodities regularly exported to Tibet were... and Imports from Tibet included...
1067,tibet,trades_with,outside articles of commerce,Memo_Relations_with_Tibet,Memo_Relations_with_Tibet.pdf,Memo_Relations_with_Tibet:37,Memo_Relations_with_Tibet:candidate,Missing,"And if they do not of their own accord open more mines, they will probably within the next few years be driven into it by the [orceo~ outside pressure, from the north at an). 3'"
1068,tibet,trades_with,pashm,Ladakh,Ladakh.pdf,,Ladakh:no_evidence,Validated,
1069,tibet,trades_with,rampur,Gutenberg_EBook,Gutenberg_EBook.pdf,,Gutenberg_EBook:no_evidence,Validated,
1070,tibet baqals,governs,pashm,Ladakh,Ladakh.pdf,,Ladakh:no_evidence,Validated,
1071,tibet baqals,trades_with,pashm,Ladakh,Ladakh.pdf,,Ladakh:no_evidence,Validated,
1072,tibetan authorities,taxes,bhotiyas,Himalayan_Gazatteer,Himalayan_Gazatteer.pdf,Himalayan_Gazatteer:139,Himalayan_Gazatteer:verified,Validated,The taxes paid by them to the foreign Government were formally recognised by their flindu rulers in both districts.
1073,tibetan changpas,transports_via,salt,Rupshu,Rupshu.pdf,,Rupshu:no_evidence,Validated,
1074,tibetan dynasty,governs,ladakh,Ladakh,Ladakh.pdf,,Ladakh:no_evidence,Validated,
1075,tibetan government,governs,bhotiyas,Himalayan_Gazatteer,Himalayan_Gazatteer.pdf,Himalayan_Gazatteer:141,Himalayan_Gazatteer:candidate,Validated,"It does not appear that this Government ever originates any inquiry into crimes or offences committed by the Bhotiyas elsewhere than in Hundes ; nor does it delegate any power, judicial or fiscal, to the Bhotiya village functionaries."
1076,tibetan government,licenses,rupshu nomads,Santiago_Lazcano,Santiago_Lazcano.pdf,Santiago_Lazcano:5,Santiago_Lazcano:candidate,Probable,Only in one case were those coming from across the border allowed to collect their own salt: the nomads of the Rupshu (western end of the Changthang Plateau entering Ladakh) had an agreement with the Tibetan government that allowed them to collect on Mimdum and Gyaltse lakes.
1077,tibetan government officials,governs,offices held by laymen or monks,Report_On_Tibet_1903,Report_On_Tibet_1903.pdf,Report_On_Tibet_1903:51,Report_On_Tibet_1903:candidate,Validated,"Each rank is distinguished by a different *'button' after the Chinese fashion, but tliese buttons are worn only by lay-officials."
1078,tibetan herdsmen,trades_with,dolpo villagers,Traders_in_Highland_Nepal,Traders_in_Highland_Nepal.pdf,Traders_in_Highland_Nepal:202,Traders_in_Highland_Nepal:verified,Validated,"Some of these Tibetan herdsmen came every autumn to the same Dolpo villages, bringing with them salt to barter for grain."
1079,tibetan herdspeople,supplies,foodgrains,Ladakh,Ladakh.pdf,,Ladakh:no_evidence,Validated,
1080,tibetan horsemen,controls,horses,CentralAsia_Tibet_Vol2,CentralAsia_Tibet_Vol2.pdf,CentralAsia_Tibet_Vol2:427,CentralAsia_Tibet_Vol2:verified,Validated,"All our firearms were loaded and ready for use, and our dogs tied up close beside the horses."
1081,tibetan horses,trades_with,tea,Salt_routes_and_barter_caravans_in_the_H,Salt_routes_and_barter_caravans_in_the_H.pdf,,Salt_routes_and_barter_caravans_in_the_H:no_evidence,Validated,
1082,tibetan mountains,supplies,kashmiri goat,J&K_Gazatteer_1909,J&K_Gazatteer_1909.pdf,J&K_Gazatteer_1909:134,J&K_Gazatteer_1909:verified,Validated,"The shawl was made of the finest wool (paskm), obtained from the goats of the Tibetan mountains, the best material coming from the Tian Shan (Celestial Mountains) and Ush Tarfan."
1083,tibetan partners,trades_with,salt,Salt_routes_and_barter_caravans_in_the_H,Salt_routes_and_barter_caravans_in_the_H.pdf,,Salt_routes_and_barter_caravans_in_the_H:no_evidence,Validated,
1084,tibetan pontiffs,governs,authority,Ladakh,Ladakh.pdf,,Ladakh:no_evidence,Validated,
1085,tibetan populations,monopolizes,salt-trade with tibet,Traders_in_Highland_Nepal,Traders_in_Highland_Nepal.pdf,Traders_in_Highland_Nepal:177,Traders_in_Highland_Nepal:verified,Validated,"Later most people of Baragaon became economically dependent on the Thakalis of Tukche, who then monopolized the salt-trade with Tibet."
1086,tibetan refugees,controls,enormous herds of yak and sheep,Traders_in_Highland_Nepal,Traders_in_Highland_Nepal.pdf,Traders_in_Highland_Nepal:199,Traders_in_Highland_Nepal:verified,Validated,The arrival of so many animals led to the rapid exhaustion of pastures with the result that not only most of the refugee cattle but also a large part of the local livestock died of starvation.
1087,tibetan salt,supplies,bhotia economy,TransHimalayan_Traders_Fisher,TransHimalayan_Traders_Fisher.pdf,TransHimalayan_Traders_Fisher:104,TransHimalayan_Traders_Fisher:candidate,Validated,without which the Bhotia economy would completely collapse and the Tarangpurians would be unable to barter for salt of any kind...
1088,tibetan salt,supplies,"farmers in lo, dolpo, and baragaon",Traders_in_Highland_Nepal,Traders_in_Highland_Nepal.pdf,Traders_in_Highland_Nepal:219,Traders_in_Highland_Nepal:verified,Validated,"For it was mainly this trade which enabled him to acquire such victuals as rice, tea and sugar."
1089,tibetan salt,trades_with,grain,Traders_in_Highland_Nepal,Traders_in_Highland_Nepal.pdf,Traders_in_Highland_Nepal:21,Traders_in_Highland_Nepal:candidate,Validated,those who carried supplies of Tibetan salt along tortuous caravan routes across the Himalayan main range were sure of being able to barter this essential commodity for many times its volume in grain.
1090,tibetan salt,trades_with,indian salt,Traders_in_Highland_Nepal,Traders_in_Highland_Nepal.pdf,Traders_in_Highland_Nepal:218,Traders_in_Highland_Nepal:verified,Validated,Until the late 1950s Tibetan salt could still compete with Indian salt in the regions of Pokhara and Baglung...
1091,tibetan salt,trades_with,thak khola,Traders_in_Highland_Nepal,Traders_in_Highland_Nepal.pdf,Traders_in_Highland_Nepal:232,Traders_in_Highland_Nepal:verified,Validated,"Such Tibetan salt as still reaches Thak Khola is imported only for local consumption, and the grain/salt-trade is operated mainly by the people of Mustang and by Rhamba refugees, who have settled in Baragaon and use Mustang men as their agents for all business deals inside Tibet."
1092,tibetan traders,trades_with,bhotiyae,Himalayan_Gazatteer,Himalayan_Gazatteer.pdf,Himalayan_Gazatteer:156,Himalayan_Gazatteer:candidate,Probable,As with the Bhotiyee sheep are the mean of conveyance for these Tibet traders between Milam and their own mal-ts...
1093,tibetan traders,trades_with,northern border,TransHimalayan_Traders_Fisher,TransHimalayan_Traders_Fisher.pdf,TransHimalayan_Traders_Fisher:142,TransHimalayan_Traders_Fisher:verified,Validated,goods can be sold toward the northern border for about twice what they cost near the southern border.
1094,tibetan traders,transports_via,tingri,Traders_in_Highland_Nepal,Traders_in_Highland_Nepal.pdf,Traders_in_Highland_Nepal:80,Traders_in_Highland_Nepal:verified,Validated,Usually they sold the iron at Kyabrak and Tibetan traders transported it by yak or cross-breeds to Tingri.
1095,tibetan travellers,trades_with,india,Report_On_Tibet_1903,Report_On_Tibet_1903.pdf,Report_On_Tibet_1903:7|58,Report_On_Tibet_1903:candidate,Missing,TIBETAN TRAVELLERS... Trade with India -Trade with Ladak -Trade with China -Trade with Mongolia- Trade with Nepal...
1096,tibetan tribes,trades_with,china,Report_On_Tibet_1903,Report_On_Tibet_1903.pdf,,Report_On_Tibet_1903:no_evidence,Validated,They pay tribute to China.
1097,tibetan women,extracts_from,wells,Santiago_Lazcano,Santiago_Lazcano.pdf,Santiago_Lazcano:14,Santiago_Lazcano:verified,Validated,"Once both are ready, they open the wells again to start drawing salt water again."
1098,tibetan women,transports_via,buckets,Santiago_Lazcano,Santiago_Lazcano.pdf,Santiago_Lazcano:14,Santiago_Lazcano:verified,Validated,In Jada the Tibetan women usually carry two buckets of 10kg each.
1099,tibetans,controls,camp,CentralAsia_Tibet_Vol2,CentralAsia_Tibet_Vol2.pdf,CentralAsia_Tibet_Vol2:497,CentralAsia_Tibet_Vol2:verified,Validated,most of the latter were encamped round a fire in the open air
1100,tibetans,controls,caravan,CentralAsia_Tibet_Vol2,CentralAsia_Tibet_Vol2.pdf,CentralAsia_Tibet_Vol2:491,CentralAsia_Tibet_Vol2:verified,Validated,"I left orders with the caravan to stay where they were that day, and on the following morning to proceed to the west side of the lake..."
1101,tibetans,controls,headquarters camp,CentralAsia_Tibet_Vol2,CentralAsia_Tibet_Vol2.pdf,CentralAsia_Tibet_Vol2:387,CentralAsia_Tibet_Vol2:verified,Validated,"At this I was seriously alarmed, and feared they meant to make an attack upon our headquarters camp whilst we were separated from it, and I felt strongly urged to turn back and go to my men's assistance."
1102,tibetans,controls,land of the burkhans,CentralAsia_Tibet_Vol2,CentralAsia_Tibet_Vol2.pdf,CentralAsia_Tibet_Vol2:498,CentralAsia_Tibet_Vol2:verified,Validated,"The Land of the Burkhans, the southern part of the Land of the Holy Books, is taboo to Europeans ; it is the patrimony of the Dalai Lama, a sacred land, his own peculiar property."
1103,tibetans,controls,river,CentralAsia_Tibet_Vol2,CentralAsia_Tibet_Vol2.pdf,CentralAsia_Tibet_Vol2:466,CentralAsia_Tibet_Vol2:verified,Validated,"...they threw stones at it just after it had swallowed a fish, and so forced it to disgorge."
1104,tibetans,controls,supreme affairs of tibet,Memo_Relations_with_Tibet,Memo_Relations_with_Tibet.pdf,Memo_Relations_with_Tibet:14,Memo_Relations_with_Tibet:candidate,Probable,"the supreme affairs of Tibet, and among them the control of our coming negotiations, are then in the hands of the monks..."
1105,tibetans,controls,this country,Himalayan_Gazatteer,Himalayan_Gazatteer.pdf,Himalayan_Gazatteer:55,Himalayan_Gazatteer:verified,Validated,"The nativea assert that tho Tibetans forrnerly held this oountry, and ot;tribute to them the construction of this relic."
1106,tibetans,controls,yaks and horses,CentralAsia_Tibet_Vol2,CentralAsia_Tibet_Vol2.pdf,CentralAsia_Tibet_Vol2:302,CentralAsia_Tibet_Vol2:verified,Validated,"the Tibetans had at once set to work to collect their yaks and horses, with the intention of striking camp."
1107,tibetans,depends_on,chinese and mongols,Memo_Relations_with_Tibet,Memo_Relations_with_Tibet.pdf,Memo_Relations_with_Tibet:17,Memo_Relations_with_Tibet:candidate,Validated,the Tibetans depending upon the Chinese and Mongols for temporal support : the latter depending upon the Tibetans in spiritual matters.
1108,tibetans,depends_on,daily wages,Traders_in_Highland_Nepal,Traders_in_Highland_Nepal.pdf,Traders_in_Highland_Nepal:60,Traders_in_Highland_Nepal:verified,Validated,"Many of those who arrived before or immediately after the Chinese occupation of Tibet, have acquired some land or are engaged in activities more profitable than agricultural labour."
1109,tibetans,depends_on,fresh supplies of food,CentralAsia_Tibet_Vol2,CentralAsia_Tibet_Vol2.pdf,CentralAsia_Tibet_Vol2:465,CentralAsia_Tibet_Vol2:verified,Validated,"They had clearly been to fetch fresh supplies of food, and to equip themselves for a longer campaign."
1110,tibetans,depends_on,russian support,Memo_Relations_with_Tibet,Memo_Relations_with_Tibet.pdf,Memo_Relations_with_Tibet:34,Memo_Relations_with_Tibet:candidate,Missing,"Again, in connection with these present negotiations, the Tibetan delegates told a certain Englishman that, if the worst came to the worst, they could always rely upon the Russians and Mongols for support..."
1111,tibetans,depends_on,spiritual concerns,Memo_Relations_with_Tibet,Memo_Relations_with_Tibet.pdf,Memo_Relations_with_Tibet:14,Memo_Relations_with_Tibet:candidate,Validated,"the latter, by mutual contract, take charge of all their spiritual concerns ; and the former by their labours enrich and populate the State."
1112,tibetans,disputes,british troops,Memo_Relations_with_Tibet,Memo_Relations_with_Tibet.pdf,Memo_Relations_with_Tibet:46,Memo_Relations_with_Tibet:candidate,Validated,"They came right down out of their own country, and over a high range, and deliberately took up a position in a British Feudatory State ; and there against the advice and express orders of their Chinese suzerain attacked British troops."
1113,tibetans,disputes,convention,Memo_Relations_with_Tibet,Memo_Relations_with_Tibet.pdf,Memo_Relations_with_Tibet:25,Memo_Relations_with_Tibet:candidate,Validated,From the very first it was evident that the Tibetans had no intention of observing the convention.
1114,tibetans,disputes,northern frontier of sikkim,Report_On_Tibet_1903,Report_On_Tibet_1903.pdf,Report_On_Tibet_1903:74,Report_On_Tibet_1903:candidate,Validated,"This latter frontier, however, has never been acknowledged by the Tibetans and is still a matter of dispute."
1115,tibetans,disputes,the treaty,Memo_Relations_with_Tibet,Memo_Relations_with_Tibet.pdf,Memo_Relations_with_Tibet:27,Memo_Relations_with_Tibet:verified,Validated,"they had heard of the Treaty, but that it was invalid, as it had not been signed by any Tibetan."
1116,tibetans,disputes,treaty,Memo_Relations_with_Tibet,Memo_Relations_with_Tibet.pdf,Memo_Relations_with_Tibet:25,Memo_Relations_with_Tibet:candidate,Validated,"they repudiate the Treaty and assert that it was signed by the British Government and the Chinese, and therefore they had nothing to do with it."
1117,tibetans,disputes,us,CentralAsia_Tibet_Vol2,CentralAsia_Tibet_Vol2.pdf,CentralAsia_Tibet_Vol2:387,CentralAsia_Tibet_Vol2:candidate,Validated,"Their object clearly was to inspire us with a proper degree of respect ; and in this surmise we were shortly afterwards confirmed, when they dis-mounted and began to shoot with their long black muskets."
1118,tibetans,governs,caravan,CentralAsia_Tibet_Vol2,CentralAsia_Tibet_Vol2.pdf,CentralAsia_Tibet_Vol2:497,CentralAsia_Tibet_Vol2:verified,Validated,they forbade the nomads who dwelt along its southern shore to render us any assistance
1119,tibetans,governs,district,CentralAsia_Tibet_Vol2,CentralAsia_Tibet_Vol2.pdf,CentralAsia_Tibet_Vol2:451,CentralAsia_Tibet_Vol2:verified,Validated,The chief of the district turned up with a band of soldiers...
1120,tibetans,governs,european strangers,CentralAsia_Tibet_Vol2,CentralAsia_Tibet_Vol2.pdf,CentralAsia_Tibet_Vol2:498,CentralAsia_Tibet_Vol2:candidate,Missing,"Their tactics, peaceful, but so far successful, have aimed at guarding their frontiers against Europeans, and conducting their unbidden guests politely, but firmly, out of the country."
1121,tibetans,governs,land of the burkhans,CentralAsia_Tibet_Vol2,CentralAsia_Tibet_Vol2.pdf,CentralAsia_Tibet_Vol2:498,CentralAsia_Tibet_Vol2:verified,Validated,"Their policy of isolation during the last half century or so has not been dictated by religious, but by political motives."
1122,tibetans,governs,monks and their superstitions,Memo_Relations_with_Tibet,Memo_Relations_with_Tibet.pdf,Memo_Relations_with_Tibet:12,Memo_Relations_with_Tibet:candidate,Missing,These are the chief characteristics of the Tibetans; but it will perhaps serve to fix them in mind if I give the accounts which those travellers who have lived among them give of the leading men whom they met.
1123,tibetans,governs,mountain-range,CentralAsia_Tibet_Vol2,CentralAsia_Tibet_Vol2.pdf,CentralAsia_Tibet_Vol2:309,CentralAsia_Tibet_Vol2:verified,Validated,"The Lama, who was an intelligent fellow, observed quite correctly, that this stupendous mountain-range filled the same place in the Tibetans' regards that the Arka-tagh did in the case of the people of East Turkestan, in that it served as a frontier wall to shut out the unknown and the uninhabited, and formed a dividing line which was seldom crossed except by the yak hunters."
1124,tibetans,governs,yak,CentralAsia_Tibet_Vol2,CentralAsia_Tibet_Vol2.pdf,CentralAsia_Tibet_Vol2:298,CentralAsia_Tibet_Vol2:verified,Validated,Tibetans with their yaks thus early !
1125,tibetans,licenses,"chinese, ladakis, and adjacent asiatic races",CentralAsia_Tibet_Vol2,CentralAsia_Tibet_Vol2.pdf,CentralAsia_Tibet_Vol2:499,CentralAsia_Tibet_Vol2:verified,Validated,"Chinese, Ladakis, and the adjacent Asiatic races all have free entrance into Tibet."
1126,tibetans,negotiates_with,european strangers,CentralAsia_Tibet_Vol2,CentralAsia_Tibet_Vol2.pdf,CentralAsia_Tibet_Vol2:498,CentralAsia_Tibet_Vol2:candidate,Missing,"When I said, 'I will take the southern road to Ladak,' they answered, 'There is no southern road.' When I spread the map out before them and pointed to the road, they objected, 'Well, there is a road ; but it is only for us. You may not travel through the Land of the Burkhans.'"
1127,tibetans,negotiates_with,kulans,CentralAsia_Tibet_Vol2,CentralAsia_Tibet_Vol2.pdf,CentralAsia_Tibet_Vol2:297,CentralAsia_Tibet_Vol2:verified,Validated,...the Tibetans never meddle with kulans.
1128,tibetans,negotiates_with,russians,Memo_Relations_with_Tibet,Memo_Relations_with_Tibet.pdf,,Memo_Relations_with_Tibet:not_found,Validated,"the Tibetans may be found in the fact that when Captain Lesurier met the Chinese Ambassador at Yatung in 1899, the latter told him that if the Indian government insisted on the convention boundary, as understood by us, the Tibetans would block off support from the Russians"
1129,tibetans,supplies,baggage animals,CentralAsia_Tibet_Vol2,CentralAsia_Tibet_Vol2.pdf,CentralAsia_Tibet_Vol2:414,CentralAsia_Tibet_Vol2:verified,Validated,"The Tibetans had promised to be answerable for our belongings, and sure enough they brought them up without grumbling."
1130,tibetans,supplies,mass (with powdered cheese),CentralAsia_Tibet_Vol2,CentralAsia_Tibet_Vol2.pdf,CentralAsia_Tibet_Vol2:422,CentralAsia_Tibet_Vol2:verified,Validated,"Some of them used to knead the mass with their right hand, and add powdered cheese to the concoction."
1131,tibetans,supplies,natural products,Becoming_India,Becoming_India.pdf,,Becoming_India:no_evidence,Missing,
1132,tibetans,supplies,pack-horses,CentralAsia_Tibet_Vol2,CentralAsia_Tibet_Vol2.pdf,CentralAsia_Tibet_Vol2:465,CentralAsia_Tibet_Vol2:verified,Validated,They were leading after them a large number of pack-horses.
1133,tibetans,supplies,rosaries,CentralAsia_Tibet_Vol2,CentralAsia_Tibet_Vol2.pdf,CentralAsia_Tibet_Vol2:406,CentralAsia_Tibet_Vol2:candidate,Validated,"They carried their swords in handsome silver-mounted scabbards, decorated with corals and turquoises ; silver gavcs or cases for burkkns, that is, little images of Buddha ; bracelets and rosaries ; and in the long plaits of their hair, various parti-coloured ornaments-in a word, they were decked out in the handsomest finery they possessed."
1134,tibetans,supplies,salt,Traders_in_Highland_Nepal|TransHimalayan_Traders_Fisher,Traders_in_Highland_Nepal.pdf|TransHimalayan_Traders_Fisher.pdf,Traders_in_Highland_Nepal:85|94|140|154|212|TransHimalayan_Traders_Fisher:206,Traders_in_Highland_Nepal:candidate|TransHimalayan_Traders_Fisher:verified,Validated,"The Nawas used to give mainly salt, which they obtained from Tibetans.|Thus salt is the crucial commodity which has triggered a series of transactions described here as circuits."
1135,tibetans,supplies,two sheep,CentralAsia_Tibet_Vol2,CentralAsia_Tibet_Vol2.pdf,CentralAsia_Tibet_Vol2:424,CentralAsia_Tibet_Vol2:verified,Validated,"The Tibetans also offered to give us all their surviving sheep ; but we only accepted two, they would merely have been a hindrance to us during the forced and hurried marches we intended to make after our escort left us."
1136,tibetans,taxes,goods,Memo_Relations_with_Tibet,Memo_Relations_with_Tibet.pdf,Memo_Relations_with_Tibet:25,Memo_Relations_with_Tibet:verified,Validated,"The Tibetans, though abiding by the letter of the convention, charged a duty of l o per cent."
1137,tibetans,trades_with,caterpillar fungus,Salt_routes_and_barter_caravans_in_the_H,Salt_routes_and_barter_caravans_in_the_H.pdf,,Salt_routes_and_barter_caravans_in_the_H:no_evidence,Missing,
1138,tibetans,trades_with,"cloth, chinese porcelain cups, and knives",CentralAsia_Tibet_Vol2,CentralAsia_Tibet_Vol2.pdf,CentralAsia_Tibet_Vol2:423,CentralAsia_Tibet_Vol2:verified,Validated,"Cloth, Chinese porcelain cups, and knives were the most advantageous commodities for barter in that part of the world."
1139,tibetans,trades_with,lzang (about ;68 6s),CentralAsia_Tibet_Vol2,CentralAsia_Tibet_Vol2.pdf,CentralAsia_Tibet_Vol2:422,CentralAsia_Tibet_Vol2:candidate,Missing,"For a sword in a silver mounted scabbard, studded with turquoises and coral, they demanded 50 lzang (about ;68 6s.)"
1140,tibetans,trades_with,pass in the east,CentralAsia_Tibet_Vol2,CentralAsia_Tibet_Vol2.pdf,CentralAsia_Tibet_Vol2:343,CentralAsia_Tibet_Vol2:verified,Validated,"Whilst I was asleep they had seen three Tibetans, who came over a pass in the east, and rode past our camp towards the north-west."
1141,tibetans,trades_with,russians,Memo_Relations_with_Tibet,Memo_Relations_with_Tibet.pdf,,Memo_Relations_with_Tibet:not_found,Validated,"...and so obstinate is the attitude they have taken up in these negotiations that lie, the means of knowing whether Russian support can be relied upon, he is convinced they must be assured in their own minds..."
1142,tibetans,trades_with,salt,Traders_in_Highland_Nepal,Traders_in_Highland_Nepal.pdf,Traders_in_Highland_Nepal:141,Traders_in_Highland_Nepal:verified,Validated,"In Sar, a village inside Tibet some thirty-five miles north-east of Ritak, he sold paper, ink and dyes, and bought salt, wool and woollen cloth."
1143,tibetans,trades_with,taralis,Traders_in_Highland_Nepal,Traders_in_Highland_Nepal.pdf,Traders_in_Highland_Nepal:239,Traders_in_Highland_Nepal:verified,Validated,"According to information obtained in Tarakot there used to be a rule that Taralis were not allowed to go further north than Do, Mukot and Tsharka, and that they were not to trade directly with Tibetans."
1144,tibetans,trades_with,tea-caravan,CentralAsia_Tibet_Vol2,CentralAsia_Tibet_Vol2.pdf,CentralAsia_Tibet_Vol2:420,CentralAsia_Tibet_Vol2:verified,Validated,"Every horse had a jingling bell round its neck, and the monotonous tinkle, tinkle had a very drowsy effect upon me."
1145,tibrikot,trades_with,indian salt,Traders_in_Highland_Nepal,Traders_in_Highland_Nepal.pdf,Traders_in_Highland_Nepal:252,Traders_in_Highland_Nepal:verified,Validated,"Traders of Sallyana purchased such salt in Nepalganj close to the railhead at the Indian frontier, transported it to Jajarkot, from where enterprising local traders brought it to Tibrikot and exchanged it for carpets and woollen blankets."
1146,tibrikot,trades_with,jagarkot,Traders_in_Highland_Nepal,Traders_in_Highland_Nepal.pdf,Traders_in_Highland_Nepal:252,Traders_in_Highland_Nepal:verified,Validated,"But the rate at Jajarkot has radically changed, and in 1966 1 measure of salt was worth only an equal quantity of rice."
1147,tibrikot,trades_with,murwa,Traders_in_Highland_Nepal,Traders_in_Highland_Nepal.pdf,Traders_in_Highland_Nepal:251,Traders_in_Highland_Nepal:candidate,Validated,"In 1966, 1 measure of salt was bartered in Murwa for 2 of maize or buckwheat flour, or 1/2 of wa-barley, or 1 of rice."
1148,tibrikot,trades_with,tibet,Traders_in_Highland_Nepal,Traders_in_Highland_Nepal.pdf,Traders_in_Highland_Nepal:234,Traders_in_Highland_Nepal:candidate,Validated,"Trade with Tibet, which in 1962 had come to an almost complete stop, had revived sufficiently to permit the resumption of the far-flung barter system by which Tibetan salt reaches the middle-ranges of Nepal."
1149,tichurong,depends_on,malla kings,TransHimalayan_Traders_Fisher,TransHimalayan_Traders_Fisher.pdf,TransHimalayan_Traders_Fisher:42,TransHimalayan_Traders_Fisher:verified,Validated,"From Tucci (1956, 1962) we learn that in the thirteenth and fourteenth centuries, west Tibet and a sizable chunk of western Nepal-almost certainly including the valley of Tichurong-were united under the Malla kings, whose two capitals were located at Sinja, northwest of Jumla, and at Taklakot, in western Tibet."
1150,tichurong,governs,dolpo district,TransHimalayan_Traders_Fisher,TransHimalayan_Traders_Fisher.pdf,TransHimalayan_Traders_Fisher:35,TransHimalayan_Traders_Fisher:verified,Validated,"Tarangpur is in fact one of the largest villages in Dolpo District, and a political and economic center as well."
1151,tichurong people,trades_with,rice,TransHimalayan_Traders_Fisher,TransHimalayan_Traders_Fisher.pdf,,TransHimalayan_Traders_Fisher:no_evidence,Validated,...it is exchanged for rice.
1152,tichurong people,trades_with,salt,TransHimalayan_Traders_Fisher,TransHimalayan_Traders_Fisher.pdf,TransHimalayan_Traders_Fisher:103,TransHimalayan_Traders_Fisher:verified,Validated,"Tichurong people most commonly trade buckwheat and chinu millet for salt, ..."
1153,tika ruder sen,governs,state's administration,Becoming_India,Becoming_India.pdf,,Becoming_India:no_evidence,Probable,
1154,tobacco,trades_with,government personnel,TransHimalayan_Traders_Fisher,TransHimalayan_Traders_Fisher.pdf,,TransHimalayan_Traders_Fisher:no_evidence,Validated,"to government personnel, 125"
1155,togdasin,controls,horse,CentralAsia_Tibet_Vol1,CentralAsia_Tibet_Vol1.pdf,CentralAsia_Tibet_Vol1:637,CentralAsia_Tibet_Vol1:verified,Validated,"I gave him his own horse, which I had just bought from him, and sent him to Islam Bai with a message."
1156,togdasin,trades_with,islam bai,CentralAsia_Tibet_Vol1,CentralAsia_Tibet_Vol1.pdf,CentralAsia_Tibet_Vol1:637,CentralAsia_Tibet_Vol1:verified,Validated,"He promised to be there in two days, and was instructed to tell Islam Bai to meet us with fifteen horses and a goodly supply of provisions at the springs of Supa- alik, two days west of Temirlik, in the Chimen valley."
1157,toktamet beg,disputes,robbers,CentralAsia_Tibet_Vol1,CentralAsia_Tibet_Vol1.pdf,CentralAsia_Tibet_Vol1:342,CentralAsia_Tibet_Vol1:candidate,Missing,"One of them, who had a dram knife in his hand, threatened to kill Toktamem if he offered any resistance."
1158,tonga,trades_with,river,CentralAsia_Tibet_Vol2,CentralAsia_Tibet_Vol2.pdf,CentralAsia_Tibet_Vol2:632,CentralAsia_Tibet_Vol2:verified,Validated,"On the right was a precipice, dropping sheer into the river..."
1159,trade,trades_with,pastoral and forest products for goods required by the pastoralists and peasants,Becoming_India,Becoming_India.pdf,,Becoming_India:no_evidence,Validated,
1160,traders,depends_on,availability of a reasonable amount of cash,Traders_in_Highland_Nepal,Traders_in_Highland_Nepal.pdf,Traders_in_Highland_Nepal:334,Traders_in_Highland_Nepal:verified,Validated,"A weekly market of the type now established at Namche Bazar depends for its operation on the availability of a reasonable amount of cash, and it would seem that in many parts of the northern borderlands the money in circulation is not sufficient to meet this condition."
1161,traders,trades_with,cash crops and pastoral goods,Becoming_India,Becoming_India.pdf,,Becoming_India:no_evidence,Validated,
1162,traders,trades_with,kamali zone,Traders_in_Highland_Nepal,Traders_in_Highland_Nepal.pdf,,Traders_in_Highland_Nepal:no_evidence,Validated,Traders of the Kamali Zone
1163,traders,trades_with,salt and wool,Ladakh,Ladakh.pdf,,Ladakh:no_evidence,Validated,
1164,traders,trades_with,tibetan salt,Traders_in_Highland_Nepal,Traders_in_Highland_Nepal.pdf,Traders_in_Highland_Nepal:298,Traders_in_Highland_Nepal:verified,Validated,"Wherever they camp, be it only for a day, men spin and tease wool and women set up looms on which they weave blankets of the wool of their own sheep as well as cloth of the finer wool of chiang-lu obtained from Tibet."
1165,traders,trades_with,woolen goods,TransHimalayan_Traders_Fisher,TransHimalayan_Traders_Fisher.pdf,TransHimalayan_Traders_Fisher:124,TransHimalayan_Traders_Fisher:verified,Validated,Transactions in woolen goods are so variable and dependent on ...
1166,traders,transports_via,salt and livestock products,Santiago_Lazcano,Santiago_Lazcano.pdf,Santiago_Lazcano:9,Santiago_Lazcano:verified,Validated,"Salt from the lakes was transported along with other livestock products loaded on yaks, sheep or camels to the agricultural areas, where it was exchanged for the coveted grain."
1167,traders from baragaon,trades_with,dolpo,Traders_in_Highland_Nepal,Traders_in_Highland_Nepal.pdf,Traders_in_Highland_Nepal:225,Traders_in_Highland_Nepal:verified,Validated,Many traders from Baragaon take only cash and a few small articles of little weight to Dolpo.
1168,traders from baragaon,trades_with,solu,Traders_in_Highland_Nepal,Traders_in_Highland_Nepal.pdf,Traders_in_Highland_Nepal:225,Traders_in_Highland_Nepal:verified,Validated,The traders travelled via Pokhara and Kathmandu to Solu and there they bought from the local Sherpas up to forty cross-breeds at a time.
1169,traders from the plains,negotiates_with,the narrow mountain paths,Becoming_India,Becoming_India.pdf,,Becoming_India:no_evidence,Validated,
1170,traders from two villages,transports_via,indian salt,HUMLA_NEPAL,HUMLA_NEPAL.pdf,,HUMLA_NEPAL:no_evidence,Probable,
1171,traders from two villages,transports_via,tibetan salt,HUMLA_NEPAL,HUMLA_NEPAL.pdf,,HUMLA_NEPAL:no_evidence,Probable,
1172,traders of solu,trades_with,namche bazar,Traders_in_Highland_Nepal,Traders_in_Highland_Nepal.pdf,Traders_in_Highland_Nepal:80,Traders_in_Highland_Nepal:verified,Validated,Traders of Solu brought the iron as far as Namche Bazar employing Tamangs and Solu Sherpas as porters.
1173,traders of the kamali zone,trades_with,cotton textiles and manufactured goods,Traders_in_Highland_Nepal,Traders_in_Highland_Nepal.pdf,Traders_in_Highland_Nepal:268,Traders_in_Highland_Nepal:verified,Validated,"From there they descend to the Terai where they peddle medicinal herbs collected in the high hills, and with the cash received from such sales as well as from the earlier sale of salt, they purchase cotton textiles and other manufactured goods."
1174,traders of the kamali zone,trades_with,tibet,Traders_in_Highland_Nepal,Traders_in_Highland_Nepal.pdf,Traders_in_Highland_Nepal:267,Traders_in_Highland_Nepal:verified,Validated,The Bhotias obtain salt and wool from Tibet...
1175,traders of the kamali zone,trades_with,tibetan salt,Traders_in_Highland_Nepal,Traders_in_Highland_Nepal.pdf,Traders_in_Highland_Nepal:268,Traders_in_Highland_Nepal:candidate,Validated,"The men of Uthu, a village of Matwali Chetris, regularly visit Mugu, where they barter rice and other grain for Tibetan salt;"
1176,traders of the karnali zone,trades_with,nepalese grain for tibetan salt,Traders_in_Highland_Nepal,Traders_in_Highland_Nepal.pdf,Traders_in_Highland_Nepal:283,Traders_in_Highland_Nepal:candidate,Probable,"The basic elements of the exchange of Nepalese grain 'for' Tibetan salt are simple, but the marketing of the two commodities is complicated by the number of agents involved..."
1177,traders of the karnali zone,trades_with,nepalis,Traders_in_Highland_Nepal,Traders_in_Highland_Nepal.pdf,Traders_in_Highland_Nepal:266,Traders_in_Highland_Nepal:candidate,Missing,"We heard these names in Sinja, and started using them when we talk to Nepalis."
1178,traders of the panchsati group,trades_with,terai,Traders_in_Highland_Nepal,Traders_in_Highland_Nepal.pdf,Traders_in_Highland_Nepal:291,Traders_in_Highland_Nepal:candidate,Probable,Journeys to the middle-ranges and the Terai form an integral part of their operations.
1179,trail1,governs,land revenue of assigned villages,British_Garhwal,British_Garhwal.pdf,British_Garhwal:112,British_Garhwal:candidate,Missing,"The management was placed under a local agency, but the system proved a failure and the control of the funds was transferred to the district officer, with whom it still remains."
1180,traill,governs,roads to the sacred places,Himalayan_Gazatteer,Himalayan_Gazatteer.pdf,,Himalayan_Gazatteer:not_found,Validated,"Accordingly, having for a few years allowed the surplus funds to accumulate, in 1817-28 he commissioned, through the landholders, the roads from Hardwk to B;tdrinLtb..."
1181,traill,supplies,roads to both templea,Himalayan_Gazatteer,Himalayan_Gazatteer.pdf,Himalayan_Gazatteer:319,Himalayan_Gazatteer:candidate,Probable,The surplus proceeds of the assigned revenues of both the Keddrn~th and Badrinlith temples should be devoted to the formation and repair of good roads to both the templea...
1182,trans-himalayan traders,negotiates_with,tibetan partners in tibet,Traders_in_Highland_Nepal,Traders_in_Highland_Nepal.pdf,Traders_in_Highland_Nepal:20|286|341,Traders_in_Highland_Nepal:candidate,Probable,they and their former trading partners in Tibet require.
1183,trans-himalayan traders,trades_with,tibetan salt,Traders_in_Highland_Nepal,Traders_in_Highland_Nepal.pdf,Traders_in_Highland_Nepal:341,Traders_in_Highland_Nepal:verified,Validated,the trans-Himalayan trade in salt and grain.
1184,travellers,depends_on,roads,CentralAsia_Tibet_Vol1,CentralAsia_Tibet_Vol1.pdf,CentralAsia_Tibet_Vol1:389|499,CentralAsia_Tibet_Vol1:candidate,Validated,"Without them, they could not find their way to the springs and grazing-grounds;"
1185,treaty of tingmosgang,governs,trade,Ladakh,Ladakh.pdf,,Ladakh:no_evidence,Validated,
1186,tsd-tahk,extracts_from,lake,Himalayan_Gazatteer,Himalayan_Gazatteer.pdf,Himalayan_Gazatteer:173,Himalayan_Gazatteer:candidate,Missing,"The lake is almost connected with a larger one, the Nagong-cho..."
1187,tsharka men,transports_via,tibetan salt and butter,Traders_in_Highland_Nepal,Traders_in_Highland_Nepal.pdf,Traders_in_Highland_Nepal:213,Traders_in_Highland_Nepal:verified,Validated,"When going to Tukche with yak carrying salt, traders also took some yak without loads..."
1188,tsiring tensing,supplies,260 young goats,Traders_in_Highland_Nepal,Traders_in_Highland_Nepal.pdf,Traders_in_Highland_Nepal:230,Traders_in_Highland_Nepal:verified,Validated,With the money obtained he bought 260 young goats in Tibet
1189,tsiring tensing,trades_with,thakalis,Traders_in_Highland_Nepal,Traders_in_Highland_Nepal.pdf,Traders_in_Highland_Nepal:230,Traders_in_Highland_Nepal:verified,Validated,"He also borrowed again from wealthy Thakalis and used the loans to trade in yak, sheep and wool."
1190,tukche,depends_on,irrigation,Traders_in_Highland_Nepal,Traders_in_Highland_Nepal.pdf,Traders_in_Highland_Nepal:192,Traders_in_Highland_Nepal:verified,Validated,So arid is the habitat of nearly all the western Bhotias and most Thakalis that cultivation is possible only on irrigated land.
1191,tukche,governs,trade,Traders_in_Highland_Nepal,Traders_in_Highland_Nepal.pdf,Traders_in_Highland_Nepal:160,Traders_in_Highland_Nepal:verified,Validated,The leading men of Tukche have long been in a dominant position and able to pay for the services of people from other villages.
1192,tukuche,trades_with,village,Salt_routes_and_barter_caravans_in_the_H,Salt_routes_and_barter_caravans_in_the_H.pdf,,Salt_routes_and_barter_caravans_in_the_H:no_evidence,Validated,
1193,turdu bai,controls,boat,CentralAsia_Tibet_Vol2,CentralAsia_Tibet_Vol2.pdf,CentralAsia_Tibet_Vol2:63,CentralAsia_Tibet_Vol2:verified,Validated,Turdu Bai went back to Temirlik with the boat.
1194,turdu bai,governs,camels,CentralAsia_Tibet_Vol2,CentralAsia_Tibet_Vol2.pdf,CentralAsia_Tibet_Vol2:207,CentralAsia_Tibet_Vol2:verified,Validated,"Turdu Bai was the captain of the camels, and answerable for their condition."
1195,turdu bai,supplies,camels,CentralAsia_Tibet_Vol1,CentralAsia_Tibet_Vol1.pdf,CentralAsia_Tibet_Vol1:266,CentralAsia_Tibet_Vol1:verified,Validated,"Turdu Bai and Faisullah took charge of the camels, one ef them being always on watch whilst the animals were out grazing."
1196,upadhya brahmans,trades_with,acham,Traders_in_Highland_Nepal,Traders_in_Highland_Nepal.pdf,Traders_in_Highland_Nepal:295,Traders_in_Highland_Nepal:verified,Validated,"Five out of seven Upadhya households trade with Taklakot and also with Acham, transporting grain and salt on dzo as well as on sheep."
1197,upadhya brahmans,trades_with,taklakot,Traders_in_Highland_Nepal,Traders_in_Highland_Nepal.pdf,Traders_in_Highland_Nepal:295,Traders_in_Highland_Nepal:verified,Validated,"Five out of seven Upadhya households trade with Taklakot and also with Acham, transporting grain and salt on dzo as well as on sheep."
1198,urken,trades_with,tibet,Traders_in_Highland_Nepal,Traders_in_Highland_Nepal.pdf,Traders_in_Highland_Nepal:89,Traders_in_Highland_Nepal:candidate,Validated,"Urken, a trader of Namche Bazar, had taken 140 male cross-breeds to Tibet and 120 of them had died on the way from an epidemic."
1199,village,controls,soil,Himalayan_Gazatteer,Himalayan_Gazatteer.pdf,Himalayan_Gazatteer:333,Himalayan_Gazatteer:candidate,Validated,"practically, therefore, the latter, if found to be rightfully claimants of the title klrayak~rr, whether as ex-thotwanr or as uninterfered with and nc. cessary cultivators, are kept in possession so long as they pay their quota of the government revenue, plus a small amount of malikdnu..."
1200,village,depends_on,irrigation channels,Traders_in_Highland_Nepal,Traders_in_Highland_Nepal.pdf,Traders_in_Highland_Nepal:193,Traders_in_Highland_Nepal:verified,Validated,"The member of a village-community in Dolpo or Lo cannot construct new fields without affecting by their irrigation, the supplies reaching other already existing fields."
1201,village,governs,plowing techniques,TransHimalayan_Traders_Fisher,TransHimalayan_Traders_Fisher.pdf,TransHimalayan_Traders_Fisher:96,TransHimalayan_Traders_Fisher:candidate,Validated,They never experiment with any of these features themselves.
1202,village,supplies,irrigation channels,Traders_in_Highland_Nepal,Traders_in_Highland_Nepal.pdf,Traders_in_Highland_Nepal:193,Traders_in_Highland_Nepal:verified,Validated,"The member of a village-community in Dolpo or Lo cannot construct new fields without affecting by their irrigation, the supplies reaching other already existing fields."
1203,village,supplies,labour,J&K_Gazatteer_1909,J&K_Gazatteer_1909.pdf,J&K_Gazatteer_1909:56,J&K_Gazatteer_1909:candidate,Validated,The mirZb--one of the villagers-whose duty was to see to repairs and to call out labour.
1204,village,supplies,the corn,Becoming_India,Becoming_India.pdf,,Becoming_India:no_evidence,Validated,
1205,village,trades_with,other villages,TransHimalayan_Traders_Fisher,TransHimalayan_Traders_Fisher.pdf,TransHimalayan_Traders_Fisher:37,TransHimalayan_Traders_Fisher:verified,Validated,The following households engaged in some form of long-distance trade during 1968-1969: ...
1206,village,trades_with,wealthier villagers,TransHimalayan_Traders_Fisher,TransHimalayan_Traders_Fisher.pdf,TransHimalayan_Traders_Fisher:72,TransHimalayan_Traders_Fisher:verified,Validated,"People so poor that their grain stocks do not last from one harvest to another do not have to beg for food from wealthier villagers, for which they traditionally had to give several days labor per muri (ca. 2.4 bushels) of grain."
1207,village deity,governs,servile groups,Becoming_India,Becoming_India.pdf,,Becoming_India:no_evidence,Probable,
1208,village-community,governs,irrigation channels,Traders_in_Highland_Nepal,Traders_in_Highland_Nepal.pdf,Traders_in_Highland_Nepal:193,Traders_in_Highland_Nepal:candidate,Validated,"In Tetang and many other villages of Baragaon the construction of irrigation channels is organized by elected village officials, the rolwa..."
1209,village-officials (rolwa),licenses,irrigation channels,Traders_in_Highland_Nepal,Traders_in_Highland_Nepal.pdf,Traders_in_Highland_Nepal:193,Traders_in_Highland_Nepal:candidate,Probable,"In Tetang and many other villages of Baragaon the construction of irrigation channels is organized by elected village officials, the rolwa..."
1210,villages,controls,"ordinary goats, sheep, and cows",Ladakh,Ladakh.pdf,,Ladakh:no_evidence,Probable,
1211,villages,depends_on,"land, cattle or ahle to collect leaves from a forest",Himalayan_Gazatteer,Himalayan_Gazatteer.pdf,Himalayan_Gazatteer:381,Himalayan_Gazatteer:candidate,Missing,...a village with inferior land and possessing a good herd of cattle or ahle to collect leaves from a forest will have fuller crop than a village with superior land...
1212,villages,depends_on,weir,J&K_Gazatteer_1909,J&K_Gazatteer_1909.pdf,J&K_Gazatteer_1909:56,J&K_Gazatteer_1909:candidate,Validated,All villages which depend for their irrigation on a certain weir are obliged to assist in its construction and repair.
1213,villages,supplies,"baggage, ailinlals, and supplies",J&K_Gazatteer_1909,J&K_Gazatteer_1909.pdf,J&K_Gazatteer_1909:114,J&K_Gazatteer_1909:candidate,Probable,"The villages of each Kadir are made responsible for furnishing baggage, ailinlals, and supplies in turn, and according to the capacity of each village to the stages situated within the limits of the Ki~diri."
1214,villages near the road,supplies,"wood, milk, vegetables",British_Garhwal,British_Garhwal.pdf,British_Garhwal:80,British_Garhwal:verified,Validated,"wood, milk, vegetables are also supplied by villages near the road at equally profitable prices."
1215,walongchung,controls,trade with tibet,Traders_in_Highland_Nepal,Traders_in_Highland_Nepal.pdf,Traders_in_Highland_Nepal:154,Traders_in_Highland_Nepal:candidate,Validated,"Much of the trade with Tibet, which used to be the life-blood of the community has now dried up, and to make things worse, large numbers of armed Khambas fleeing from Tibet invaded the region, and endangered the life and property of the old inhabitants."
1216,walongchung,depends_on,food supplies purchased from other populations,Traders_in_Highland_Nepal,Traders_in_Highland_Nepal.pdf,Traders_in_Highland_Nepal:146,Traders_in_Highland_Nepal:candidate,Probable,"apart from their small vegetable plots they have no cultivation, and depend entirely on food supplies purchased from other popula-tions..."
1217,walongchung,depends_on,trade,Traders_in_Highland_Nepal,Traders_in_Highland_Nepal.pdf,Traders_in_Highland_Nepal:150,Traders_in_Highland_Nepal:verified,Validated,While Walongchung depended for its prosperity entirely on trade...
1218,walongchung,governs,trade between india and tibet,Traders_in_Highland_Nepal,Traders_in_Highland_Nepal.pdf,Traders_in_Highland_Nepal:145,Traders_in_Highland_Nepal:verified,Validated,No doubt by that time they had come to acknowledge the authority of the government of Nepal but their role as middlemen in the trade between India and Tibet had remained unchanged.
1219,walongchung,governs,trade in cross-breeds,Traders_in_Highland_Nepal,Traders_in_Highland_Nepal.pdf,,Traders_in_Highland_Nepal:not_found,Validated,Among the valuables given by the Tibetans in exchange semi-precious stones and various ornaments were mentioned. It seems that such articles are still obtainable from individual Tibetans and ultimately find their way to the tourist market in India and Kathmandu.
1220,walongchung,supplies,grain and cloth,Traders_in_Highland_Nepal,Traders_in_Highland_Nepal.pdf,Traders_in_Highland_Nepal:154,Traders_in_Highland_Nepal:verified,Validated,"The Walongchung Bhotias go across the Tipta pass to a Tibetan village called Riu, and there they sell grain and some Tibetan-style clothes obtained from Kalimpong, and purchase salt and small quantities of wool."
1221,water,supplies,fields,British_Garhwal,British_Garhwal.pdf,British_Garhwal:40,British_Garhwal:candidate,Validated,"Water is brought into the fields from moderately small rivulets by means of channels called yula, cut along the contour line of the hill."
1222,wazeers,extracts_from,peasants,Becoming_India,Becoming_India.pdf,,Becoming_India:no_evidence,Validated,
1223,wazeers,governs,raja,Becoming_India,Becoming_India.pdf,,Becoming_India:no_evidence,Validated,
1224,wazir,governs,central asian trade,J&K_Gazatteer_1909,J&K_Gazatteer_1909.pdf,J&K_Gazatteer_1909:114,J&K_Gazatteer_1909:verified,Validated,One of the chief functions of the Wazir is the supervision of the Central Asian trade which passes through Leh.
1225,wazir,governs,land,Mandi_Gazatteer,Mandi_Gazatteer.pdf,Mandi_Gazatteer:65,Mandi_Gazatteer:candidate,Validated,"The wa,z{rs had full powers in all cases relating to land: they could authorize the breaking up of waste, effect partition, assess fluctuating revenue, arrest cultivators who failed to pay their revenue punctually, attach their crops and inflict minor penalties."
1226,wazir wazrat,governs,ladakh,J&K_Gazatteer_1909,J&K_Gazatteer_1909.pdf,J&K_Gazatteer_1909:114,J&K_Gazatteer_1909:candidate,Missing,"Ladakh is in the charge of a Wazir WazZrat, who is responsible for Baltistan and the three tahsilas of Ladakh, Kargil, and etc."
1227,we,trades_with,food,CentralAsia_Tibet_Vol1,CentralAsia_Tibet_Vol1.pdf,CentralAsia_Tibet_Vol1:591,CentralAsia_Tibet_Vol1:verified,Validated,and our catch was barely sufficient for one meal.
1228,we,trades_with,tibetans,TransHimalayan_Traders_Fisher,TransHimalayan_Traders_Fisher.pdf,TransHimalayan_Traders_Fisher:23,TransHimalayan_Traders_Fisher:verified,Validated,"We also paid off the Tibetans, and I belatedly regretted my earlier agreement to pay them at half-rate for their empty-handed return to Pokhara."
1229,we (pilgrims),negotiates_with,nomad camp or mounted men,CentralAsia_Tibet_Vol2,CentralAsia_Tibet_Vol2.pdf,CentralAsia_Tibet_Vol2:326,CentralAsia_Tibet_Vol2:candidate,Probable,"Not that we were now anxious to shun them ; on the contrary, if we came across a nomad camp, or mounted men, we should first endeavour to get 0rdek away unperceived, so that he might return to Camp no. XLIV., and then, like the honest pilgrims we were, we should ride straight towards them."
1230,we (pilgrims),supplies,animals,CentralAsia_Tibet_Vol2,CentralAsia_Tibet_Vol2.pdf,CentralAsia_Tibet_Vol2:329,CentralAsia_Tibet_Vol2:verified,Validated,"We did not want to tire our animals too much, and it began to be time to think of stopping ; but it was no use looking for fresh water anywhere near the salt lake."
1231,western himalayas,governs,high caste groups from the plains,Becoming_India,Becoming_India.pdf,,Becoming_India:no_evidence,Validated,
1232,wheat,depends_on,irrigation,J&K_Gazatteer_1909,J&K_Gazatteer_1909.pdf,J&K_Gazatteer_1909:65,J&K_Gazatteer_1909:verified,Validated,"The land is neither manured nor weeded, and as a rule no irrigation is given."
1233,wolves,disputes,sheep,CentralAsia_Tibet_Vol1,CentralAsia_Tibet_Vol1.pdf,CentralAsia_Tibet_Vol1:523,CentralAsia_Tibet_Vol1:verified,Validated,The wolves had planned their attack so cunningly that the dogs heard nothing of it.
1234,women,depends_on,irrigation,J&K_Gazatteer_1909,J&K_Gazatteer_1909.pdf,J&K_Gazatteer_1909:52|117,J&K_Gazatteer_1909:candidate,Validated,Cultivation depends on irrigation ; and where water is plentiful excellent crops are raised.
1235,women,governs,freedom of action,Traders_in_Highland_Nepal,Traders_in_Highland_Nepal.pdf,Traders_in_Highland_Nepal:314,Traders_in_Highland_Nepal:candidate,Validated,"All those men who have undergone the initiation rite which entitles them to the wearing of the sacred thread (janai) observe strict dietary rules avoiding the eating of beef, pork, chicken and eggs and the drinking of all types of alcoholic beverages, and do not accept cooked food from the hands of anyone of a status other than that of Brahmans and Thakuris. There are equally rigid rules restricting the freedom of action of women."
1236,women,licenses,village boundaries,Becoming_India,Becoming_India.pdf,,Becoming_India:no_evidence,Validated,
1237,wool,trades_with,labour,Traders_in_Highland_Nepal,Traders_in_Highland_Nepal.pdf,Traders_in_Highland_Nepal:98,Traders_in_Highland_Nepal:verified,Validated,A man who had brought wool from Tibet and was anxious to process it quickly might call several women who already owed his household some labour because his wife or daughter had worked in their house.
1238,wool,trades_with,other regions,TransHimalayan_Traders_Fisher,TransHimalayan_Traders_Fisher.pdf,TransHimalayan_Traders_Fisher:254,TransHimalayan_Traders_Fisher:verified,Validated,"traded, 106-110, 111, 115, 125, 185, 186"
1239,wool of the pastoralists,trades_with,cash instead of cloth,Becoming_India,Becoming_India.pdf,,Becoming_India:no_evidence,Probable,
1240,xirab,transports_via,salt,Santiago_Lazcano,Santiago_Lazcano.pdf,Santiago_Lazcano:34,Santiago_Lazcano:candidate,Missing,"'Tibet's last caravan with transporting salt III - Salt languague and the caravan', in: China's Tibet, 2006.3 (Vol."
1241,yak,extracts_from,top of the promontory,CentralAsia_Tibet_Vol2,CentralAsia_Tibet_Vol2.pdf,CentralAsia_Tibet_Vol2:602,CentralAsia_Tibet_Vol2:verified,Validated,"M'hen they reached the top, fifteen of them were unloaded, and brought back to fetch my boxes, tents and other baggage ; which they took right over to the next camp on the other side."
1242,yak,supplies,butter,Ladakh,Ladakh.pdf,,Ladakh:no_evidence,Validated,
1243,yak,supplies,hair,Ladakh,Ladakh.pdf,,Ladakh:no_evidence,Validated,
1244,yak,supplies,meat,Ladakh,Ladakh.pdf,,Ladakh:no_evidence,Validated,
1245,yak,supplies,milk,Ladakh,Ladakh.pdf,,Ladakh:no_evidence,Validated,
1246,yak,trades_with,tsos,CentralAsia_Tibet_Vol2,CentralAsia_Tibet_Vol2.pdf,CentralAsia_Tibet_Vol2:543,CentralAsia_Tibet_Vol2:candidate,Validated,"We received in this part of the country eight tsos in exchange for one liang or tael (about 9.) of Chinese silver, a transaction in which we were, of course, cheated."
1247,yak,transports_via,barley,Salt_routes_and_barter_caravans_in_the_H,Salt_routes_and_barter_caravans_in_the_H.pdf,,Salt_routes_and_barter_caravans_in_the_H:no_evidence,Validated,
1248,yak-caravan,trades_with,tibetans,CentralAsia_Tibet_Vol2,CentralAsia_Tibet_Vol2.pdf,CentralAsia_Tibet_Vol2:574,CentralAsia_Tibet_Vol2:verified,Validated,"The yak-caravan, with its whistling, singing escort, and Shagdur carrying on a lively and playful conversation with them."
1249,yamdu tsering,supplies,yak,CentralAsia_Tibet_Vol2,CentralAsia_Tibet_Vol2.pdf,CentralAsia_Tibet_Vol2:535,CentralAsia_Tibet_Vol2:candidate,Validated,"Summoning Yamdu Tsering, therefore, I told him, that the time was come for him to provide us with the yaks which the Dalai Lama had promised ; and he at once undertook to supply them without loss of time."
1250,yari,governs,its own village,Traders_in_Highland_Nepal,Traders_in_Highland_Nepal.pdf,Traders_in_Highland_Nepal:285,Traders_in_Highland_Nepal:verified,Validated,"Unlike the Bhotias of the villages lying further south and at a lesser elevation, the Yari people spend most of the year in their own village, and do not move to the middle-ranges during the cold season."
1251,yari,supplies,butter,Traders_in_Highland_Nepal,Traders_in_Highland_Nepal.pdf,Traders_in_Highland_Nepal:286,Traders_in_Highland_Nepal:candidate,Validated,Their consumption of butter in tea and its ritual use in butter-lamps exceeds production.
1252,yari,supplies,lower humla,Traders_in_Highland_Nepal,Traders_in_Highland_Nepal.pdf,Traders_in_Highland_Nepal:285,Traders_in_Highland_Nepal:verified,Validated,"The Yari people pay for this not only in Tibetan salt, but also by the sale of livestock. They breed dzo and sell them to Purangbas as well as to Byansis and to Hindu villages of lower Humla north of the Margor pass, such as Thali and Ripa."
1253,yari,trades_with,taklakot,Traders_in_Highland_Nepal,Traders_in_Highland_Nepal.pdf,Traders_in_Highland_Nepal:285,Traders_in_Highland_Nepal:verified,Validated,"From the end of May until snow blocks the Nara pass, which normally is open until December, they make several journeys to Taklakot, where they sell grain and buy salt, wool, sheep, Chinese cloth, matches and cigarettes."
1254,yari,trades_with,tibet and the people of lower humla,Traders_in_Highland_Nepal,Traders_in_Highland_Nepal.pdf,Traders_in_Highland_Nepal:286,Traders_in_Highland_Nepal:candidate,Probable,"...they are not self-sufficient in grain, but can meet their requirements by trade with Tibet and the people of lower Humla."
1255,yari people,trades_with,villagers of lower humla,Traders_in_Highland_Nepal,Traders_in_Highland_Nepal.pdf,Traders_in_Highland_Nepal:285,Traders_in_Highland_Nepal:verified,Validated,"Many Yari people frequent the marts at Yalbang, Saina and Chala (see p. 256), and there barter salt for grain and occasionally butter."
1256,younger men,trades_with,modem developments in tourism and mountaineering,Traders_in_Highland_Nepal,Traders_in_Highland_Nepal.pdf,Traders_in_Highland_Nepal:120,Traders_in_Highland_Nepal:verified,Validated,who see their future in the development of tourism and want to sell their labour at the highest possible rate.
1257,zanskaris,trades_with,grain with rupshu chang-pa for salt,Ladakh,Ladakh.pdf,,Ladakh:no_evidence,Probable,
1258,zhao erfeng,controls,bathang,Santiago_Lazcano,Santiago_Lazcano.pdf,Santiago_Lazcano:18,Santiago_Lazcano:verified,Validated,In June 1905 Qing officer Zhao Erfeng was sent from Chengdu to Bathang to restore order.
1259,zhao erfeng,governs,salt,Santiago_Lazcano,Santiago_Lazcano.pdf,Santiago_Lazcano:19,Santiago_Lazcano:candidate,Validated,"In 1910, after trying with little success to implement the lijin system that taxed the transportation of salt..."
1260,zhao erfeng,taxes,salt,Santiago_Lazcano,Santiago_Lazcano.pdf,Santiago_Lazcano:18,Santiago_Lazcano:verified,Validated,After they returned to the salt pans Zhao was still not satisfied with the taxes obtained...
1261,zhao erfeng,taxes,tsakalho salt taxes,Santiago_Lazcano,Santiago_Lazcano.pdf,Santiago_Lazcano:18,Santiago_Lazcano:verified,Validated,Zhao knew that if he was to achieve his goals he could not pass up such a substantial source of revenue as that provided by the Tsakalho salt taxes.
